THE AMW LEGACY — UNIVERSAL AWARD SCORING & DECISION RECORD,,,,,,,,,,
,,,,,,,,,,
Award Cycle,,,Criterion 1,Criterion 2,Criterion 3,Criterion 4,Criterion 5,,,
Award ID,,,,,,,,,,
Award Name,,,Weight,,,,,Weight Sum,0,
Nominee / Team,,,,,,,,,,
Eligibility Verified,YES / NO,,,,,,,,,
,,,,,,,,,,
Reviewer Seat,Reviewer Name,Conflict Cleared?,C1 Rating,C2 Rating,C3 Rating,C4 Rating,C5 Rating,Weighted Score,Evidence / Rationale,Recused?
Subject-Matter Reviewer A,,YES,,,,,,0,,NO
Subject-Matter Reviewer B,,YES,,,,,,0,,NO
AMW Steward Reviewer,,YES,,,,,,0,,NO
Legacy / Community Representative,,YES,,,,,,0,,NO
Rotating Independent Reviewer,,YES,,,,,,0,,NO
,,,,,,,,,,
Final Average,0,,Verification Checklist,,,,,,,
Score Variance,0,,Material facts verified,,,,,,,
Threshold,80.0,,Attribution / creator credit verified,,,,,,,
Threshold Result,DOES NOT MEET THRESHOLD,,Award-specific safety/welfare gate verified if applicable,,,,,,,
Material Variance Review?,NO,,Score calculations verified,,,,,,,
Tie?,YES / NO,,Honoree accepts recognition?,,,,,,,
Tie-Break Method,,,Publicity / photograph / testimonial choice recorded separately?,,,,,,,
Final Outcome,Selected / No Recipient / Declined / Other,,Return & Record completed?,,,,,,,
,,,,,,,,,,
"PC-01 PARTICIPANT CHOICE EXCEPTION: PREPPIEST PONY is not scored by the five-reviewer 0–5 rubric. Use the Preppiest Pony ballot/tally process; the Selection Circle verifies eligibility, welfare, integrity, count and tie procedure.",,,,,,,,,,
