Control / Feature,Founder / Controlled Requirement,Status,Control Note
Interior — Empty Chair,Every AMW Legacy interior should always have an empty chair.,FOUNDER-DIRECTED CURRENT DESIGN CONTROL,Symbolic/continuity design standard; does not replace the separate Empty Chair plaque/Architecture Map statement.
Interior — Legacy Creator Furniture,"All furniture, where reasonably possible, is made by Legacy Creators.",FOUNDER-DIRECTED CURRENT DESIGN CONTROL,Use responsibly sourced/commissioned Legacy Creator work when feasible; preserve maker attribution.
Interior — Stipends,Provide stipends for Legacy Creator furniture/services.,FOUNDER-DIRECTED CURRENT DESIGN CONTROL,Do not convert creator contribution into uncompensated expected labor where a stipend is intended.
Interior — Circular Furniture,Use circle desks and tables in front-facing rooms and board rooms.,FOUNDER-DIRECTED CURRENT DESIGN CONTROL,Carries the Circle/Shared Voice philosophy into physical space.
Campus Character,"Campus must not resemble an elite private school, luxury apartment complex or gated institution.",FOUNDER-DIRECTED CAMPUS CHARACTER STANDARD,Avoid exclusivity/status signaling in developing campus architecture.
Campus Character,"Architecture should feel practical, warm, community-built and understandable.",FOUNDER-DIRECTED CAMPUS CHARACTER STANDARD,"People-centered physical design; developing, not operational."
Housing Boundary,Housing is beyond the main public/service campus.,FOUNDER-CURRENT CAMPUS CONTROL,Keep residential circulation distinct from the central public/service campus.
Just Love Coy Pond,"THE AMW LEGACY's confirmed long connected pond system stretches across the non-housing campus following Bridging the Legacies through several hydraulically connected fish zones; Emerald Green + Antique Gold identity, underwater full Seal, benches, sporadic rain umbrellas, lilies/planting, waterfalls, discreet serene audio and bright fish remain the controlled landscape character.",CURRENT CONTROLLED DESIGN — GLOBAL / NOT OPERATIONAL,"The existing global climate/ecology/life-support standard carries forward under the new current name and stable JLC identifiers; written controls govern species, stocking, usable fish volume, filtration, temperature, oxygen, compatibility, legality and ecology."
Bridging the Legacies,Current physical bridge name for the phoenix-branch campus connector that follows/crosses Just Love Coy Pond and connects the non-housing public/service campus.,FOUNDER-CURRENT PHYSICAL NAME + LOCKED LEGACY BRIDGE STATEMENT,"The locked Legacy Bridge statement remains unchanged: “Legacy itself is about everyone having a different purpose, being one village, and a shared responsibility.”"
Sloane's Stones,"Controlling name of THE AMW LEGACY Pebble Garden: AMW-Seal geometry, ripple form, intentional annual empty pebble spaces, painted stones accumulated through the year and placed through the annual Pebble Ceremony; miniature Just Love Coy Pond zones, benches, hidden audio and discreet rain umbrellas.",CURRENT CONTROLLED DESIGN — FOUNDER-CONFIRMED / NOT OPERATIONAL,"Distinct from the main Just Love Coy Pond system. Written standard controls ceremony cycle, stone continuity, fish care and exact requirements; confirmed visual controls landscape character."
Botanical Garden,"Community-production system: produce, orchards, greenhouses, herbs, nutrition and preservation.",FOUNDER-DIRECTED DEVELOPING CAMPUS SYSTEM,Part of the integrated Food/Agriculture System; not merely ornamental landscaping.
Helen's 4-H/Husbandry/ Butchery,"Large working community-food farm connecting responsible husbandry, teaching butchery, agriculture and food production.",FOUNDER-CURRENT DEVELOPING CAMPUS SYSTEM,Current physical-development layer; earlier Legacy 4H Sanctuary provenance preserved in Resource/Recovered Work.
O'DAY'S LEGACY GARAGE,Founder-confirmed Automotive Institution: 8 service bays; 3 alignment stations; 4 tire-service areas; dedicated EV and Hybrid areas; one rolling tool box at each bay; 4 stationary tool boxes; 4 hazard/sanitation stations; proper HVAC/mechanical ventilation for closed-bay-door conditions; locker room/showers; uniform-cleaning logistics; Steward Common Area; windows on every exterior wall; and 1 larger bay window.,CURRENT CONTROLLED DESIGN — NOT OPERATIONAL,"Latest Founder-confirmed visual controls architectural look/layout; written standard controls exact requirements, counts, safety and wording. Implementation remains gated by site/equipment/code/safety/regulatory readiness."
O'DAY'S LEGACY GARAGE — Uniform & Garage Palette,Uniforms emphasize Midnight / Deep Navy Blue and Slate Gray. Garage floor is Slate Gray; ceiling is Midnight / Deep Navy Blue; Antique Gold is the principal appropriate accent color. AMW typography controls branded visual surfaces.,FOUNDER-DIRECTED CURRENT DESIGN CONTROL,Required safety/hazard colors and engineered working illumination override decorative color use where necessary.
O'DAY'S LEGACY GARAGE — Common Area,Dedicated Common Area with 7 flat-screen TVs: 2 dedicated to gaming and 5 for general ODAY's Steward use; pool table; kitchen; comfortable break seating; separate quiet area for decompression.,FOUNDER-DIRECTED CURRENT DESIGN CONTROL,"Common Area is separated from the active shop; kitchen/quiet zones require appropriate separation from contaminants, fumes, chemicals, soiled uniforms and noise."
O'DAY'S LEGACY GARAGE — Steward Support,One rolling tool box at each of 8 bays; 4 stationary tool boxes; hazard/sanitation stations; dedicated locker room with at least 2 shower stalls; uniform drop-off/soiled-uniform collection for professional cleaning.,FOUNDER-DIRECTED CURRENT DESIGN CONTROL,"Exact hazard/sanitation equipment, tool-control, plumbing/drainage, cleaning logistics and occupational-safety requirements remain implementation-readiness items."
O'DAY'S LEGACY GARAGE — Exterior Windows & Bay Window,"Windows on every exterior wall; 1 larger bay window on one exterior wall. Window placement must preserve safe lift/equipment clearances, ventilation, usable work walls, fire/security requirements, glare control and energy performance.",CURRENT CONTROLLED DESIGN,"Confirmed in Founder-approved September 3, 2026 industrial visual."
Chrys's Masterpiece Wood-shop,"Founder-confirmed woodworking/carpentry institution: Slate Gray walls/floors; Antique Gold accents; bright task lighting; 10 work areas with fully equipped mobile toolboxes; 5 stationary toolboxes; 5 table-saw stations; 5 wood-burning stations; 4 hazard/sanitation stations; HVAC/mechanical ventilation; locker/uniform logistics; 7-TV Common Area with 2 gaming / 5 Chrys' Steward TVs, pool table, kitchen and quiet decompression area.",CURRENT CONTROLLED DESIGN — NOT OPERATIONAL,Written institution standard controls exact safety/equipment requirements; construction and operation remain future/readiness-gated.
Chrys's Masterpiece Wood-shop — Exterior Windows & Bay Window,"Windows on every exterior wall; 1 larger bay window on one exterior wall. Window placement must preserve machine clearances, dust collection/ventilation, usable production walls, glare control, controlled task lighting, fire/security requirements and energy performance.",CURRENT CONTROLLED DESIGN,"Confirmed in Founder-approved September 3, 2026 industrial visual."
Industrial Institutions — Common Area Standard,"Each industrial institution has its own separated Common Area with 7 flat-screen TVs (2 gaming / 5 institution Steward), pool table, kitchen, seating and quiet decompression area, plus 4 hazard/sanitation stations, proper HVAC/mechanical ventilation, locker-room plumbing/drainage and uniform-cleaning logistics.",CURRENT CONTROLLED SHARED DESIGN STANDARD,Institution-specific shop equipment remains governed by each institution's own standard.
Confirmed Industrial Visual Reference,CURRENT CONTROLLED VISUAL — ODAY'S LEGACY GARAGE + CHRYS' MASTER WOOD WORKING LEGACY CENTER — 2026-09-03.png,FOUNDER-CONFIRMED CURRENT CONTROLLED VISUAL,"The visual filename preserves the earlier institution labels as provenance. Current names are controlled in Legacy Institutions; the written standards continue to govern exact counts, safety controls and requirements."
Just Love Coy Pond — Global Rule,"Bright fish are selected for welfare, compatibility, legality, ecology, and climate first; color comes after those gates.",CURRENT CONTROLLED GLOBAL RULE,Applies to every fish and aquatic-plant selection; concept art never locks a species.
Just Love Coy Pond — Non-Negotiable Targets,"pH 6.5–8.5; ammonia 0 target; nitrite 0; nitrate target <20 mg/L above source-water baseline where practicable; KH planning floor ~100 mg/L; DO design ≥6 mg/L with higher normal reserve preferred; emergency aeration near 4 mg/L; conservative AMW planning baseline ~500 gal/1,900 L usable fish-water per mature koi plus additional volume for companions.",CURRENT CONTROLLED GLOBAL DESIGN REGISTER,"Usable fish-water volume excludes shelves, rocks, bridge footings, protected growing beds, Seal structures and displaced/non-swimming volume."
Just Love Coy Pond — Near-Self-Cleaning Architecture,Gravity-assisted bottom drains + surface skimmers + automatic microscreen/rotary-drum solids removal + biological filtration + protected planted polishing/regeneration beds + continuous aeration/degassing + UV where needed + automated purge/backwash + sensors + backup power/aeration + isolation/quarantine capacity.,CURRENT CONTROLLED GLOBAL LIFE-SUPPORT STANDARD,No pond is represented as maintenance-free; the objective is continuous waste export and minimized manual disturbance.
Just Love Coy Pond — Climate & Region Controls,"Four operating climate classes govern site adaptation: Tropical/Equatorial; Subtropical/Warm-Temperate; Temperate; Cold/Continental/Alpine, each with seasonal operating controls and representative world regions.",CURRENT CONTROLLED GLOBAL CLIMATE STANDARD,"Actual water temperature, DO, local climate and fish behavior control operations; calendar season alone does not."
Just Love Coy Pond — Global Overlays,"Add arid/desert, monsoon/hurricane/cyclone, high-altitude, coastal, dense-urban, wildlife-sensitive/natural-water-adjacent and drought/restricted-water overlays as applicable.",CURRENT CONTROLLED GLOBAL OVERLAY STANDARD,Overlays add to—not replace—the four climate classes.
Just Love Coy Pond — Global Legal / Ecology Gate,"The Just Love Coy Pond identity may travel globally; koi may not. Verify current national, regional and local law, invasive-species/biosecurity status, permits, transport/possession rules, animal-health controls and discharge/escape requirements before stocking.",CURRENT CONTROLLED GLOBAL LEGAL/ECOLOGY GATE,"Where koi are prohibited or ecologically inappropriate, preserve the pond identity and substitute a lawful, non-invasive, climate-suited fish community."
Just Love Coy Pond — Planting Rule,"Every plan provides shade/cover, marginal nutrient uptake, locally lawful submerged habitat, and protected regeneration/biofiltration beds. Waterlily/floating-leaf cover generally ≤ about half the surface unless engineering verifies equivalent gas exchange/circulation. No plant becomes a global default if invasive/prohibited locally.",CURRENT CONTROLLED GLOBAL PLANTING STANDARD,Important treatment plantings are protected from koi disturbance and selected by local ecology/legal review.
Legacy Institution Naming Architecture,Thirty-three Founder-directed names and their associated institutions are controlled in the Legacy Institutions register.,CURRENT NAMING ARCHITECTURE / DEVELOPMENT STATUS CONTROL,"Current names replace only the identified earlier labels; existing design, safety, readiness and provenance controls carry forward. No named future institution is represented as built, licensed, funded, staffed or operational."
I AM A MASTERPIECE Cosmetology Gallery,"Founder-confirmed Cosmetology Center design: soothing, calm, tranquil spa environment with waterfall features; 6 shampoo stations; 8 styling/service booths; 2 dye/color stations; 4 nail-tech areas; 4 pedicure soaking stations; 4 heat-treatment stations; 4 seated hood/blow-dryer stations; children’s area; full kitchen; dedicated Common Area; bay-window lounge; coordinated uniforms/linens; and strong ventilation/air-quality design.",OPERATIONAL LEGACY CONTROL — ACTIVE / EXTERNAL COSMETOLOGY LICENSING & COMMISSIONING GATES REMAIN,"Latest Founder-confirmed September 3, 2026 visual controls architectural/interior look and layout; written standard controls exact counts, sanitation, ventilation, licensing, accessibility, equipment and wording."
I AM A MASTERPIECE — Palette & Atmosphere,"Use the warm AMW color direction: Emerald Green as preliminary dominant color; Antique Gold and Ivory as primary accents; selective touches of Midnight / Deep Navy Blue. Environment should feel soothing, calm, tranquil, warm and restorative rather than sterile or overly formal.",FOUNDER-DIRECTED CURRENT DESIGN CONTROL,"Safety, visibility, cleanability and regulated salon requirements override decorative color where necessary."
I AM A MASTERPIECE — Common Area,"Dedicated spa-themed Common Area with 7 flat-screen televisions total: 2 for gaming and 5 for general viewing; comfortable relaxation seating and separation from active chemical, heat, wet-service and food-preparation areas.",FOUNDER-DIRECTED CURRENT DESIGN CONTROL,"Common Area supports Steward decompression and is not overflow work, chemical storage or equipment staging."
I AM A MASTERPIECE — Service & Treatment Stations,6 shampoo stations; 8 booths; 2 dye/color stations; 4 nail-tech areas; 4 pedicure soaking stations; 4 heat-treatment stations; and 4 seated hood/blow-dryer stations.,FOUNDER-DIRECTED CURRENT DESIGN CONTROL,"Final layout must verify plumbing, electrical loads, ventilation/source capture, sanitation, chemical separation, accessibility, equipment clearances and safe circulation."
I AM A MASTERPIECE — Kitchen / Children / Bay Window / Water,Provide a full kitchen; dedicated children’s area; bay-window lounge; and waterfall/spa-water features integrated into the calm environment.,FOUNDER-DIRECTED CURRENT DESIGN CONTROL,"Kitchen requires food/chemical separation; children’s area requires safeguarding and visibility; waterfall features must not create slip, electrical, humidity, mold, accessibility or egress hazards."
I AM A MASTERPIECE — Ventilation & Air Quality,"Provide high-capacity, properly engineered ventilation and fresh-air systems for cosmetology operations, including local exhaust/source capture where required for color products, nail products, aerosols, fragrances, heat, humidity and kitchen exhaust.",CURRENT CONTROLLED SAFETY / DESIGN REQUIREMENT,"Comfort cooling alone is not ventilation. Final design must be based on actual products/processes, occupancy, code and occupational-safety requirements."
I AM A MASTERPIECE — Uniforms & Linens,"Modern durable uniform tops may be polos, T-shirts and hoodies. Bottoms may be scrubs, durable jeans or durable sweatpants where appropriate. Uniforms and linens follow the Emerald Green / Antique Gold / Ivory / Midnight Blue theme.",FOUNDER-DIRECTED CURRENT DESIGN CONTROL,"Final choices must preserve movement, professional appearance, laundering durability, stain management, sanitation and safe work around equipment; clean/soiled linens remain separated."
I AM A MASTERPIECE — Confirmed Visual Reference,CURRENT CONTROLLED VISUAL — I AM A MASTERPIECE COSMETOLOGY GALLERY — 2026-09-03.png,FOUNDER-CONFIRMED CURRENT CONTROLLED VISUAL,"Controls look/layout, spa atmosphere, palette, station relationships, Common Area, kitchen, children’s area, bay-window lounge, waterfalls, uniforms and linens; written standards control exact regulated/safety details."
Don't Run From Betterment HIV/AIDS Center,"Founder-confirmed HIV/AIDS Center design: calming, healing, inclusive, informal, educational and stigma-reducing; welcoming reception and lounge character; state-of-the-art contemporary support environment for people living with HIV/AIDS and their families; 10 private Wellness Pods; education/resource, family-support and confidential-support spaces; Warm Ivory / Antique Gold / Slate Gray palette.",OPERATIONAL LEGACY CONTROL — ACTIVE / REGULATED CLINICAL SERVICE ACTIVATION GATED,"Latest Founder-confirmed September 3, 2026 visual controls architectural/interior atmosphere and spatial relationships; written standard controls privacy, clinical boundaries, exact Wellness Pod count, safety, accessibility, credentials, sanitation and regulated requirements."
Don't Run From Betterment — Palette & Atmosphere,"Primary design palette: Warm Ivory, Antique Gold and Slate Gray. The environment must feel warm, calm, restorative, informal and welcoming rather than sterile or institutional. Visitors should not feel stigmatized, labeled or exposed because they entered the Center.",FOUNDER-DIRECTED CURRENT DESIGN CONTROL,"Durability, cleanability, accessibility, visibility and healthcare/safety requirements override decorative use where necessary."
Don't Run From Betterment — 10 Wellness Pods,"Provide exactly 10 Wellness Pods. Each is a private room where a visitor may rest, decompress, receive confidential support or speak privately with a trained and appropriately certified specialist.",FOUNDER-DIRECTED CURRENT DESIGN CONTROL,"Pods require acoustic/visual privacy, accessibility, safe circulation, comfortable rest/seating, sanitation, emergency communication and confidentiality. A pod is not automatically a clinical exam room."
Don't Run From Betterment — Dignity / Privacy / Non-Stigma,"Arrival, waiting, circulation, signage and room naming must protect dignity and should not force a visitor to publicly disclose why they are present. Private support routes should exist without creating a hidden, shame-based or punitive experience.",CURRENT CONTROLLED HUMAN-CENTERED DESIGN STANDARD,"Confidential conversations and records require appropriate acoustic, visual, access and information protections."
Don't Run From Betterment — Education & Family Support,"Design supports clear HIV/AIDS education, prevention awareness, resource navigation, family support, support-group/community connection, technology/telehealth access, youth/young-adult support and creative/expressive healing spaces where program readiness supports them.",FOUNDER-DIRECTED CURRENT DESIGN CONTROL,"Clinical/testing, telehealth, youth-program and regulated services require qualified providers, privacy, safeguarding, protocols, insurance and operational readiness before activation."
Don't Run From Betterment — Uniform Standard,Uniform colors are Warm Ivory and Antique Gold.,FOUNDER-DIRECTED CURRENT DESIGN CONTROL,"Final uniform materials and garment types must remain warm and approachable while supporting durability, laundering/sanitation, mobility, role identification and any occupational requirements."
Don't Run From Betterment — State-of-the-Art Support Infrastructure,"Plan for contemporary technology, private consultation capability, secure digital/telehealth infrastructure, accessible education displays and adaptable support spaces for people living with HIV/AIDS and their families.",CURRENT CONTROLLED DESIGN DIRECTION — NOT CLINICAL ACTIVATION,"State-of-the-art design does not establish active diagnosis, testing, treatment, telehealth or clinical services without the required licensed providers, privacy/security, equipment and regulatory readiness."
Don't Run From Betterment — Confirmed Visual Reference,CURRENT CONTROLLED VISUAL — DON'T RUN FROM BETTERMENT HIV-AIDS CENTER — 2026-09-03.png,FOUNDER-CONFIRMED CURRENT CONTROLLED VISUAL,"Controls the calm/inclusive architectural look, palette, welcoming reception/lounges, Wellness Pod concept and education/family-support atmosphere. Written standards control exact requirements; image-generated slogans are not automatically controlled AMW statements."
Imagine Aquarium Magic,"Entire building is designed as an interactive aquatic-learning environment rather than a single exhibit hall. The experience must be educational, hands-on where animal welfare permits, visually immersive and accessible.","OPERATIONAL LEGACY CONTROL — ACTIVE / ANIMAL-WELFARE, LIFE-SUPPORT & PERMIT ACTIVATION GATED","Confirmed visual controls overall spatial character; written standard controls exact animal-welfare, system-separation, accessibility, life-support, safety and fleet requirements."
Imagine Aquarium Magic — First Floor Hands-On,First floor is the primary hands-on experience floor. Only species/animals specifically approved by qualified aquatic-care professionals as appropriate for controlled human handling may be used in hands-on interactions.,FOUNDER-DIRECTED CURRENT DESIGN CONTROL,"No animal is handled solely because it is visually appealing. Welfare, stress, disease-transmission, supervision, sanitation, touch duration/frequency, participant safety and escape prevention govern."
Imagine Aquarium Magic — Freshwater / Saltwater Building Split,"One side of the building is freshwater-only and the opposite side is saltwater-only, with separate life-support, quarantine, plumbing, tools and biosecurity practices as required to prevent cross-system contamination.",FOUNDER-DIRECTED CURRENT DESIGN CONTROL,"Shared public circulation may connect the wings, but water systems and animal-care controls remain appropriately separated."
Imagine Aquarium Magic — Hallway Both-Waters Tanks,"Each floor hallway includes a dedicated display system for fish capable of living across freshwater/saltwater salinity ranges, using only professionally verified euryhaline/brackish-capable species and a stable species-specific salinity plan.",FOUNDER-DIRECTED CURRENT DESIGN CONTROL,"This does not authorize rapidly moving fish between fresh and salt water. Species, salinity, acclimation and mixed-species compatibility require professional verification."
Imagine Aquarium Magic — Tanks / Stairs / ADA Viewing,"Aquarium tanks are integrated into walls and may be incorporated beside/within stair architecture as a visual feature. Equivalent meaningful viewing and interpretation must remain available from ADA-accessible routes, elevators/ramps and accessible-height viewing points.",CURRENT CONTROLLED ACCESSIBILITY DESIGN,"Stairs are never the only route required to experience a key exhibit. Structural glass, guardrails, egress, fall protection, wet-floor control and tank loading require engineering."
Imagine Aquarium Magic — Lighting & Palette,"Primary palette: Deep Navy Blue / Midnight, Emerald Green and Slate Gray. Exhibit lighting should complement fish coloration and behavior while supporting safe viewing, animal welfare and staff maintenance.",FOUNDER-DIRECTED CURRENT DESIGN CONTROL,"Lighting must avoid harmful intensity, glare, disruptive photoperiods or decorative effects that conflict with animal welfare or emergency visibility."
Imagine Aquarium Magic — Staff Common Area,"Staff Common Area follows the O'DAY'S LEGACY GARAGE Common Area model: 7 flat-screen TVs total (2 gaming / 5 staff viewing), pool table, kitchen, comfortable seating and a separate quiet decompression area.",FOUNDER-DIRECTED CURRENT DESIGN CONTROL,"Common Area is separated from wet labs, quarantine, life-support equipment, food-prep hazards, animal-care work and chemical/storage areas."
Imagine Aquarium Magic — Life Support & Animal Care,"Freshwater, saltwater and hallway salinity systems require independently engineered filtration, circulation, aeration/oxygenation, temperature control, water-quality monitoring, backup power, overflow containment, quarantine and emergency isolation appropriate to the actual species and exhibit biomass.",CURRENT CONTROLLED SAFETY / DESIGN REQUIREMENT,"No visual rendering establishes an operational animal collection, stocking list or life-support capacity."
Imagine Aquarium Magic — Fleet,"Dedicated institution fleet: 3 converted school buses, 3 Mega Buses and 3 coach buses.",FOUNDER-DIRECTED CURRENT FLEET CONTROL,"Vehicle conversions must follow applicable AMW transportation, accessibility/mixed-mobility, renewable-energy, Wi-Fi, restroom, safety, insurance, licensing and road-compliance controls."
Imagine Aquarium Magic — Educational Mobile Units,"Within the 3 Mega Buses and 3 coach buses, 1 Mega Bus and 1 coach bus are dedicated educational mobile units for aquatic learning/outreach.",FOUNDER-DIRECTED CURRENT FLEET CONTROL,"Educational equipment, live-animal transport if ever proposed, water systems, power, restraint, sanitation, accessibility, staffing and permits require separate implementation verification."
Imagine Aquarium Magic — Confirmed Visual Reference,CURRENT CONTROLLED VISUAL — IMAGINE AQUARIUM MAGIC — 2026-09-05.png,FOUNDER-CONFIRMED CURRENT CONTROLLED VISUAL,"Controls the building's interactive look, freshwater/saltwater spatial split, hands-on first-floor concept, aquarium-wall/stair character, upper-floor learning environment and fleet exterior direction. Written requirements control exact animal, accessibility, engineering, system and fleet details where visual text differs."
Imagine Aquarium Magic — Uniform Palette,"Uniform system uses Deep Navy Blue / Midnight and Emerald Green as the principal colors, with Slate Gray, Antique Gold and Warm Ivory as controlled secondary/accent colors. Uniform presentation should feel modern, welcoming, energetic, practical and connected to the aquarium environment.",FOUNDER-CONFIRMED CURRENT CONTROLLED UNIFORM STANDARD,"Safety, sanitation, visibility, animal-care duties and occupational/PPE requirements override decorative color where necessary."
Imagine Aquarium Magic — Uniform Garment Family,"Approved uniform families include polos, performance T-shirts, durable work shirts, scrub-style or durable work pants where role-appropriate, outerwear such as zip jackets/hoodies, and caps. Warm Ivory coats/layers may be used only where appropriate to the role; Antique Gold is suited to embroidery, trim, piping, logos and controlled accents.",FOUNDER-CONFIRMED CURRENT CONTROLLED UNIFORM STANDARD,"Final garments must support movement, laundering, stain/water resistance as appropriate, non-slip/wet-environment work, role identification and any required PPE without creating an overly formal appearance."
Imagine Aquarium Magic — Role / PPE Boundary,"The confirmed uniform visual shows examples for guest-facing, education, animal-care, operations, clinical/veterinary, culinary, security, youth-program and volunteer contexts. These are styling examples only and do not create staffing positions, credentials, departments or job assignments.",CURRENT CONTROLLED UNIFORM SAFEGUARD,"Role-specific PPE, protective footwear, gloves, eye/face protection, aprons, coats, respirators or other equipment must be selected from actual hazards and duties. Clinical/veterinary attire or lab coats require role/credential appropriateness."
Imagine Aquarium Magic — Uniform Branding,Imagine Aquarium Magic identity may be embroidered or otherwise durably applied in controlled placements using the approved palette; aquatic-wave/fish motifs may support the uniform family when consistent with the final AMW brand standard.,CURRENT CONTROLLED DESIGN DIRECTION,"Image-generated slogans, mission patches, role labels or logo treatments are not automatically controlled AMW statements, official departments or final trademark specifications."
Imagine Aquarium Magic — Confirmed Uniform Visual Reference,CURRENT CONTROLLED UNIFORM VISUAL — IMAGINE AQUARIUM MAGIC — 2026-09-05.png,FOUNDER-CONFIRMED CURRENT CONTROLLED UNIFORM VISUAL,"Controls uniform styling direction, garment-family character and palette relationship. Written standards control final colors, garment types, sanitation, PPE, occupational suitability, brand treatment and role/credential boundaries."
Just Love Pond — Every Institution Entrance Standard,Every current and future AMW Legacy institution must have a Just Love Pond positioned near its principal/public entrance. The entrance pond is an institution-scale arrival feature and does not replace or merge with the larger campus-scale Just Love Coy Pond system.,FOUNDER-DIRECTED CURRENT CAMPUS-WIDE DESIGN CONTROL,"Placement must preserve accessible routes, required egress, emergency access, safe circulation and slip/fall protection. Where live fish or aquatic plants are included, applicable Just Love Coy Pond welfare, water-quality, life-support, legal, ecology and biosecurity controls govern the living system."
O'DAY'S LEGACY GARAGE — Fleet,Founder-confirmed fleet contains exactly 6 vehicles: 2 flatbed tow trucks and 4 Mega Buses converted into mobile automotive shops.,CURRENT CONTROLLED FLEET DESIGN — NOT OPERATIONAL,The fleet extends the Automotive Institution beyond the fixed Garage without replacing the fixed-site facility or changing its existing 8-bay program.
O'DAY'S LEGACY GARAGE — Flatbed Tow Trucks,Exactly 2 flatbed tow trucks are part of the controlled Garage fleet for vehicle recovery/transport support.,FOUNDER-DIRECTED CURRENT FLEET CONTROL,"Final tow ratings, bed/winch/tie-down engineering, payload/GVWR/axles, roadside safety, operator licensing, recovery procedures, insurance and legal compliance must be verified before use."
O'DAY'S LEGACY GARAGE — Mega Bus Mobile Shops,Exactly 4 Mega Buses are converted into mobile automotive shops.,FOUNDER-DIRECTED CURRENT FLEET CONTROL,"Final layouts must verify structural conversion, floor loading, work clearances, tools/lifts/jacks/equipment securement, power, HVAC/ventilation, waste/fluid containment, egress and road legality."
O'DAY'S LEGACY GARAGE — Customer Waiting / Rest Area,Each of the 4 Mega Bus mobile shops includes its own customer waiting/rest area so customers can wait comfortably while their vehicle is being worked on.,FOUNDER-DIRECTED CURRENT FLEET CONTROL,Customer space is not overflow shop space. Seating/rest amenities must remain protected from active work hazards and secured for travel.
O'DAY'S LEGACY GARAGE — Customer / Work-Zone Separation,Each mobile shop has two clearly separated functional zones: an active automotive work/service zone and a customer waiting/rest zone.,CURRENT CONTROLLED SAFETY / DESIGN REQUIREMENT,"Use appropriate physical separation, ventilation/HVAC, exhaust/fume control, circulation, emergency egress, noise control and secure storage so tools, fluids, fumes, moving equipment and repair hazards do not enter the customer zone."
O'DAY'S LEGACY GARAGE — Fleet Palette & AMW Fleet Inheritance,"Fleet visual identity follows O'DAY'S LEGACY GARAGE: Midnight / Deep Navy Blue and Slate Gray with Antique Gold accents. Applicable AMW fleet controls for durable easy-clean materials, stable connectivity, renewable/solar-assisted auxiliary power where feasible, secure equipment stowage and accessibility/mixed-mobility planning apply where appropriate.",FOUNDER-DIRECTED CURRENT DESIGN CONTROL,Legally required safety/visibility markings and role-specific PPE always override decorative styling.
O'DAY'S LEGACY GARAGE — Confirmed Fleet Visual Reference,CURRENT CONTROLLED VISUAL — O'DAY'S LEGACY GARAGE FLEET — 2026-09-06.png • Drive ID 128cnIvWtwDEVrX9EAAEK6QjRLiW4VCT3,FOUNDER-CONFIRMED CURRENT CONTROLLED FLEET VISUAL,"Controls the two-flatbed/four-Mega-Bus composition, exterior fleet character and customer-lounge-versus-work-area relationship. Image-generated slogans, service claims and shop-specialization labels are non-controlling unless separately Founder-approved."
Let Love Win LGBTQ+ Family Home — Identity & Palette,"Bright, welcoming, educational, supportive, healing, resourceful and family-oriented LGBTQ+ Family Home. Controlled palette: Warm Ivory, Slate Gray, Antique Gold, LGBTQ+ Pride colors and Ally flag colors.",CURRENT FOUNDER-DIRECTED CONTROLLED DESIGN — NOT OPERATIONAL,The current institution name supersedes the earlier LGBTQ+ Support Center label; earlier naming remains provenance only.
Let Love Win — Family / Teen / Adult / Mentor Sections,"Separate Family & Parent Understanding Wing, Teen Section, Adult Discovery & Support Section, and Mentor/Mentee Section.",FOUNDER-DIRECTED CURRENT PROGRAM / SPACE CONTROL,"Safeguarding, age-appropriate separation, privacy, accessibility, qualified staffing and nonclinical/clinical scope boundaries govern implementation."
Let Love Win — Convertible Theatre / Event Space,"Convertible theatre/event space for fashion shows, drag nights, parties, presentations, film screenings, community events, celebrations and appropriate educational programming.",FOUNDER-DIRECTED CURRENT DESIGN CONTROL,"Flexible seating, accessibility, fire/life safety, stage/AV, dressing/backstage needs and age-appropriate event separation must be verified before operation."
Let Love Win — Community Teaching Kitchen,"Community Teaching Kitchen is a preserved named function and must not be replaced, renamed or reduced to a generic kitchen.",FOUNDER-DIRECTED PRESERVED CONTROL,"Food-safety, sanitation, fire/life safety, plumbing, electrical, ventilation and accessibility requirements govern implementation; unsupported equipment counts are not invented."
Let Love Win — Visitor & Steward Common Areas,"Separate Visitor Common Area plus dedicated Steward Common Area. Steward area inherits the Legacy-wide minimum: at least 5 TVs, separate quiet/low-stimulation area, at least 2 shower stalls, full kitchen and convertible table-game equipment. Approved visual adds more comfortable seating.",CURRENT CONTROLLED / LEGACY-WIDE STEWARD STANDARD APPLIES,Institution-specific features may exceed but may not reduce the Legacy-wide minimum. Visitor and Steward spaces remain distinct.
Let Love Win — Current Controlled Visual Reference,CURRENT CONTROLLED VISUAL — LET LOVE WIN LGBTQ+ FAMILY HOME — 2026-09-08.png • Drive ID 1j3CEwiPIZji0TjtmNKuz0h9ElH_Lr-_f,FOUNDER-CONFIRMED CURRENT CONTROLLED VISUAL,Controls current exterior/interior character and the Founder-approved additional seating in the Steward Common Area. Written controls govern exact requirements where image-generated wording or inferred quantities differ.
Fleet Interiors — Legacy-Wide Baseline,Every current/saved and future AMW Legacy fleet automatically inherits the AMW LEGACY FLEET INTERIOR STANDARD — CURRENT CONTROLLED. Omission from an institution record or rendering is not a waiver.,CURRENT CONTROLLED • LEGACY-WIDE • 2026-09-08,Dedicated authority: Google Doc ID 1RwzCJJLIuPL0g0IHGvxnzwisX0nzOkc5ewEwEC4wUns. Institution/mission features are additive unless an explicit documented exception governs.
Fleet Interiors — Required Functions,Durable easy-clean mission-safe materials; climate control/air quality; stable high-capacity Wi-Fi; TVs/digital displays; flexible track/swivel/recline seating where safe/legal; stowable furniture/equipment; moon-roof/skylight where feasible; platform-appropriate kitchen/kitchenette and restroom; washer/dryer where safely feasible; secure storage/travel securement; renewable/solar auxiliary energy; USB/USB-C charging; GPS/security/communications; emergency readiness.,CURRENT CONTROLLED • LEGACY-WIDE,"Mobility configuration controls boarding/circulation/securement/restroom type; specialty clinical, animal, education and automotive safeguards may exceed the baseline."
Fleet Interiors — Exception Rule,"A fleet-interior exception exists only by later Founder-approved written direction or a documented engineering, legal, safety, clinical, animal-welfare, contamination-control or platform incompatibility.",CURRENT CONTROLLED SAFEGUARD,"Silence, shorthand, visual omission or image-generation limitations do not create an exception. Where feasible, provide an equivalent safe function."
Fleet Interiors — Visual Fidelity,Future fleet visuals must be cross-referenced to the current Legacy-wide fleet-interior standard before Founder presentation.,CURRENT CONTROLLED VISUAL CONTROL,A visual that does not depict every required feature does not remove the written requirement. Written current controls outrank image-generated text/details.
Institution Interiors — Empty Chair Visual Enforcement,Every AMW Legacy interior where seating is present must preserve at least one intentionally empty chair. Future renderings must visibly show the empty chair in each depicted seating environment; a visual that fills every chair does not supersede the written control.,FOUNDER-DIRECTED CURRENT DESIGN CONTROL — VISUAL ENFORCEMENT 2026-09-08,"Applies to all current/future institution interiors. Safety/accessibility/emergency reconfiguration may temporarily move the chair, but ordinary design restores it."
Institution Interiors — Circular / Curved Furniture Enforcement,"Front-facing reception, welcome, intake, resource-navigation, visitor/community-facing and comparable public-service desks/tables use circular, rounded or curved forms whenever function reasonably permits. Board/governance/shared-decision tables use circular or round forms whenever reasonably possible.",FOUNDER-DIRECTED CURRENT DESIGN CONTROL — VISUAL ENFORCEMENT 2026-09-08,"Square/rectangular visual substitutions are non-controlling where this rule applies unless a documented functional, accessibility, safety or code reason requires another geometry."
Legacy Table — Every Institution / Site,Every current and future AMW Legacy institution/site includes at least one physical ROUND Legacy Table under THE LEGACY TABLE — PHYSICAL DESIGN & STATEMENT PLACEMENT STANDARD. Indoor institutions place it in a principal shared/public/community/learning/gathering environment; outdoor-only sites use an accessible weather-appropriate version in a principal gathering/support area.,FOUNDER-DIRECTED CURRENT CONTROLLED PHYSICAL STANDARD — 2026-09-08,The Legacy Table is distinct from ordinary round furniture. Full Seal and controlled burned statement remain governed by the dedicated Legacy Table standard; Chrys's Masterpiece Wood-shop retains the teaching/production connection.
Institution Visual Fidelity — Written Controls Override,"Existing and future institution visuals are subordinate to current written controls for Empty Chair, circular/curved furniture, Legacy Table, Legacy Creator furnishings/stipends, Just Love Pond entrance, Steward Common Area, renewable energy, accessibility/safety and institution-specific program/palette requirements.",CURRENT CONTROLLED CROSS-REFERENCE / SUPERSESSION SAFEGUARD,A visual omission or conflicting table shape does not waive a control. Current visuals remain usable only for compliant approved elements until corrected/replaced by later Founder approval.
Legacy Village — Current Controlled Entrance Visual,CURRENT CONTROLLED VISUAL — LEGACY VILLAGE ENTRANCE — 2026-09-10.png • Drive ID 184_MCJ-POWYhENBeOShSqgu761ky_Xvk,FOUNDER-CONFIRMED CURRENT CONTROLLED VISUAL — NOT OPERATIONAL,"Controls the entrance road, gate/monument, Just Love Pond roundabout with visible fish/fountains, dog park placement to the left, and surrounding visible site arrangement. Do not move, resize, substitute or redesign without explicit Founder direction."
Legacy Village — Current Controlled Housing Design Visual,CURRENT CONTROLLED VISUAL — LEGACY VILLAGE HOUSING DESIGN — 2026-09-10.png • Drive ID 1AfTkpDTyuC9JYmNIwJSY-_splvSuidam,FOUNDER-CONFIRMED CURRENT CONTROLLED HOUSING DESIGN — NOT OPERATIONAL,"Controls the approved home-interior design direction shown in the rendering for Legacy Village housing. It is a design standard, not a construction drawing or final architectural floorplan."
Legacy Village — Home Furnishings & Equipment,"Housing governed by this update is fully furnished and inherits the current home-interior controls, including full kitchens with dishwasher, washer and dryer in each unit, television in every room, living-room game system and board games, children's-room desk/work area, and accessible/mixed-ability design.",FOUNDER-DIRECTED CURRENT HOME-INTERIOR DESIGN CONTROL,"These requirements apply across the specified apartment, townhouse and duplex housing types. A rendering omission does not waive them."
Legacy Village — Home Technology & Security,Each housing unit has a standard laptop and desktop computer for in-village use; devices have tracers; secure network/monitoring and parental controls are available; devices do not leave the Village unless authorized.,FOUNDER-DIRECTED CURRENT HOME-INTERIOR DESIGN CONTROL,"Technology/security controls apply across the specified apartment, townhouse and duplex housing types and remain part of the controlled interior design."
Legacy Village — Children's Room Color Palette,"Children's rooms across Legacy Village housing use the two Founder-supplied 2026-09-10 palettes as the controlling color direction: bright, balanced and gender-neutral, drawing from vivid and softer colors together rather than leaning predominantly stereotypically feminine or masculine.",FOUNDER-DIRECTED CURRENT COLOR CONTROL,"Palette controls color direction for children's rooms; the home-interior controls continue to govern furnishings, appliances, electronics and accessibility."
Legacy Village — Apartment Bedroom Standard,2 bedrooms is the standard apartment layout.,FOUNDER-DIRECTED CURRENT HOUSING DESIGN CONTROL,"Applies to the Legacy Village apartments. Home-interior color palette, furnishings, appliances, electronics, accessibility and technology/security controls apply in full."
Legacy Village — Townhouse Bedroom Standard,3 bedrooms is the standard townhouse layout.,FOUNDER-DIRECTED CURRENT HOUSING DESIGN CONTROL,"Applies to the Legacy Village townhouses. Home-interior color palette, furnishings, appliances, electronics, accessibility and technology/security controls apply in full."
Legacy Village — Duplex Bedroom / Bathroom Standard,4 or more bedrooms with 3 bathrooms is the duplex standard.,FOUNDER-DIRECTED CURRENT HOUSING DESIGN CONTROL,"Applies to the Legacy Village duplexes. Home-interior color palette, furnishings, appliances, electronics, accessibility and technology/security controls apply in full."
Legacy Village — Housing Count Boundary,This update does not assign or change bedroom/bathroom counts for the two Multi-Family Homes or the Senior Living Residence.,PRESERVE — NO INFERENCE / NO INVENTION,Those housing components remain in the Legacy Village design without invented bedroom or bathroom counts unless the Founder separately directs them.
Legacy Village — Community Access / Circulation,The Founder-confirmed entrance visual remains fixed. Full resident/visitor/guest/delivery/service/paratransit/emergency access and circulation beyond the shown entrance is still to be developed and Founder-reviewed.,DESIGN-DEVELOPMENT ITEM — NOT YET APPROVED,"Do not infer a second entrance, gate procedure, road redesign or access-control system. Any future access solution must preserve the current controlled entrance unless the Founder explicitly authorizes a change."
Turning the Page — Non-Carceral Design Identity,"The Village must be the polar opposite of jail/prison architecture: structured, supportive, encouraging, residential, dignified and opportunity-centered rather than punitive or institutional.",FOUNDER-APPROVED CURRENT CONTROLLED DESIGN — 2026-09-10,"Applies to architecture, interiors, circulation, security treatment, furnishing and resident experience; safety controls cannot be implemented as an excuse for carceral aesthetics."
Turning the Page — Future Legacy Creator Separation,Locate the Village as the housing community furthest from Future Legacy Creators. Reshapers have no access to Future Legacy Creators until program graduation and later approval as mentors under safeguarding/screening/supervision/court-order controls.,FOUNDER-APPROVED CURRENT SAFEGUARD,Physical planning and access controls must support the separation; do not rely only on written policy.
Turning the Page — Resident Apartment Count / Layout,"Exactly 10 men's units + 10 women's units. Each apartment houses exactly 4 Reshapers in 4 separate locked master suites plus 1 additional full-size hallway bathroom; full kitchen, washer/dryer, full furnishings, high-speed internet, abundant light/windows.",FOUNDER-APPROVED CURRENT HOUSING DESIGN CONTROL,Each Reshaper receives a laptop and cell phone; each apartment receives exactly 2 desktops. TVs in bedrooms and game systems in living room/bedrooms plus card/board games are included.
Turning the Page — RA Apartment Layout,"RA apartments are exactly 2-roommate units with 2 genuinely separate locked master suites; each master suite has its own private full bathroom; each unit also has 1 additional full-size hallway bathroom, full kitchen, washer/dryer, high-speed internet and abundant light/windows.",FOUNDER-CORRECTED CURRENT HOUSING DESIGN CONTROL,Each RA receives a laptop; each RA unit receives exactly 1 desktop. Visuals showing two RA beds in one shared bedroom are superseded/non-controlling.
Turning the Page — Community Center Program,"Dedicated Reshapers Community Center for 12-step programs, case manager/parole-probation meetings, mental-health counseling, employment assistance, mentoring, parenting, life-skills, AAA/NA/ANON meetings as Founder-directed labels, resource navigation, trade-training sign-up, peer support and relaxation.",FOUNDER-APPROVED CURRENT PROGRAM DESIGN,Regulated counseling/services and outside-name affiliations remain verification/readiness gated.
Turning the Page — Lounge / Recreation Room,Exactly 6 TVs total: 4 for watching and 2 for gaming; kitchenette; convertible game table; comfortable seating; high-speed internet; intentionally Empty Chair visible.,FOUNDER-APPROVED CURRENT INTERIOR CONTROL,Round/circular/curved community-facing/shared-decision furniture applies; written global controls govern any visual omission.
Turning the Page — Legacy Table / Empty Chair / Round Furniture,At least 1 physical ROUND Legacy Table in a principal shared/community space; Empty Chair in every seating environment; circular/rounded/curved reception/community-facing/shared-decision furniture where reasonably possible.,CURRENT CONTROLLED — GLOBAL INHERITANCE CONFIRMED 2026-09-10,Legacy Table is distinct from ordinary round furniture and follows its dedicated Seal/statement/craftsmanship standard.
Turning the Page — Support / Resources,Food pickup connects to the Legacy's Butchery; community garden supports food knowledge and financial-stability learning; clothing and linens provided for first 6 months; identification-document assistance provided.,FOUNDER-APPROVED CURRENT SUPPORT DESIGN,"Resource access remains connected to AMW stewardship, Minimum Necessary Information, Anti-Bounce and warm-handoff controls."
Turning the Page — Recreation / Campus Amenities,"Dog park, pool, basketball court, gym/fitness center, football field, community garden and accessible outdoor gathering/walking areas.",FOUNDER-APPROVED CURRENT CAMPUS DESIGN,"Site, aquatic, accessibility, supervision, maintenance, safety and insurance readiness remain gated."
Turning the Page — Security / Resident Guidelines,"State-of-the-art security, controlled access, cameras/monitoring as appropriate, on-site RAs/security and apartment emergency call buttons; no overnight guests; relationship restriction as Founder-directed subject to court orders and applicable law; flexible rules encourage personal responsibility and gradual reintegration.",FOUNDER-APPROVED CURRENT DESIGN / OPERATING DIRECTION,"Security must preserve dignity and ordinary residential character. Fair-housing, civil-rights, privacy, reentry/corrections and court-order review are implementation gates."
Turning the Page — Current Visual / Authority,"Current visual: CURRENT CONTROLLED VISUAL — TURNING THE PAGE RESHAPERS VILLAGE — 2026-09-10.png, Drive ID 14pgSNpMOm3YXKKX_1R-CkLpPH5zZ45gP. Dedicated design authority Doc ID 1AFDNiLoaH4zuhCzRTWwG2qDBB6B21L9T45opqM5GT9k.",CURRENT CONTROLLED VISUAL + WRITTEN STANDARD,"Earlier conflicting Turning the Page visuals remain provenance-only where RA layout, Empty Chair, Legacy Table or furniture geometry conflict."
Pouring It Back In — Year-Round Farmers Market Identity,Outdoor farmers-market styled Community Cafe & Market designed to convert for year-round use through weather-protected/enclosable seasonal operation while retaining an open community-market character.,FOUNDER-APPROVED CURRENT CONTROLLED DESIGN — 2026-09-11,Do not redesign as a conventional enclosed grocery store or restaurant unless later Founder-directed.
Pouring It Back In — Campus Placement,"Intentionally place beside the Community Garden and HELEN'S 4-H HAVEN / HUSBANDRY / BUTCHERY to visibly connect food production, education, farm-to-table service, resource access and community learning.",FOUNDER-APPROVED CURRENT CAMPUS RELATIONSHIP,"Placement remains subject to site/civil, accessibility, sanitation, animal/food separation, traffic and emergency-access design."
Pouring It Back In — Bistro / Education / Children,"Include educational/resource access, a small welcoming farm-to-table bistro, and a safe children's play/enrichment area.",FOUNDER-APPROVED CURRENT PROGRAM DESIGN,"Food service, child safeguarding, accessibility, sanitation and staffing remain implementation gates."
Pouring It Back In — Round Furniture / Empty Chair / Legacy Table,Use circular/rounded public-facing tables where reasonably possible; preserve the intentionally Empty Chair in seating environments; include at least one separate physical ROUND Legacy Table under the dedicated Legacy Table standard.,CURRENT CONTROLLED — GLOBAL INHERITANCE CONFIRMED 2026-09-11,Ordinary round cafe tables do not substitute for the Legacy Table.
Pouring It Back In — Steward Common Area,"Dedicated Steward Common Area mirrors Helen's Haven and Sophia's Soul agricultural/support character while retaining Pouring It Back In identity. Inherits at least 5 TVs, quiet/decompression area, at least 2 showers, full kitchen and convertible table-game equipment.",FOUNDER-APPROVED CURRENT DESIGN + LEGACY-WIDE COMMON AREA STANDARD,"Comfortable seating, rest/recharge, study/reflection and changing/locker support may be carried forward where compatible; no higher exact count is copied unless Founder-directed."
Pouring It Back In — Palette / Uniforms,"Institution and casual uniform palette: Emerald Green and Midnight / Dark Navy Blue with Antique Gold accents. Uniforms remain casual, practical, identifiable and role-appropriate.",FOUNDER-APPROVED CURRENT DESIGN — 2026-09-11,"Food-service sanitation, PPE, safety and role requirements override decorative styling."
Pouring It Back In — Fleet,"Exactly 7 vehicles: 3 statewide 15-passenger vans (1 Full ADA / 1 Mixed-Mobility / 1 Fully Non-ADA); 2 box trucks for food delivery; 2 Double-Deckers for education/resources/community events, both Mixed-Ability.",FOUNDER-APPROVED CURRENT FLEET DESIGN — 2026-09-11,Passenger vehicles inherit the Fleet Interior and Emergency Supply standards. Box trucks remain purpose-built food-delivery platforms; compatible cold-chain/sanitation/securement/safety controls apply.
Pouring It Back In — Current Visual / Authority,"Founder-approved September 11, 2026 visual is the current controlled design reference for atmosphere, palette, market/bistro character, placement relationship, fleet exterior character and casual-uniform direction.",CURRENT CONTROLLED VISUAL — VERIFIED IN LEGACY APPROVED VISUALS,"CURRENT CONTROLLED VISUAL — POURING IT BACK IN CAFE & MARKET — 2026-09-11.png; Drive ID 1n3R_br1mxvu8rdKIE0lVBEJFrZMTRpoe. Written controls remain authoritative for exact counts, Steward Common Area, ROUND Legacy Table, Empty Chair, circular furniture, accessibility, food safety, fleet and any image-generation omission."
Barclay's 24 Hour Oopsie Hospital — Recovered Design Authority,"Recovered current controlled institution design from Barclay’s Veterinary Hospital Design Board.png, File Library source ID file_0000000008f8822fba6267fc167b15cc; dedicated standard Drive Doc ID 1O-1jlJcYwiEOayfRGEZWU3c1jJQPIn33lvHCRP9j-dI.",OPERATIONAL LEGACY CONTROL — ACTIVE / VETERINARY CLINICAL COMMISSIONING GATED,Corrects the September 8–10 source-gap treatment only to the extent that detailed building-design source was said to be unavailable. DESIGNED does not mean operational.
Barclay's 24 Hour Oopsie Hospital — Clinical / Kennel Program,10 Exam & Surgery Rooms; 10 Intensive & Recovery Care spaces; 10 dark-capable Pre-Surgery Kennels; 20 Indoor + 20 Outdoor Climate-Controlled Standard Kennels; Handler-Sleep Kennel Space.,RECOVERED CURRENT DESIGN,"Veterinary licensing, staffing, infection control, anesthesia/surgery, patient housing, welfare and clinical readiness remain gated."
Barclay's 24 Hour Oopsie Hospital — Rehabilitation / Support,"4 Indoor Rehab + 4 Outdoor Rehab areas; Dog Park; Grooming, Wellness & Support; Reception/Lobby/Retail; accessible design intent.",RECOVERED CURRENT DESIGN,"Image-generated service labels do not bypass professional, licensing, animal-welfare, sanitation, privacy or readiness requirements."
Barclay's 24 Hour Oopsie Hospital — Legacy Interior Controls,Just Love Pond entrance; Empty Chair in every seating environment; circular/rounded/curved public-facing/shared-decision furniture; separate physical ROUND Legacy Table; Legacy Creator furnishings with stipends where feasible and clinically safe.,CURRENT CONTROLLED — GLOBAL INHERITANCE,Recovered visual omissions/conflicts are non-controlling; written current controls remain authoritative.
Barclay's 24 Hour Oopsie Hospital — Steward Common Area,"Any formally designated Steward Common Area inherits at least 5 TVs, separate quiet/decompression area, at least 2 showers, full kitchen and convertible table-game equipment.",CURRENT CONTROLLED — LEGACY-WIDE MINIMUM,No higher institution-specific quantity is invented unless recovered or Founder-directed.
Barclay's 24 Hour Oopsie Hospital — Sustainability,"Recovered visual character includes solar power, energy-efficient climate control, LED lighting, water conservation/reuse, sustainable/non-toxic materials, green landscaping, EV charging and waste reduction/recycling.",RECOVERED CURRENT DESIGN + LEGACY RENEWABLE INHERITANCE,"Clinical/veterinary sanitation, emergency power, structural/electrical/HVAC/drainage and animal-safe-material requirements govern implementation."
Barclay's 24 Hour Oopsie Hospital — Visual / Fleet Boundary,Exact recovered hospital visual source is Barclay’s Veterinary Hospital Design Board.png / file_0000000008f8822fba6267fc167b15cc; exact raw bytes Drive-verified as ID 1LMZv-Nqf8Ot8l63fb_2ijundlStNssII. Founder-confirmed fleet: Animal Ambulance + Mobile Surgery Unit. Both inherit the controlled Barclay exact-photo / approved-wrap rule. Barclay's Rescue Pawtrol remains separate and is not silently reassigned.,RECOVERED EXACT HOSPITAL SOURCE + CURRENT FOUNDER-CONTROLLED FLEET,Do not regenerate the hospital visual; do not replace Barclay with an AI/generated animal; do not alter approved wrap composition or reassign vehicle mission/clinical equipment by inference.
Legacy-Wide Humane Participation Full-Stop,"No pain, stress or fear is considered humane for AMW participants, human and animals alike. Pain/stress/fear may not be intentionally used as a humane training, discipline, motivation, entertainment, selection or ordinary program method.",CURRENT CONTROLLED — FOUNDER-DIRECTED / ML-005,Applies to every institution/site/village/fleet and every visual. Necessary lawful clinical/veterinary/emergency care must minimize/monitor/relieve distress through qualified authority and is not labeled the humane method.
Legacy-Wide Abuse Full-Stop,"Abuse of any kind triggers immediate protection, separation where AMW has authority, evidence preservation, required care and reporting; verified abuse is grounds for immediate termination where lawful and criminal/protective/licensing referral.",CURRENT CONTROLLED — FOUNDER-DIRECTED / ML-005,"IR02 learning cannot replace immediate protection, accountability, mandatory reporting or evidence preservation."
Institution Regulatory / Licensing Continuous Compliance,"Every institution is built and maintained to applicable state/regional requirements and maintains current required licenses, permits, registrations, inspections, professional/practitioner credentials, instructor/learner-supervision and sanitation authorizations.",CURRENT CONTROLLED — LEGACY-WIDE,Expired/suspended/unverified/scope-incompatible authority is a stop gate for the affected service.
Institution Required Operating Evidence,Opening/closing sanitation; station cleaning; ventilation/maintenance; credential/learner-supervision; service authorization; consent/service; incident/adverse reaction; chemical/product/SDS/waste; linen transfer; equipment inspection/maintenance; privacy-safe learning return are required.,CURRENT CONTROLLED — LEGACY-WIDE,"When a function genuinely does not exist, record N/A with reason/responsible authority rather than silently omitting the control."
Facility / Service Commissioning Control,"Plumbing, electrical loads, GFCI/wet-area protection, heat equipment, ventilation/source capture, accessibility and mission-specific equipment are commissioned for actual services before use.",CURRENT CONTROLLED — LEGACY-WIDE,Visual completion or installation does not equal operational readiness. Unsafe/noncompliant equipment/areas remain out of service until responsible release.
Children Area Boundary,Children’s areas cannot function as unsupervised childcare unless separately authorized/licensed where required and properly staffed.,CURRENT CONTROLLED — LEGACY-WIDE,"Applies to every institution with a children’s room, play/enrichment area or child-focused space."
Visual Rendering Governance Inheritance,"Every approved/current and future visual inherits LW-GSC-01/ML-005. Image omissions do not waive written licensing, staffing, budget, schedule, sanitation, SDS, equipment, accessibility, welfare or regulatory controls.",CURRENT CONTROLLED — VISUAL EXECUTION CROSS-REFERENCE,Does not authorize redesign of approved visuals; preserve controlled-source/change-set-only rules.
Make The Changes Recovery Village — Detox / Clinical Core,"24/7 detox; 10 private one-week detox suites monitored by staff/cameras; clinic designed for labs, medication distribution, MRI, CT, X-ray and ultrasound; dual-diagnosis section; 5 private intake suites; 2 group therapy rooms; 5 private therapy suites with emergency buttons to front desk/security/local police.",OPERATIONAL LEGACY CONTROL — ACTIVE / CLINICAL SERVICE ACTIVATION GATED,"All clinical, imaging, laboratory, medication, privacy, consent, licensure, credential, emergency, fire/life-safety and facility readiness gates remain mandatory."
Make The Changes Recovery Village — Housing / RA,"2 apartment buildings × 10 single-occupancy one-bedroom units; 4 one-bedroom RA units. Units are bright/calming, fully furnished, with kitchen, washer/dryer, TVs, living-room game system, laptop and plants; RA/health-team monitoring direction preserved.",OPERATIONAL LEGACY CONTROL — ACTIVE / HOUSING OCCUPANCY ACTIVATION GATED,"Housing/habitability, privacy, surveillance/monitoring, accessibility, resident rights, security and emergency-response controls remain gated."
Make The Changes Recovery Village — Palette / Common Area / Fleet Boundary,"Legacy Chair/table-shape controls; Midnight Blue + Emerald Green focus with Slate Gray, Antique Gold and Warm Ivory accents; comfortable casual uniforms; Steward Common Area mirrors Grace’s Healing Center; 4 ambulances; 3 statewide 15-passenger vans (1 Full ADA / 1 Mixed-Mobility / 1 Fully Non-ADA).",OPERATIONAL LEGACY CONTROL — ACTIVE,"Exact unrecovered continuation of the fleet prompt is not invented. Existing Legacy-wide fleet, accessibility, emergency-supply, Wi‑Fi, renewable-energy and safety controls remain additive where applicable."
Pre-Existing Physical-Control Inheritance / September 8 Clarification,Empty Chair; circular/rounded/curved furniture where applicable; Legacy Creator furnishings with stipends; physical ROUND Legacy Table; Just Love Pond entrance; renewable/solar inheritance; Steward Common Area controls; placement-register requirements; current naming/supersession and approved-visual boundaries were already established controls and automatically inherit into every applicable institution unless expressly superseded.,CURRENT CONTROLLED — FOUNDER CORRECTION / NOT A NEW SEPTEMBER 8 CONTROL FAMILY,"September 8 was a repair/reconciliation because these controls had been omitted from some later artifacts. Omission, square/rectangular furniture, or a missing Empty Chair/Legacy Table in a visual does not override or replace the written controls."
Creating The Clean Air HVAC Legacy — Identity / Palette / Daylight,"Trade-training institution centered on HVAC/R, clean-air systems, decarbonization and building automation. Controlled palette: Dark Navy Blue, Emerald Green and Slate Gray. Plenty of light and large bay windows are required.",FOUNDER-APPROVED CURRENT CONTROLLED DESIGN — 2026-09-14 / NOT OPERATIONAL,"Current approved visual establishes overall exterior/interior character. Written controls govern exact counts, equipment, safety, accessibility and wording."
Creating The Clean Air HVAC Legacy — Training Program,Required training environments: Green Decarbonization & Heat Pump Bays; Transparent Component Trainers; Walk-In Light Commercial / Supermarket Refrigeration; Digital Manifold & Smart Probe Stations; TAB Gear; Thermal Diagnostics; BMS Wall; Low-Voltage Electrical Wiring Simulators; Combustion & Air Safety Arrays; high-volume specialized ventilation with energy recovery; Industrial Brazing & Sheet Metal Fabrication; indoor/outdoor Simulated Structural Roofs / RTU training.,FOUNDER-DIRECTED CURRENT PROGRAM CONTROL — 2026-09-14,"Implementation remains subject to qualified instruction, refrigerant/electrical/gas/combustion/brazing/fall/crane/machinery/PPE/fire/environmental/licensing/commissioning requirements."
Creating The Clean Air HVAC Legacy — Stewards' Common Area,"Mirrors O'DAY'S LEGACY GARAGE: 7 flat-screen TVs total (2 gaming + 5 general Steward use), pool table, full kitchen, comfortable break/lounge seating and separate quiet decompression area. Also inherits Legacy-wide minimum: at least 2 shower stalls and convertible table-game equipment.",FOUNDER-DIRECTED CURRENT CONTROL + INHERITED LEGACY-WIDE MINIMUM,"Common Area must remain separated from active shop contaminants, fumes, chemicals, soiled materials and noise. No visual omission reduces the written requirement."
Creating The Clean Air HVAC Legacy — Fleet,"9 vehicles: 3 Double-Decker mobile HVAC workshops for regional travel; 3 Tour Buses — 1 Full ADA / 1 Mixed-Mobility / 1 Fully Non-ADA — for resources, outreach and education; 3 Box Trucks for supply pickups.",FOUNDER-APPROVED CURRENT CONTROLLED FLEET DESIGN — 2026-09-14 / NOT OPERATIONAL,Full compatible Legacy fleet baseline applies. Double-Deckers/Tour Buses require emergency supplies for 100 people / 7 days. Box-truck emergency capacity and Double-Decker mobility configuration are not invented.
Creating The Clean Air HVAC Legacy — Current Controlled Visual,CURRENT CONTROLLED VISUAL — CREATING THE CLEAN AIR HVAC LEGACY — 2026-09-14.png • Drive ID 1RXjdzDfTOkJYglDVTThgYLOLatVuulzH • Library file ID file_00000000e298822f8cd7589f608bd10c. This exact Founder-approved rendering is the current controlled visual reference.,FOUNDER-APPROVED CURRENT CONTROLLED VISUAL — 2026-09-14,"Preserve the visual as-is unless the Founder explicitly directs an edit/replacement. Written Founder controls outrank image-generated slogans, decorative wording, or visual omissions."
Building Better Futures Architecture — Current Controlled Design,Slate Gray / Midnight Blue / Emerald Green; professional-casual; 20 soundproof pods; 24/7 key-card; 10 glare-free display walls; movable review partitions; abundant natural light/dimmer timers; materials/workshop/resource library/prefab space; higher Stewards’ Common Area with full kitchen and established components; exact 9-vehicle ADA/mixed/non-ADA fleet; all Legacy controls inherit.,FOUNDER-APPROVED CURRENT CONTROLLED DESIGN — SAVED VISUAL — NOT OPERATIONAL,Visual Drive ID 16q9N0y_oLIM0_CAcpdT89-YWSMRy7vwf; written controls govern any visual omission.
Leaving Meaningful Words Legacy Literature Institution — Current Controlled Design,Antique Gold / Emerald Green / Warm Ivory; business-casual; bay-window daylight; acoustic age-separated literacy hubs; adaptable furniture; multilingual/Braille wayfinding; copy center; forward-facing library/media; interactive hardware; private nooks; tactile word stations; audio lounge; Imagine Aquarium Magic-mirrored Stewards’ Common Area; 21-vehicle ADA/mixed/non-ADA literacy fleet.,FOUNDER-APPROVED CURRENT CONTROLLED DESIGN — SAVED VISUAL — NOT OPERATIONAL,Visual Drive ID 1GWQBgsLJQs7GhYv-NHwzzlDPYbc51dt-; written controls govern any visual omission.
Nic's Fashion Idea — Current Controlled Design,"Antique Gold / Warm Ivory / Emerald Green; 3D CAD/virtual fitting/body scanning; digital pattern/cutting; industrial sewing/draping/pressing; smart-fabric/textile print/dye/fiber testing; photo/video, runway and retail incubator; filtration/utilities/recycling; Founder-specified pods; I AM A MASTERPIECE-mirrored Stewards’ Common Area; Founder fleet wording + 3 box trucks preserved.",FOUNDER-APPROVED CURRENT CONTROLLED DESIGN — SAVED VISUAL — NOT OPERATIONAL,Visual Drive ID 1lH0fCo5UOrRZRmcrD7K_HZLIEFhHqCjx; written controls govern any visual omission.
The Legacy's Power — Current Controlled Design,"Slate Gray + Emerald Green; abundant natural light and bay windows; electrical/lineman, three-phase motor, conduit, solar PV, grid simulation, battery/smart-grid, EV charging, EMS, advanced diagnostics and safety/PPE infrastructure. Stewards’ Common Area mirrors Chrys's Masterpiece Wood-shop: 7-TV higher control (2 gaming / 5 Steward TVs), pool table, kitchen and quiet decompression area; Legacy-wide interior controls remain additive, including Empty Chair, ROUND Legacy Table, circular/curved furniture, full kitchen/shower requirements where applicable, Legacy Creator furniture priority/stipends, Just Love Pond and renewable-energy inheritance.",FOUNDER-APPROVED CURRENT CONTROLLED DESIGN — SAVED VISUAL — NOT OPERATIONAL,Founder-approved visual is exact controlled reference; written controls govern any visual omission or generated wording.
The Legacy's Power — Current Controlled Visual,CURRENT CONTROLLED VISUAL — THE LEGACY'S POWER — 2026-09-14.png • Drive ID 1MTvoND6Nb56tuMY55Hmy7igYKjxy8MbT. Exact Founder-approved uploaded bytes replaced the prior visual under the same controlled Drive file ID.,FOUNDER-APPROVED CURRENT CONTROLLED VISUAL — 2026-09-14,Preserve as-is unless the Founder explicitly directs an edit/replacement. Founder-directed written controls remain controlling where an image omits a required element.
Safely and Humanly Cleaning The Space Legacy Extermination — Current Controlled Campus Visual,CURRENT CONTROLLED VISUAL — SAFELY AND HUMANLY CLEANING THE SPACE LEGACY EXTERMINATION — CAMPUS — 2026-09-15.png • Drive ID 1SqWLdTmVvijrohRcjSZNAZTbprlIZ4gW. Founder explicitly directed Update and Save on 2026-09-15. Exact image bytes are durably archived in Legacy Approved Visuals.,FOUNDER-DIRECTED CURRENT CONTROLLED CAMPUS VISUAL — SAVED / NOT OPERATIONAL,"Preserve exact saved campus image unless Founder directs an edit. Written controls govern generated-image conflicts. Specifically, the conventional yellow school buses shown are NON-CONTROLLING for school-bus exterior/body treatment; current control requires 3 22nd-century school buses for supplies for this institution, with no accessibility split inferred."
Pouring A New Path Concrete Legacy — Identity / Palette / Daylight,"Concrete/masonry and structural-materials training institution. Controlled palette: Emerald Green, Midnight Blue and Dark Navy Blue. Plenty of natural light and multiple bay windows are required. Uniform direction: professional and comfortable, with task-specific PPE/high-visibility requirements controlling when needed.",FOUNDER-APPROVED CURRENT CONTROLLED DESIGN — 2026-09-15 / NOT OPERATIONAL,"The current approved visual establishes overall exterior/interior character. Concrete, steel and safety colors shown by material/function do not independently alter the controlled palette."
Pouring A New Path Concrete Legacy — Mix Design & Chemistry,"High-Volume Mix Design & Chemistry Labs include Computerized Aggregate Analysis Stations with digital sieve shakers/moisture analyzers; Chemical Admixture Dispensing Bars for superplasticizers, accelerators and retarders; and Self-Consolidating Concrete (SCC) Flow Tables for fluid-spread testing and modern mix behavior.",FOUNDER-DIRECTED CURRENT PROGRAM CONTROL — 2026-09-15,"Chemical inventory/SDS, ventilation, dosing, spill control, PPE, storage, waste and instructor supervision remain required."
Pouring A New Path Concrete Legacy — Live-Pour / Structural Formwork,Massive indoor covered live-pour arena with Heavy Formwork Yard; Rebar & Post-Tension Cable Assembly Zones with hydraulic cutters/benders/tie tools and post-tension bed; and Laser-Guided Screeding & Finishing Slabs with laser screeds and riding power-trowel practice for year-round full-scale work.,FOUNDER-DIRECTED CURRENT PROGRAM CONTROL — 2026-09-15,"Formwork pressure, post-tension energy, moving equipment, curing, fall/struck-by/crush hazards, ventilation and live-pour safety require qualified instruction and engineered controls."
Pouring A New Path Concrete Legacy — Testing / NDT,"Advanced Destructive & Non-Destructive Testing Rooms include humidity curing support and enclosed hydraulic compression testing of concrete cylinders; Ground Penetrating Radar (GPR) units; and Ultrasonic Pulse Velocity / Impact Echo kits for locating rebar, post-tensioning, voids, cracks and honeycombing without destructive drilling.",FOUNDER-DIRECTED CURRENT PROGRAM CONTROL — 2026-09-15,"Testing/calibration, shielding/enclosure, equipment maintenance, sample tracking, operator training and professional/code boundaries remain implementation requirements."
Pouring A New Path Concrete Legacy — Architectural Concrete & Masonry,"Architectural Concrete & Artisan Masonry Studios include Concrete Countertop & Precast Mold Shops with lightweight/GFRC instruction; Stamping, Staining & Polishing Bays; and Brick, Block & Stone Masonry Corrals with mortar mixers, adjustable scaffolding, flashing and structural-arch practice.",FOUNDER-DIRECTED CURRENT PROGRAM CONTROL — 2026-09-15,"Silica/dust, acid/chemical staining, grinding, scaffolding, lifting, machine guarding, ventilation and PPE controls remain mandatory."
Pouring A New Path Concrete Legacy — Heavy Utility / Environmental Non-Negotiables,Required heavy-utility systems: On-Site Batch Plant & Aggregate Bins; massive overhead gantry cranes spanning the live-pour arena; Industrial Slurry Filtration & Washout Pits with water recycling and high-pH treatment before lawful discharge; and High-Volume Dust Collection & Air Quality Hoods throughout mixing/grinding zones for source-capture of silica dust.,FOUNDER-DIRECTED CURRENT PROGRAM CONTROL — 2026-09-15,"Civil/structural/rigging, crane, wastewater, pH treatment, air-quality, environmental, plumbing/drainage, mechanical, electrical, fire/life-safety and occupational controls govern implementation."
Pouring A New Path Concrete Legacy — Stewards' Common Area,"Mirrors O'DAY'S LEGACY GARAGE: 7 TVs total (2 gaming + 5 general Steward use), pool table, full kitchen, comfortable break/lounge seating and separate quiet decompression area. Legacy-wide minimums remain additive: at least 2 shower stalls and convertible table-game equipment, with appropriate lockers/changing/uniform-cleaning support.",FOUNDER-DIRECTED CURRENT CONTROL + INHERITED LEGACY-WIDE MINIMUM,"Steward support areas must be physically protected from concrete dust, slurry, chemicals, active heavy equipment, live-pour operations, excessive noise and other production hazards."
Pouring A New Path Concrete Legacy — Fleet / Heavy Equipment,"45 units total: 6 Box Trucks for supplies; 6 Concrete Mixer Trucks; 6 Concrete Pump Trucks; 6 Dump Trucks; 6 Skid Steer Loaders; 6 Excavators; 6 Compactor Trucks/Rollers; 3 School Buses for statewide education/outreach/resources, configured exactly 1 Full ADA / 1 Mixed-Mobility / 1 Fully Non-ADA.",FOUNDER-APPROVED CURRENT CONTROLLED FLEET DESIGN — 2026-09-15 / NOT OPERATIONAL,School buses inherit the 22nd-century Legacy conversion and compatible fleet interior standard. No mobility split or passenger-hospitality package is invented for heavy equipment/cargo platforms. Platform-specific emergency-supply rules remain controlling.
Pouring A New Path Concrete Legacy — Current Controlled Visual,CURRENT CONTROLLED VISUAL — POURING A NEW PATH CONCRETE LEGACY & FLEET — 2026-09-15.png • Drive ID 1j5-UqZF7-SEZYz49_1k5XO-IvkO1DN9J. This exact Founder-approved uploaded rendering is the current controlled visual for the institution and fleet/equipment board.,FOUNDER-APPROVED CURRENT CONTROLLED VISUAL — 2026-09-15,Preserve the exact image as-is unless Founder directs an edit/replacement. The board visibly says 'Pouring A New Future Concrete Legacy'; that generated title is non-controlling. Current Founder-directed written name is 'Pouring A New Path Concrete Legacy'. The visual shows fleet/equipment exterior families; written controls continue to govern school-bus mission interiors and any required features not depicted.
