Record Type,Funder / Source,Opportunity / Feed,Geography,Discipline,Eligibility / Client Triggers,Award / Scale,Deadline,Application Fee,Match / Reimbursement,Reporting / Restrictions,Status,Source,Last Verified,Next Action
OPPORTUNITY,Maryland Humanities,FY27 Marilyn Hatza Memorial SHINE Grants,Maryland,Humanities / General Operating,"Maryland nonprofit; humanities work; current guidelines state annual budget cap of $500,000 or less; precise nonprofit/status requirements must be verified.","80 grants × $5,000",2026-09-13 11:59 PM,No fee identified — verify application,Verify guidelines,General operating; award terms/reporting apply; review guidelines.,LIVE — PRIORITY FOR MATCHING CLIENTS,https://www.mdhumanities.org/grants/,2026-08-31,"Trigger clients serving history, culture, literature, civics, media literacy, law/philosophy or other humanities; run precise eligibility before drafting."
OPPORTUNITY,Maryland State Arts Council,Grants for Organizations (GFO),Maryland,Arts / General Operating,Nonprofit/tax-exempt organization or unit of government producing/presenting ongoing arts programming open to the public in Maryland; tier/budget rules apply.,Formula-based; tiered; up to program caps,Intent to Apply 2026-09-15 for new/non-prior recipients; standard application 2026-11-15,No fee identified — verify,Program-specific,General operating; four-year cycle starting FY27; verify reporting and allowable expenses.,LIVE — CLIENT TRIGGER REQUIRED,https://compass.maryland.gov/incentives/?assistanceTypes=grant&orgTypes=non-profit,2026-08-31,Trigger arts organizations immediately; distinguish Intent-to-Apply deadline from full application deadline.
OPPORTUNITY,Maryland State Arts Council,Creativity Grants for Projects,Maryland,Arts / Projects,Artists and small organizations/collaborations with eligible Maryland arts project; planning/development or implementation track.,"Up to $4,000",Rolling monthly; listed through 2027-03-31,No fee identified — verify,Verify program terms,Project-specific; verify eligibility and reporting.,LIVE — CLIENT TRIGGER REQUIRED,https://compass.maryland.gov/incentives/?assistanceTypes=grant&orgTypes=non-profit,2026-08-31,Trigger small/emerging arts clients and community arts projects.
OPPORTUNITY,Maryland State Arts Council,Arts in Education Grant,Maryland,Arts / Education / Youth,"Schools, libraries, community centers, detention centers, government entities and nonprofits using MSAC Teaching Artist Roster programming.",Program-specific,2026-12-05,No fee identified — verify,Verify program terms,Teaching-artist/program rules apply; verify reporting.,LIVE — CLIENT TRIGGER REQUIRED,https://compass.maryland.gov/incentives/?assistanceTypes=grant&orgTypes=non-profit,2026-08-31,Trigger education/youth/arts clients and partners.
OPPORTUNITY,Kent County,Community Reinvestment and Repair Fund Small Grant Program,"Kent County, MD",Community Development / Low-income Communities,Initiative must benefit low-income communities in Kent County; quarterly windows.,"Up to $4,000",2026-09-30 current quarterly window,No fee identified — verify,Verify program terms,Until annual allocation exhausted; verify reporting/use terms.,LIVE — GEOGRAPHY TRIGGER,https://compass.maryland.gov/incentives/?assistanceTypes=grant&orgTypes=non-profit,2026-08-31,Trigger only for Kent County-serving clients.
OPPORTUNITY,Kent County,Opioid Restitution Fund Small Grant Program,"Kent County, MD",Behavioral Health / Recovery,Opioid abatement activity meeting National Settlement Agreement requirements; Kent County.,"Up to $4,000",2026-09-30 current quarterly window,No fee identified — verify,Verify program terms,Restricted to eligible opioid-abatement activities; quarterly until funds exhausted.,LIVE — PROGRAM/GEOGRAPHY TRIGGER,https://compass.maryland.gov/incentives/?assistanceTypes=grant&orgTypes=non-profit,2026-08-31,Trigger recovery/addiction clients serving Kent County.
OPPORTUNITY,City of Rockville,Community Development Block Grant (CDBG) Program,"Rockville, MD",Housing / Facilities / Community Development,Projects benefiting low/moderate-income households or neighborhoods in Rockville; current cycles exclude public services.,Program-specific,2026-10-17,No fee identified — verify,Federal/pass-through rules; verify,Capital/housing/community facility uses; public services excluded in current cycle; reporting likely substantial.,LIVE — PRECISE FIT REQUIRED,https://compass.maryland.gov/incentives/?assistanceTypes=grant&orgTypes=non-profit,2026-08-31,Trigger Rockville housing/facility/capital clients only; do not route general service programs.
OPPORTUNITY,Chesapeake Bay Trust,Outreach and Restoration Grant Program,Maryland / Chesapeake region,Environment / Outreach / Restoration,Program-specific environmental/restoration eligibility; use Trust program navigator and current RFP.,Program-specific,2026-09-03 4:00 PM ET,No fee identified — verify,Verify RFP,Environmental/restoration scope; current RFP controls.,LIVE — URGENT,https://cbtrust.org/grants/,2026-08-31,Trigger environmental/community-greening clients immediately because deadline is near.
OPPORTUNITY,Chesapeake Bay Trust,Prince George’s County Climate Resilience Hub Technical Assistance Provider,"Prince George's County, MD",Climate / Technical Assistance,Provider must meet current technical-assistance RFP and Prince George’s County scope.,Program-specific,2026-10-01 4:00 PM ET,No fee identified — verify,Verify RFP,Service-provider/technical-assistance scope; not a general nonprofit grant.,LIVE — PRECISE FIT REQUIRED,https://cbtrust.org/grants/,2026-08-31,Trigger clients with verified climate-resilience technical-assistance capability.
OPPORTUNITY,Chesapeake Bay Trust,Community Engagement and Restoration Mini Grant Program,Maryland / Chesapeake region,Environment / Community Engagement,"Project must meet current mini-grant program scope, location and applicant rules.",Program-specific,Rolling,No fee identified — verify,Verify RFP,Restricted project uses and reporting apply.,LIVE — ROLLING,https://cbtrust.org/grants/,2026-08-31,Trigger environmental/community engagement clients; verify current program page.
OPPORTUNITY,Chesapeake Bay Trust,Prince George’s County Community Gardens Mini Grant Program,"Prince George's County, MD",Food / Community / Environment,Community garden project in eligible Prince George’s County context; current program terms control.,Program-specific,Rolling,No fee identified — verify,Verify program terms,Project-specific use/reporting rules.,LIVE — ROLLING / LOCAL,https://cbtrust.org/grants/,2026-08-31,"Trigger food access, neighborhood, youth and garden clients in Prince George’s County."
OPPORTUNITY,DC Office of the Attorney General,FY27 Community Based Grant Programs,"Washington, DC",Community-Based Services,Current OAG NOFA/RFA eligibility controls; DC CBO fit must be verified.,Program-specific,2026-09-04 5:00 PM,No fee identified — verify RFA,Verify RFA,Government grant; reporting/compliance expected; current RFA controls.,LIVE — URGENT,https://communityaffairs.dc.gov/content/community-grant-program,2026-08-31,Trigger DC-serving CBO clients immediately; retrieve current RFA before drafting.
OPPORTUNITY,DC Office of Neighborhood Safety and Engagement,FY27 Group Violence Reduction Strategy Grant,"Washington, DC",Violence Prevention / Community Safety,Organization/program must meet ONSE group-violence-reduction RFA and DC requirements.,Program-specific,2026-09-14 8:00 PM,No fee identified — verify RFA,Verify RFA,Restricted violence-reduction outcomes; reporting/compliance expected.,LIVE — PROGRAM TRIGGER,https://communityaffairs.dc.gov/content/community-grant-program,2026-08-31,"Trigger violence-prevention, credible-messenger and community-safety clients."
OPPORTUNITY,DC Department of Behavioral Health,FY27 School Behavioral Health Services Comprehensive Expansion,"Washington, DC",Mental Health / Youth / Schools,Behavioral-health provider/capability and school-service requirements in current RFA must be verified precisely.,Program-specific,2026-09-22 12:00 PM,No fee identified — verify RFA,Verify RFA,Clinical/provider requirements may apply; do not infer capability.,LIVE — PRECISE FIT REQUIRED,https://communityaffairs.dc.gov/content/community-grant-program,2026-08-31,Trigger qualified behavioral-health clients; apply Precise-Fit Evidence Rule.
OPPORTUNITY,DC Department of Employment Services,"FY26 Job Readiness Training — Wards 5, 7 and 8","Washington, DC",Workforce Development,Provider must meet DOES job-readiness RFA and target-geography/population requirements.,Program-specific,2026-09-22 3:00 PM,No fee identified — verify RFA,Verify RFA,Workforce training outputs/reporting/compliance required by RFA.,LIVE — CLIENT TRIGGER REQUIRED,https://communityaffairs.dc.gov/content/community-grant-program,2026-08-31,"Trigger qualified workforce-development clients serving Wards 5, 7, 8."
OPPORTUNITY,DC Department of Employment Services,FY26 Job Readiness Training — Homeless Population,"Washington, DC",Workforce / Housing / Homelessness,Provider must meet DOES RFA and have precise experience serving homeless population.,Program-specific,2026-09-22 3:00 PM,No fee identified — verify RFA,Verify RFA,Population-specific outputs/reporting/compliance required.,LIVE — PRECISE FIT REQUIRED,https://communityaffairs.dc.gov/content/community-grant-program,2026-08-31,Trigger workforce/homeless-service clients; apply Precise-Fit Evidence Rule.
OPPORTUNITY,DC Office of the State Superintendent of Education,FY27 Direct Investment in Students (DIS) Grant,"Washington, DC",Education / Youth,Current OSSE RFA applicant and student-service eligibility must be verified.,Program-specific,2026-09-29 3:00 PM,No fee identified — verify RFA,Verify RFA,Education grant terms/reporting control.,LIVE — CLIENT TRIGGER REQUIRED,https://communityaffairs.dc.gov/content/community-grant-program,2026-08-31,Trigger DC youth/education clients; retrieve current RFA and screening matrix.
SOURCE FEED,Maryland Community Compass,"2,600+ public/private funding and support programs from 100+ sources",Maryland,Multi-discipline,"Use client entity type, geography, program, population, funding use, deadline, match/reimbursement, reporting and readiness triggers before creating an opportunity row.","2,600+ programs",Continuous,Source is free,Opportunity-specific,Opportunity-specific,ACTIVE SOURCE FEED,https://compass.maryland.gov/,2026-08-31,Use as primary Maryland discovery engine; qualify results into controlled opportunity rows.
SOURCE FEED,Maryland Department of Commerce,Nonprofit Opportunities,Maryland,Multi-discipline,"State, local and private opportunities; each listing must be verified at originating funder before recommendation.",Multiple live opportunities,Continuous,Free source,Opportunity-specific,Opportunity-specific,ACTIVE SOURCE FEED,https://business.maryland.gov/nonprofit-opportunities/,2026-08-31,Scan at least weekly and route by client triggers.
SOURCE FEED,District of Columbia Grants Clearinghouse,DC Government grant notices,"Washington, DC",Multi-discipline,CBO/nonprofit/business eligibility varies; retrieve NOFA/RFA from issuing agency.,Multiple live opportunities,Continuous,Free source,Opportunity-specific,Government reporting/compliance varies,ACTIVE SOURCE FEED,https://communityaffairs.dc.gov/content/community-grant-program,2026-08-31,Scan current notices and qualify by client geography/population/capability.
SOURCE FEED,Grants.gov,Federal grant opportunities,United States,Federal / Multi-discipline,"Use federal entity/eligibility filters; current search shows nonprofit, small-business and other eligibility categories; registration lead times matter.","1,000+ open grant listings in current search",Continuous,Free source,Opportunity-specific,Federal reporting/compliance varies,ACTIVE SOURCE FEED,https://www.grants.gov/search-grants.html,2026-08-31,Use for federal client scan; apply registration-readiness and lead-time triggers before recommending.
SOURCE FEED,Chesapeake Bay Trust,Program Navigator / Open Grants,Maryland / Chesapeake region,Environment / Community,"Search by project type, location and eligibility; program page/RFP must control precise fit.",Multiple open/rolling programs,Continuous,Free source,Opportunity-specific,Opportunity-specific,ACTIVE SOURCE FEED,https://cbtrust.org/grants/,2026-08-31,"Route environment, climate, community-greening and stewardship clients through navigator."
