Instrument,Audience,Status,Purpose,Verified
Client Service Agreement,Client,Current verified packet,Service Agreement + SOW + Event Addendum + Limited Authorization + Change Order,2026-08-31
Steward Service Contract Control,Internal,Current verified,Execution / control copy,2026-08-31
Master Service Contract Control,Institutional,Current verified,Master controls,2026-08-31
Independent Contractor Agreement,Workforce,Current verified packet,Classification + IP + confidentiality + termination,2026-08-31
NDA / Confidentiality,Workforce / Partner,Current verified packet,Mutual/unilateral confidentiality use,2026-08-31
Community Partnership MOU,Partner,Current launch,Relationship separated from paid client engagement,2026-08-31
Volunteer Agreement,Internal,Current launch,Volunteer role boundaries / confidentiality / authority,2026-08-31
Venue / Event Vendor Authorization,Internal / Client,Current launch,Provider verification + limited communication authority,2026-08-31
Internal Operating MOU,Internal / Steward / Board / Leadership,Current verified packet,"Internal authority, collaboration, confidentiality, resource/IP, escalation, continuity and Return controls",2026-08-31
