THE AMW LEGACY — MASTER LAUNCH REGISTERS,
ALICIA AND MYLES WALKER • CONTROLLED OPERATING WORKBOOK • 2026-09-03,
,
KPI,Value
Active / Verify Funding Prospects,1
Excluded Funding Rows,12
Venue Candidates to Advance,2
Open Client Event Records,2
Website Items Not Complete,2
Executive Critical Actions,3
Service Library Entries,16
AMOS Triggers,61
Statement Register Entries,350
CONTROL RULES,
Loans are not AMW funding and are not represented as grants.,
The full appropriate Seal is the document watermark; phoenix-only watermarking is not the standard.,
Indya Massey is an active Co-Founder and 48% Owner; attribution is not diminished by day-to-day visibility.,
DESIGNED must never be represented as operational readiness.,
Promise does not equal possession; only possessed/eligible resources enter allocation.,
Event 1 and Event 2 remain separate evidence records.,
IP High-Risk Marks,6
IP Amber Marks,5
IP Filing Priority / Prep,0
Internal MOU,CURRENT VERIFIED
Recovery Crosswalk Items,77
Supersession Controls,19
Major exact-text recovery items resolved,11
Known exact-text statement fragments still unresolved,0
Active Master Rule,1 active master; recovery/superseded copies segregated and clearly labeled
Drive duplicate-control status,VERIFIED — 39 SHA-256-confirmed Drive duplicates were previously deleted. This naming update found 0 exact duplicate register rows and deleted no Drive files; provenance was preserved.
Recovered Work Register Items,95
New G01 / Compliance Statement Placements,3
This sweep — new Statement Placements,7
This sweep — new AMOS Controls,3
Requested Workstream Reconciliation Items,121
SHA-256-confirmed Drive duplicates deleted this review,39
Large same-size HTML candidates held — not deleted without hash proof,2
Resource Architecture Items,16
Legal Resource Register Items,14
Financial Control Items,16
Campus & Interior Controls,115
Holiday Readiness / QR Controls,15
Free Access Guide,RESTORED — CANONICAL DRIVE DOC
New exact duplicate rows found this pass,0
Duplicate rule,Delete only exact/verified duplicates; preserve non-identical and provenance records
Master Lock Register Items,23
Learning & Assurance Items,6
IR03 Learning Architecture Items,6
G01 Operating Control IDs Preserved,18
Holiday Request Status Items,19
Source-limited G01 control bodies,18
Duplicate rule,"Erase only verified duplicates; preserve non-identical, superseded, developing, and provenance records unless a governing replacement explicitly requires otherwise."
Pond Global Control Register Items,21
Confirmed Pond Global Standard,OPERATIONAL GLOBAL STANDARD — ACTIVE
Legacy Institution Names,47
Institution-name associations pending,0
Founder-directed naming supersessions,9
,
I AM A MASTERPIECE Cosmetology Gallery,OPERATIONAL LEGACY CONTROL — ACTIVE / EXTERNAL LICENSING & COMMISSIONING GATES REMAIN
Confirmed Cosmetology Visual,CURRENT CONTROLLED VISUAL — 2026-09-03
Don't Run From Betterment HIV/AIDS Center,OPERATIONAL LEGACY CONTROL — ACTIVE / REGULATED CLINICAL SERVICE GATES REMAIN
Confirmed HIV/AIDS Center Visual,CURRENT CONTROLLED VISUAL — 2026-09-03
Legacy Awards,36
Recognition Families,5
One Awards Selection Process,CURRENT CONTROLLED / ML-002
Selection Circle,5 voting + 1 non-voting Records Steward
Universal Scoring Rule,100 points • 5 criteria • 80 normal threshold
PEBBLE OF THE YEAR,CHILD / FUTURE LEGACY CREATOR ONLY — RESTORED CONTROL
Dave's Ultimate Good Doggie,DOG + HANDLER TEAM
Award Public/IP Status,Selection architecture controlled; public name clearance separately governed
Barclay's Best Buddy,CURRENT CONTROLLED — DAVE'S DOG CENTER
Barclay's Choice Awards,2
BARCLAY'S CHOICE — BEST TRAINER,SC-B / BARCLAY CHOICE GATE
BARCLAY'S CHOICE — BEST COMFORT BUDDY,SC-B / BARCLAY CHOICE GATE
PREPPIEST PONY,CURRENT CONTROLLED — PARTICIPANTS' FAVORITE HORSE
Participant Choice Rule,PC-01 — ONE ELIGIBLE PARTICIPANT = ONE PRIVATE BALLOT
PREPPIEST PONY Honoree,HORSE ONLY
Animal Recognition Family,9
,
Imagine Aquarium Magic,"OPERATIONAL LEGACY CONTROL — ACTIVE / EXTERNAL ANIMAL-WELFARE, LIFE-SUPPORT, PERMIT & VEHICLE GATES REMAIN"
Aquarium Building,WHOLE-BUILDING INTERACTIVE / FRESHWATER + SALTWATER + HALLWAY EURYHALINE SYSTEMS
Hands-On Floor,FIRST FLOOR — WELFARE-APPROVED HANDLING-FRIENDLY ANIMALS ONLY
Aquarium Fleet,3 SCHOOL BUSES • 3 MEGA BUSES • 3 COACH BUSES
Educational Mobiles,1 MEGA BUS + 1 COACH BUS
Aquarium Bus Interiors,"OPEN / QUARANTINED — FIVE 2026-09-22/23 AQUARIUM INTERIOR RENDERINGS EXIST AS GENERATED + LIBRARY-PRESENT PROVENANCE; NOT FOUNDER-APPROVED / NOT UPDATE-AND-SAVED / NOT CURRENT-CONTROLLED. NO COMPLIANT CURRENT-CONTROLLED AQUARIUM BUS-INTERIOR VISUAL EXISTS."
Aquarium Uniform System,CURRENT CONTROLLED UNIFORM — 2026-09-05
Aquarium Uniform Primary Colors,DEEP NAVY / MIDNIGHT + EMERALD GREEN
Aquarium Uniform Secondary / Accents,SLATE GRAY + ANTIQUE GOLD + WARM IVORY
Aquarium Uniform Visual,CURRENT CONTROLLED UNIFORM VISUAL — 2026-09-05
,
Just Love Pond — Institution Entrance Standard,CURRENT CONTROLLED / ML-003
Applies To,EVERY CURRENT + FUTURE LEGACY INSTITUTION
Relationship to Just Love Coy Pond,SEPARATE ENTRANCE-SCALE FEATURE; MAIN CAMPUS/GLOBAL POND REMAINS DISTINCT
O'DAY'S LEGACY GARAGE Fleet,OPERATIONAL FLEET CONTROL — ACTIVE / PHYSICAL DEPLOYMENT GATED
Garage Fleet Composition,2 FLATBED TOW TRUCKS • 4 MEGA BUS MOBILE SHOPS
Mobile-Shop Customer Area,REQUIRED IN EACH OF 4 MEGA BUS SHOPS
Customer / Work-Zone Separation,CURRENT CONTROLLED SAFETY REQUIREMENT
Garage Fleet Visual,CURRENT CONTROLLED VISUAL — 2026-09-06
O'DAY Fleet Controls,12
Friday Founder Review — 2026-09-04,FOUNDER INTEGRATED — 2026-09-06
Friday Review Drive Location,81 — FRIDAY REVIEW — FOUNDER INTEGRATED — 2026-09-06
Sept. 6 Founder-Confirmed Update,O'DAY'S LEGACY GARAGE FLEET — CURRENT CONTROLLED
Legacy Approved Visuals,SOURCE-OF-TRUTH FOLDER VERIFIED
Permanent Draft Operation Manual Packages,3
Institution / Site Manuals Covered by Permanent Draft Set,35
Fleet / Mobile Manual Draft Packages,13
Permanent Draft Status,PERMANENT DRAFT / OPERATIONAL CONTROL SET — ACTIVE
Turning the Page Current Name,TURNING THE PAGE RESHAPERS VILLAGE
Turning the Page Status,CURRENT CONTROLLED DESIGN — SAVED TO LEGACY — NOT OPERATIONAL
Turning the Page Resident Units,20 TOTAL — 10 MEN / 10 WOMEN — 4 RESHAPERS EACH
Turning the Page Fleet,8 VEHICLES — 3 VANS / 3 MEGA BUSES / 2 DOUBLE-DECKERS
Turning the Page Visual,CURRENT CONTROLLED VISUAL — 2026-09-10
Pouring It Back In Current Status,OPERATIONAL LEGACY CONTROL — ACTIVE / FOOD-RETAIL & TRANSPORT ACTIVATION GATED
Pouring It Back In Placement,ADJACENT TO COMMUNITY GARDEN + HELEN'S HAVEN
Pouring It Back In Fleet,7 VEHICLES — 3 VANS / 2 BOX TRUCKS / 2 MIXED-ABILITY DOUBLE-DECKERS
Pouring It Back In Uniforms,CASUAL — EMERALD GREEN / MIDNIGHT DARK NAVY / ANTIQUE GOLD
Pouring It Back In Visual,CURRENT CONTROLLED VISUAL — 2026-09-11 — DRIVE ID 1n3R_br1mxvu8rdKIE0lVBEJFrZMTRpoe
Barclay's 24 Hour Oopsie Hospital Status,OPERATIONAL LEGACY CONTROL — ACTIVE / VETERINARY CLINICAL COMMISSIONING GATED
Barclay's Oopsie Detailed Design,RECOVERED — SEPTEMBER 5 DESIGN BOARD
Barclay's Oopsie Dedicated Standard,DRIVE DOC ID 1O-1jlJcYwiEOayfRGEZWU3c1jJQPIn33lvHCRP9j-dI
Barclay's Oopsie Visual Archive,RECOVERED EXACT SOURCE — EXACT RAW BYTES DRIVE-VERIFIED — DRIVE ID 1LMZv-Nqf8Ot8l63fb_2ijundlStNssII
Barclay's Oopsie Fleet,CURRENT CONTROLLED — ANIMAL AMBULANCE + MOBILE SURGERY UNIT — BARCLAY EXACT-PHOTO / APPROVED-WRAP CONTROL
Founder Save / Update Control,CURRENT CONTROLLED — AUTOMATIC DURABILITY — DOC 1rGZGu80JfDukqC1oKUsNhKCANa5ZCTQiFLGadOMjsyY
Save / Update Recovery Audit,CURRENT CONTROLLED — DOC 195VZ6Wem3cCQdsTFe3rXZxIh_67OkjfoMVsgtkLHeZA
September 5 Integration Hold,REPAIRED / SUPERSEDED BY FOUNDER-INTEGRATED CURRENT RECORDS
Exact Raw Visual Transfer Gaps,0
Legacy-Wide Humane / Compliance Control,CURRENT CONTROLLED — LW-GSC-01 / ML-005 — DOC 1abfrjxgXttD0IN4gFiC6bGhJ6Bz8avwE_X90PvLPvak
Humane Participation Full-Stop,NO PAIN / STRESS / FEAR CONSIDERED HUMANE — HUMAN + ANIMAL PARTICIPANTS
Abuse Full-Stop,IMMEDIATE PROTECTION + TERMINATION WHERE LAWFUL + CRIMINAL/PROTECTIVE REPORTING
Institution Budget Deadline,15TH OF EVERY MONTH — RECEIPTS PRESENTED WITH MONTHLY BUDGET
Steward Schedule / Leave Deadline,WEDNESDAY BEFORE CLOSE OF BUSINESS — TO INSTITUTIONAL HR FOR FOLLOWING WEEK
Institution Governance Inheritance,47 CURRENT INSTITUTIONS CROSS-REFERENCED TO LW-GSC-01 / ML-005
Make The Changes Current Name,MAKE THE CHANGES RECOVERY VILLAGE — OPERATIONAL LEGACY CONTROL ACTIVE / CLINICAL-HOUSING-TRANSPORT GATES REMAIN
Pre-Existing Control Inheritance,CURRENT CONTROLLED — APPLY BEFORE EVERY PROMPT/ACTION; OMISSION ≠ SUPERSESSION
No Blank Slate / Inheritance Safeguard,CURRENT CONTROLLED — ML-006 — APPLICABLE CONTROLLED WORK + ALL CURRENT NON-SUPERSEDED FOUNDER CONTROLS MUST BE INHERITED BEFORE EXECUTION
Daily Mirror Review / Self-Governing Correction Control,CURRENT CONTROLLED — ML-007 — DAILY 1:00 AM EASTERN
Mirror Review Archive,CURRENT CONTROLLED — archives known institutional/self Mirror Reviews and correction status. Dedicated archive: 18Ep5-ZBqwu3GmkUpEgqARkhtbEslFlNyKRwzvtYFD2o.
Known Correction Auto-Execution,ML-008 — correct known failures without repeat Founder prompting; acknowledgment is not closure.
Visual Rendering Preflight,ML-009 — no visual presented as compliant until requested visible controls pass preflight.
Approved Artifact Preservation,ML-010 — follow-on views are additive unless Founder orders redesign/supersession.
Exact Scope Isolation,ML-011 — no cross-institution contamination without explicit or controlled inheritance.
Repeated Failure Escalation,ML-012 — recurrence triggers Level 4 Strengthen and output hold until gate passes.
Recursive Mirror Review Control,ML-023 — COMPLETE PROMPT / RECURSIVE CROSS-REFERENCE / FULL WORK+VISUAL REVIEW / FINAL PYTHON REPEAT-UNTIL-PASS
Current Visual Corpus Census,1008 IMAGES — 744 MODEL-GENERATED / 264 NON-GENERATED — LIVE CENSUS 2026-09-23
Approved Visual Authority,SEE 'Approved Visual Authority 9-19' — DRIVE VERIFIED + EXACT SOURCE GAPS
Sports Combined Fleet Rendering,QUARANTINED / NON-CONTROLLING — INDIVIDUAL SAVED BASES PRESERVED
Legacy Stabilization Mode,ACTIVE — ML-024
Normal Design / Rendering Development,FROZEN unless Founder explicitly releases
Urgent Registration / Licensing / Funding / Client Operations,NOT FROZEN — may proceed when Founder directs
Single Operational Source of Truth,AMW_MASTER_LAUNCH_REGISTERS_CURRENT_STABILIZATION_ACTIVE.xlsx — SINGLE OPERATIONAL SOURCE OF TRUTH
Historical Masters,PRESERVED PROVENANCE — NOT DELETED
Full Work-Product Corpus,"1,172 FILES — LIVE CENSUS 2026-09-23"
Authority Classification,IN PROGRESS — SEE Stabilization Control Center / Open Recovery Queue
Stabilization Exit,FOUNDER RELEASE + ALL REQUIRED EXIT GATES HOLD
Pond Global Standard,OPERATIONAL GLOBAL STANDARD — ACTIVE
I AM A MASTERPIECE Cosmetology Gallery,OPERATIONAL LEGACY CONTROL — ACTIVE / EXTERNAL LICENSING & COMMISSIONING GATES REMAIN
Don't Run From Betterment HIV/AIDS Center,OPERATIONAL LEGACY CONTROL — ACTIVE / REGULATED CLINICAL SERVICE GATES REMAIN
Funding Continuity,URGENT / CONTINUOUS / NEVER FROZEN — FULL FUNDING CONTROLS APPLY
Operationalization Register,CURRENT — SEE 'Operationalization Register'
Prompt Persistence / No Re-Prompt,ACTIVE — ML-008 + ML-023 — COMPLETE FOUNDER PROMPT REMAINS CONTROLLING THROUGH CLOSURE; REPASTE NOT REQUIRED
Chat Continuity / Founder Authority,"ACTIVE — FOUNDER CORRECTION 2026-09-23 — ASSISTANT MAY NOT CREATE OR ENFORCE A NEW-CHAT/FAILURE CONTROL. REPEATED FAILURES REQUIRE CORRECTION + MIRROR REVIEW + PYTHON/GITHUB VALIDATION IN THE CURRENT CHAT. A NEW CHAT OCCURS ONLY BY FOUNDER CHOICE OR A PLATFORM-IMPOSED HARD CONVERSATION LIMIT."
