Owner,Responsibility,Priority,Status,Due / Trigger,Evidence / Deliverable,Next Return
CEO,Legal recognition / public identity execution,CRITICAL,OPEN,Immediate,Filed/accepted legal records; no premature status claims,Board / Co-Founder
CFO,Startup funding pipeline and financial model,CRITICAL — URGENT,ACTIVE — CONTINUOUS / NEVER FROZEN,CONTINUOUS,Qualified non-debt/non-equity funding pipeline; registration-readiness; deadlines; application pulls; financial schedule; full eligibility screening,Founders / Board
COO,Steward/Board/workforce launch readiness,HIGH,BUILD,Before hiring,"Applications, screening, agreements, onboarding, payroll-ready controls",CEO / Board
CMO,Brand/IP/website/client publications,HIGH,BUILD,Before public launch,"Brand Book, full-Seal watermark, website, statement register",CEO
CTO,Website/forms/data/access controls,HIGH,BUILD,Before public intake,"Deployed site, forms, routing, access/backup controls",COO / CEO
Board Chair,Governance/constitution/continuity readiness,HIGH,BUILD,Before Board activation,"Board packet, calendar, governance core, succession controls",Board
Records Steward,Source-to-master recovery reconciliation,CRITICAL,ACTIVE,Before next controlled publication,Crosswalk of recovered / current / superseded / unresolved work; active master contains verified restorations,Founders / Friday Review
Brand/IP Steward,Materialize/verify BPR01 recovered instruments,HIGH,ACTIVE,Before IP filing/public Brand Book finalization,"BPR01-001–006 provenance, two Seal Specifications, fixed/adaptable inventory",Founder / CMO
Continuity Steward,Resolve field-level AMOS source gaps without invention,HIGH,ACTIVE,Ongoing recovery,Identifier-to-source crosswalk; exact recovered text restored; remaining field-level originals clearly marked,Council / Founders
Governance / Records Steward,Materialize/recover G01 Governance Record Package originals,HIGH,ACTIVE,Source recovery / before Governance publication,G01-F01–F08 exact-source package; G01-IA01–IA10 source crosswalk; Council Decision Record spine,Council / Founders
People & Continuity Steward,Recover original workforce/Board package artifacts,HIGH,ACTIVE,Before hiring / Board activation,"Steward application/screening/onboarding/separation, role/leadership/Board packets; no invented fields",Founders / Council
Continuity / Records Steward,Recover exact historical 100-Year Mirror Review wording/cadence without importing the 50-Year question by assumption,HIGH,ACTIVE,Before formal 100-Year Mirror adoption/publication,"Source evidence for exact prior 100-Year wording, or explicit Founder redefinition tied to Century Vision",Founders / Legacy Council
Records / Campus Steward,Develop O'DAY'S LEGACY GARAGE implementation-readiness plan from the Founder-confirmed current controlled Automotive Institution design,HIGH,ACTIVE,Before campus architecture / capital planning finalization,Confirmed fixed-site design: 8 bays; 3 alignment; 4 tire; EV/Hybrid; 1 mobile toolbox per bay; 4 stationary toolboxes; 4 hazard/sanitation stations; HVAC/mechanical ventilation; locker room with 2+ showers; uniform-cleaning logistics; Midnight/Deep Navy + Slate Gray uniforms; Slate Gray floor; Midnight/Deep Navy ceiling; Antique Gold accents; 7-TV Common Area; windows on every exterior wall; 1 bay window. Confirmed fleet: 2 flatbed tow trucks + 4 Mega Bus mobile shops; each mobile shop has separated customer waiting/rest and active work zones. Verify code/safety/equipment/site/fleet engineering and operating readiness.,Founders / Campus Review
CEO / Legal Formation Steward,Resolve resident-agent selection and evidence for any future LLC filing,CRITICAL,OPEN,Before signing/filing Articles of Organization,Current Maryland form; selected agent's full legal name or exact SDAT business name; eligible Maryland physical address with no P.O. box; signed resident-agent consent; authorized-person signature; formation/conversion path confirmed,Co-Founders / Counsel if engaged
Records / Campus Steward,Develop Chrys's Masterpiece Wood-shop implementation-readiness plan from the Founder-confirmed current controlled design,HIGH,ACTIVE,Before campus architecture / capital planning finalization,Confirmed design: Slate Gray walls/floors; Antique Gold accents; bright task lighting; 10 work areas with mobile toolboxes; 5 stationary toolboxes; 5 table-saw stations; 5 wood-burning stations; 4 hazard/sanitation stations; HVAC/mechanical ventilation/dust-fume control; locker-room plumbing/drainage; uniform-cleaning logistics; 7-TV Common Area; windows on every exterior wall; 1 bay window; machine guarding/fire/electrical/occupancy/accessibility/site requirements verified,Founders / Campus Review
Campus / Aquatic Systems Steward,"Develop site-specific Just Love Coy Pond implementation plans from the Global Climate, Ecology & Life-Support Standard",HIGH,ACTIVE,"Before any lake/site capital planning, permitting, procurement or stocking",For each site: climate class + overlays; local legal/biosecurity gate; fish/plant list; usable fish volume; biomass/stocking calculation; hydraulic model; filtration/aeration/back-up design; storm/freeze/heat contingency; aquatic-veterinary/ecology review,Founders / Campus Review
Founder / Records Steward,Confirm the associated institution or site function for Live In The Moment Always,HIGH,CLOSED — RESOLVED 2026-09-17 / WRITTEN FORWARD 2026-09-19,RESOLVED,LIVE IN THE MOMENT ALWAYS = Soccer / Futsal All-Year Stadium & Sports Complex; current all-year institution/fleet and uniform visuals are verified current-controlled.,Legacy Institutions / Campus Review — CLOSED
Brand/IP Steward,Triage and individually clear the 33 Founder-directed Legacy institution names before public source-identifying use or filing,HIGH,OPEN,"Before public launch, filing, merchandising, signage or capital materials using a name as a mark","Per-name exact/variant federal, Maryland and common-law search; intended classes/services; risk/status; filing or hold decision; provenance retained",Founder / CMO / Counsel if engaged
Records / Campus / Cosmetology Steward,Maintain I AM A MASTERPIECE Cosmetology Gallery operational control and close external activation gates,HIGH,OPERATIONAL CONTROL ACTIVE,Continuous until external activation gates hold,Verify site/layout; 6 shampoo / 8 booths / 2 dye / 4 nail / 4 pedicure / 4 heat / 4 hood-dryer stations; 7-TV Common Area; kitchen; children’s area; bay window; waterfalls; plumbing/electrical/fire; high-capacity ventilation/local exhaust; sanitation/chemical/SDS controls; accessibility; linens/laundry; workforce/licensing; insurance; equipment and capital readiness,Founders / Campus Review
Records / Campus / Health & Healing Steward,Maintain Don't Run From Betterment HIV/AIDS Center operational control and close regulated-service activation gates,HIGH,OPERATIONAL CONTROL ACTIVE,Continuous until external activation gates hold,Verify site/layout; 10 Wellness Pods; privacy/acoustics; Warm Ivory/Antique Gold/Slate Gray environment; Warm Ivory + Antique Gold uniforms; clinical vs nonclinical scope; qualified/credentialed specialists; privacy/security; accessibility; safeguarding; infection-control; HVAC; emergency systems; telehealth/testing/treatment requirements; records/referrals; insurance; workforce; equipment and capital readiness,Founders / Campus Review
Awards / Records Steward,Materialize the first annual Legacy Awards cycle from the controlled selection architecture,HIGH,OPEN,Before first nomination window,Annual award calendar; nomination form; eligibility checklist; evidence list; five-seat Selection Circle roster/recusals; completed Award Scoring Template; verification; honoree/publicity choice; Return & Record,Founders / Legacy Council
Brand/IP Steward,Triage the 36 award names for intended public/source-identifying use before trademark filing or exclusivity claims,HIGH,OPEN,Before public filing / merchandise / permanent signage using an award as a mark,"Per-award exact/variant federal, Maryland and common-law search; intended classes/services; clearance/hold decision; provenance preserved",Founder / CMO / Counsel if engaged
Dave's Dog Center / Awards Steward,Prepare the first Barclay's Best Buddy / Barclay's Choice award cycle from the controlled SC-B process,MEDIUM,OPEN,Before first Barclay's Choice evaluation period,Eligible Best Trainer / Best Comfort Buddy pools; conflict-cleared SC-B roster; ordinary observation plan; welfare/no-influence briefing; scoring records; verification; consent; Return & Record,Founders / Dave's Dog Center Review
Helen's 4-H / Awards Steward,Prepare the first PREPPIEST PONY Participants' Favorite Horse vote under PC-01,MEDIUM,OPEN,Before first participant-choice voting window,Welfare-cleared eligible horse list; pre-defined eligible participant group; private one-person/one-ballot method; no-campaigning briefing; secure tally with independent verifier; neutral tie method recorded before count; winner welfare verification; Return & Record,Founders / Helen's 4-H Review
Records / Campus Steward,"Maintain Imagine Aquarium Magic operational control; when the Founder asks to show Aquarium Bus Interiors, recover/display the exact existing saved/current-controlled source only; no new rendering unless expressly requested",HIGH,OPERATIONAL CONTROL ACTIVE / VISUAL RETRIEVAL-ONLY,Continuous until external activation gates hold,"Exact current Imagine controls + exhaustive recovery path for any requested existing interior visual; recovery gap preserved if exact source is not recovered; no generative substitute",Founders / Campus Review
Garage / Transportation Steward,Maintain O'DAY'S LEGACY GARAGE Fleet operational control and close vehicle-deployment gates,HIGH,OPERATIONAL CONTROL ACTIVE,Continuous until vehicle-deployment gates hold,2 flatbeds; 4 Mega Bus mobile shops; tow/flatbed ratings; payload/GVWR/axles; conversion engineering; customer waiting/rest zone in each bus; work/customer physical separation; tools/lifts/jacks/equipment securement; power/HVAC/exhaust; fluids/waste; fire/life safety; accessibility/mixed mobility; Wi-Fi/connectivity; renewable/solar-assisted auxiliary power where feasible; registration/licensing; insurance; maintenance; staffing/training,Founders / Garage / Fleet Review
Food / Community Enterprise Steward,Maintain Pouring It Back In operational control and close food/retail/site/transport activation gates,HIGH,OPERATIONAL CONTROL ACTIVE,Continuous until external activation gates hold,"Current controlled design, Steward Common Area, fleet, food safety, licensing, sanitation, delivery/cold-chain, accessibility and site-conversion evidence",Founders / Campus / Food System Review
Veterinary / Animal Care Steward,Maintain Barclay's 24 Hour Oopsie Hospital operational control and close veterinary clinical/vehicle commissioning gates,HIGH,OPERATIONAL CONTROL ACTIVE,Continuous until external activation gates hold,Recovered hospital program; veterinary licensing/credentials; 24-hour staffing; infection control; pharmacy/diagnostics/surgery; welfare; emergency systems; Animal Ambulance + Mobile Surgery Unit readiness,Founders / Animal Care / Veterinary Review
Recovery / Health & Housing Steward,Maintain Make The Changes Recovery Village operational control and close clinical/housing/transport activation gates,HIGH,OPERATIONAL CONTROL ACTIVE,Continuous until external activation gates hold,"Current detox/clinical, housing/RA, emergency/security, accessibility, ambulance/transport, staffing, insurance, licensing and site/capital evidence",Founders / Recovery Village Review
