Fleet / Program,Controlled Composition,Interior Inheritance,Mobility / Restroom,Emergency Supply,Specialty Overlay,Audit Status,Authority / Source
THE AMW LEGACY General Transportation Fleet,"Current approved general transportation fleet visual; includes 15-passenger shuttle, party-bus/van, school-bus, tour-bus, Mega-Bus/regional/gaming vehicles and 2 Mega-Bus Mobile Offices.",FULL Legacy-wide baseline; approved general visual is the baseline source consolidated into the written standard.,Mixed / Full ADA / Fully Non-ADA variants as previously Founder-controlled; Mobile Office platform remains Mega Bus.,Platform rule applies; Mega-Bus Mobile Offices specifically 20 people / 7 days.,"General passenger, office, gaming, learning and transport functions.",RECONCILED — CURRENT,https://docs.google.com/document/d/1RwzCJJLIuPL0g0IHGvxnzwisX0nzOkc5ewEwEC4wUns/edit
Don't Run From Betterment Fleet,6 vehicles: 2 school-bus retreats + 2 tour-bus retreats + 2 Mega-Bus retreat/resource stations.,FULL baseline explicitly inherited; earlier feature list is supplemental.,All 6 Full ADA; accessible boarding/circulation/securement/seating + ADA restroom.,Tour/Mega: 100 people / 7 days; school-bus class retains previous controlled capacity.,Luxury retreat + information/resource + privacy/health-support safeguards.,RECONCILED — CURRENT,https://docs.google.com/document/d/1RnqTop1L-i3aLpmQD4J4Y_QM0auPrV8lwxx9rlLZJjg/edit
Barclay's Puppy's Carpool,2 converted 15-passenger vans: The Explorer + The Companion.,FULL compatible baseline; dog-specific features are additive.,Existing accessible-entry features where applicable; no new mobility configuration invented.,Each van: 20 people / 7 days.,"Dog restraint, beds, feeding/water, enrichment, potty/sanitation, animal-safe materials and handler safety.",RECONCILED — CROSS-REFERENCE,https://docs.google.com/document/d/1u5jKvvqK1l98OQdP9_RDtamD3DDhz4ugGtwCP6Ihu_0/edit
Barclay's Rescue Pawtrol,2 Tour Buses: surgery/emergency/diagnostics/recovery + wellness/support/clinical support.,FULL compatible baseline; clinical/veterinary requirements are additive.,Both Full ADA design intent.,Each Tour Bus: 100 people / 7 days.,"Infection control, clean/dirty workflow, clinical power/storage, pet-parent waiting, veterinary safety.",RECONCILED — CROSS-REFERENCE,https://docs.google.com/document/d/1u5jKvvqK1l98OQdP9_RDtamD3DDhz4ugGtwCP6Ihu_0/edit
Imagine Aquarium Magic Fleet,9 vehicles: 3 school buses + 3 Mega Buses + 3 coach buses; 1 educational Mega + 1 educational coach.,FULL baseline explicitly inherited; educational interiors may remain design-development without losing baseline.,Final accessibility distribution remains governed by current AMW fleet controls; no extra configuration inferred.,Mega/Coach: 100 people / 7 days; school-bus class retains previous controlled capacity.,"Aquatic education; live-animal use requires welfare, filtration, temperature, biosecurity, restraint, sanitation and emergency-power controls.",RECONCILED — CURRENT,https://docs.google.com/document/d/1rRQD-A9QBw7-2CUV0nviMKIB2axtRsyXWIgBxoKIaL8/edit
O'DAY'S LEGACY GARAGE Fleet,6 vehicles: 2 flatbed tow trucks + 4 Mega-Bus mobile automotive shops.,Mega-Bus customer/support zones: FULL passenger-support baseline. Flatbed cabs/support: compatible features only.,Accessibility/mixed-mobility planning only where approved chassis/use supports it; no new configuration invented.,Mega Buses: 100 people / 7 days; flatbeds retain previous class requirement.,"Automotive work zone separated from customer rest zone; shop safety, fumes, fluids, tools and contamination controls govern active work areas.",OPERATIONAL FLEET CONTROL — ACTIVE / DEPLOYMENT GATED,https://docs.google.com/document/d/12ZNRrVkuP3y9X58VVnZXA9AC4bkgrK5ccnU3Tt1mTMI/edit
I AM A MASTERPIECE Mobile Salon Fleet,4 vehicles: 2 coach-bus travel salons + 2 15-passenger quick-service salon vans.,FULL baseline explicitly inherited; salon controls additive.,Existing accessibility planning applies; exact configuration remains per approved vehicle design.,Vans: 20 people / 7 days; Coaches: 100 people / 7 days.,"Salon ventilation, sanitation, chemical/SDS, licensing, safe water/waste and parked-service rules.",RECONCILED — CURRENT,https://docs.google.com/document/d/14bdycr2ixq2bIvj7b4cLxrHapQr8_woqMiDcMkkfQ2w/edit
Grace's Healing Center Associated Fleet,5 Founder-approved vehicle types/options; exact quantities NOT fixed.,FULL baseline explicitly inherited; existing list is supplemental.,Full ADA design intent / accessible features as controlled; actual platform determines final configuration.,Platform-specific current standard once actual vehicle class is fixed.,"Clinical/privacy/wellness, telehealth and infection-control safeguards.",RECONCILED — QUANTITIES OPEN,https://docs.google.com/document/d/1KtUPK-OAB3CsPEbsd5uEC5GGoK5xWpMnqYagfaXtsIw/edit
Mike's Media Center Fleet,4 vehicles: 1 15-passenger News Van + 2 Mega-Bus Mobile Production Studios + 1 Coach Outreach Vehicle.,FULL baseline explicitly inherited; production equipment additive.,Applicable accessibility configuration remains controlled by vehicle design.,Van: 20 people / 7 days; Mega/Coach: 100 people / 7 days.,"Production monitors, cameras/audio, racks, editing/workstations, data/cyber and equipment securement.",RECONCILED — CURRENT,https://docs.google.com/document/d/1KwwPOQoZslCqBz1KpaCtzeCBIKsMUTai5wXNI0uFPcY/edit
MAKING XYLEM WHILE MAKING LEGACIES Fleet,8 vehicles: 3 15-pass vans + 3 Mega Buses + 2 Double-Deckers.,FULL baseline explicitly inherited; STEAM/age-banded program features additive.,15-pass: Full ADA/Mixed/Non; Mega: Full ADA/Mixed/Non; Double-Decker: Full ADA/Non.,Vans: 20 people / 7 days; Mega + Double-Decker: 100 people / 7 days.,"Interactive STEAM, age-banding, secure learning equipment, equivalent access on ADA Double-Decker.",RECONCILED — CURRENT,https://docs.google.com/document/d/1Fe4MlBTe1ab9xauth2XggMwC6iD-0eqc8mgbng3KGBQ/edit
Let Love Win LGBTQ+ Family House Transportation Fleet,18 vehicles: 3 22nd-century school buses supplies; 3 statewide 15-passenger vans (ADA/Mixed/Non-ADA); 3 statewide Tour Buses (ADA/Mixed/Non-ADA); 3 statewide Mega Buses (ADA/Mixed/Non-ADA) resources/outreach/education; 3 regional Double-Deckers (ADA/Mixed/Non-ADA) travel/resources/outreach/education; 3 Mega Buses (ADA/Mixed/Non-ADA) mobile classrooms.,Passenger/learning vehicles inherit the FULL compatible Legacy-wide baseline. School buses remain supply buses under ML-022. Mobile-classroom/resource functions are additive and do not erase safe travel seating/securement.,ADA/Mixed/Non-ADA exactly where Founder assigned above. School buses have no new split inferred beyond the Founder prompt. Applicable bus restrooms follow vehicle class/mission controls.,Current platform-specific emergency standards apply; supply buses are mission cargo/supply platforms.,LGBTQ+ family education/resource/support identity; current House naming; exact vehicle purposes locked.,CURRENT CONTROLLED FLEET VISUAL SAVED 2026-09-17,Drive ID 13mI_zSd__XaTTPZpVAfPs5UEknVCSAM8; Founder fleet prompt + ML-021/022.
Dave's Dog Center General Fleet,Current controlled vehicle composition not recovered in Drive from this audit.,Global baseline automatically applies once recovered/established.,NO CONFIGURATION INVENTED.,Use actual vehicle class once recovered; no capacity invented for unknown class.,Animal-care/transport overlays apply where relevant.,SOURCE GAP — DO NOT INVENT,https://docs.google.com/document/d/1u5jKvvqK1l98OQdP9_RDtamD3DDhz4ugGtwCP6Ihu_0/edit
Barclay's 24 Hour Oopsie Hospital Fleet,2 specialty veterinary vehicles: Animal Ambulance + Mobile Surgery Unit.,FULL compatible Legacy-wide baseline plus veterinary clinical/welfare controls; specialty medical layout remains mission-specific.,Accessibility configuration remains governed by current Founder-approved vehicle design / applicable law; no additional configuration inferred.,Emergency capacity follows the actual approved specialty platform; no unsupported passenger-capacity requirement is invented.,"Shared Barclay exact-photo / approved-wrap control; Animal Ambulance emergency transport; Mobile Surgery Unit veterinary surgery. Infection control, clean/dirty workflow, emergency power, secure medical storage, animal welfare, sanitation, licensing/credentials and vehicle engineering remain additive.",SOURCE GAP — DO NOT INVENT,https://docs.google.com/document/d/1u5jKvvqK1l98OQdP9_RDtamD3DDhz4ugGtwCP6Ihu_0/edit
All Future / Recovered Fleets,Any later Founder-approved vehicle or recovered current fleet.,AUTOMATIC full Legacy-wide inheritance unless an explicit documented exception governs.,Mobility configuration must be Founder-controlled or recovered; never inferred.,Platform-specific emergency standard applies; unlisted classes retain prior control until amended.,Institution/mission-specific overlays are additive.,GLOBAL INHERITANCE RULE,https://docs.google.com/document/d/1RwzCJJLIuPL0g0IHGvxnzwisX0nzOkc5ewEwEC4wUns/edit
Turning the Page Reshapers Village Fleet,8 vehicles: 3 statewide/release-pickup 15-passenger vans + 3 Mega Buses for extended travel + 2 Double-Deckers for education/community outreach/resources.,FULL Legacy-wide fleet-interior baseline explicitly inherited; education/resource overlays are additive.,15-passenger vans: 1 Full ADA / 1 Mixed-Mobility / 1 Fully Non-ADA. Mega Bus and Double-Decker mobility configurations NOT specified and NOT inferred.,Vans: 20 people / 7 days; Mega Buses + Double-Deckers: 100 people / 7 days.,"Reshaper transportation, release pickup, extended travel, education, community outreach and resources; casual institution uniform identity; separation/safeguarding rules apply to Future Legacy Creator interactions.",RECONCILED — CURRENT CONTROLLED DESIGN 2026-09-10,https://docs.google.com/document/d/1AFDNiLoaH4zuhCzRTWwG2qDBB6B21L9T45opqM5GT9k/edit
Pouring It Back In Cafe & Market Fleet,7 vehicles: 3 statewide 15-passenger vans + 2 food-delivery box trucks + 2 Double-Deckers for education/resources/community events.,Passenger vehicles inherit the FULL compatible Legacy-wide fleet-interior baseline; box trucks inherit compatible food-delivery/platform controls only.,15-passenger vans: 1 Full ADA / 1 Mixed-Mobility / 1 Fully Non-ADA. Both Double-Deckers: Mixed-Ability / Mixed-Mobility. Box trucks are purpose-built cargo/food-delivery platforms; no passenger mobility configuration invented.,Vans: 20 people / 7 days; Double-Deckers: 100 people / 7 days. Box-truck emergency capacity remains platform/purpose specific and is not invented.,Food delivery; temperature control/cold-chain where required; sanitation; secure cargo; education/resource/community-event capability; casual institution identity.,RECONCILED — CURRENT CONTROLLED DESIGN 2026-09-11,https://docs.google.com/document/d/1u5jKvvqK1l98OQdP9_RDtamD3DDhz4ugGtwCP6Ihu_0/edit
Barclay's 24 Hour Oopsie Hospital Fleet — Founder Correction,2 specialty veterinary vehicles: Animal Ambulance + Mobile Surgery Unit.,FULL compatible Legacy-wide baseline plus veterinary clinical/welfare controls; specialty medical layout remains mission-specific.,Accessibility configuration remains governed by current Founder-approved vehicle design / applicable law; no additional configuration inferred.,Emergency capacity follows the actual approved specialty platform; no unsupported passenger-capacity requirement is invented.,"Shared Barclay exact-photo / approved-wrap control; Animal Ambulance emergency transport; Mobile Surgery Unit veterinary surgery. Infection control, clean/dirty workflow, emergency power, secure medical storage, animal welfare, sanitation, licensing/credentials and vehicle engineering remain additive.",OPERATIONAL FLEET CONTROL — ACTIVE / VETERINARY VEHICLE DEPLOYMENT GATED,Founder correction supersedes prior unresolved-fleet language. Shared Barclay exact-photo/approved-wrap control applies; current visual evidence Drive ID 1wzIGQaLAgIL4R3occFiJjke4ir7L5P64.
SOURCE RECONCILIATION CORRECTION,CONTROLLING RESULT,,,,,,
September 4 V2.0 written standard,"Controls safe travel/parked mode, accessibility/restroom distinctions, detailed kid-dirt durability, stable Wi-Fi definition, Empty Chair, and paid/stipended Legacy Creator furnishings.",,,,,,
Latest approved general fleet visual,"Adds the current general passenger/program 'FEATURES ON EVERY VEHICLE' visual package, subject to written safety/platform rules and later explicit supersession.",,,,,,
Empty Chair,Passenger-service vehicles preserve one certified intentionally unoccupied Empty Chair where certified capacity and mission allow; not decorative/unsecured and not a reason to exceed capacity.,,,,,,
Legacy Creator furnishings,Non-structural repairable furniture/panels/storage/art may be made/restored/finished by Legacy Creators where safe/feasible; stipends and maker attribution required; safety-critical work remains with qualified professionals.,,,,,,
Safe travel / parked mode,"Forward-facing belted certified travel positions and securement govern movement; beds, kitchens, tables, gaming/office furnishings and curved lounge features are used only in the approved parked-mode configuration.",,,,,,
Stable Wi-Fi,"Redundant monitored connectivity with dual-carrier routing, MIMO antennas, failover, separated encrypted networks, offline/degraded-mode capability, route testing and power backup.",,,,,,
Kid-dirt durability,"Slip-resistant resilient floors, sealed edges, washable panels, stain/moisture-resistant seating, protected wiring/plumbing, tamper-resistant hardware, rounded edges, spill containment and no deep-pile carpet in public zones.",,,,,,
Specialty-fleet rule,Mission controls are additive where compatible. Purpose-built work platforms and active automotive/clinical/animal-care zones do not inherit incompatible passenger-hospitality amenities.,,,,,,
Emergency-supply supersession,The September 8 platform-specific 7-day emergency standard supersedes the older 20-people/3-days visual annotation wherever they conflict.,,,,,,
Creating The Clean Air HVAC Legacy Fleet,9 vehicles: 3 Double-Decker Buses configured as mobile HVAC workshops for regional travel + 3 Tour Buses for resources/outreach/education + 3 Box Trucks for supply pickups.,"Passenger/service vehicles inherit the FULL compatible Legacy-wide fleet-interior baseline. Double-Deckers add mobile HVAC workshop overlays. Box trucks inherit compatible cargo, supply, securement, sustainability and communications controls only; passenger-hospitality features are not invented.","Tour Buses: 1 Full ADA / 1 Mixed-Mobility / 1 Fully Non-ADA, exactly as Founder-directed. Double-Decker mobility configurations were not separately assigned in the Founder prompt and are not invented. Box Trucks are purpose-built supply/cargo platforms; no passenger mobility configuration invented.",Double-Deckers + Tour Buses: 100 people / 7 days. Box-truck emergency capacity remains platform/purpose specific and is not invented.,"Double-Decker mobile workshops support safely secured HVAC/R learning equipment and demonstrations, including digital manifold/smart-probe tools, controls/BMS, low-voltage troubleshooting, TAB/airflow and thermal diagnostics as platform-safe. Heavy/open-flame/roof/crane work remains parked/site-controlled under engineering, ventilation, fire/life-safety, payload/GVWR, securement and regulatory safeguards. Box trucks support supply/material/equipment pickup with secure organized cargo.",CURRENT CONTROLLED DESIGN — FOUNDER-APPROVED VISUAL SAVED 2026-09-14,CURRENT CONTROLLED VISUAL — CREATING THE CLEAN AIR HVAC LEGACY — 2026-09-14.png • Drive ID 1RXjdzDfTOkJYglDVTThgYLOLatVuulzH • Library file ID file_00000000e298822f8cd7589f608bd10c; Legacy-wide Fleet Interior Standard remains controlling.
Building Better Futures Architecture Fleet,9 vehicles: 3 fifteen-passenger vans statewide + 3 double-decker buses mobile classroom/pitches/exhibits + 3 Mega buses regional.,"Passenger vehicles inherit compatible Legacy fleet baseline, renewable-energy direction, stable Wi-Fi, restroom and durability controls; mobile classroom/exhibit vehicles add secure learning/presentation overlays.",Each vehicle family is exactly 1 ADA / 1 Mixed-Mobility / 1 Fully Non-ADA as Founder-directed.,Passenger emergency-supply capacity follows current platform-specific Legacy standard.,Double-deckers support mobile classroom/pitches/exhibits; Mega buses regional travel; securement/accessibility/egress remain controlling.,CURRENT CONTROLLED DESIGN — FOUNDER-APPROVED VISUAL SAVED 2026-09-14,VISUAL Drive ID 16q9N0y_oLIM0_CAcpdT89-YWSMRy7vwf.
Leaving Meaningful Words Fleet,"21 vehicles: 9 fifteen-passenger vans + 6 double-deckers + 6 Mega buses split by Future Legacy Creator/adult statewide, regional and mobile-library functions.",All passenger/mobile-library platforms inherit compatible Legacy fleet controls; mobile libraries add secured forward-facing media/library storage and age-separated adult/child areas.,Every 3-vehicle set is 1 ADA / 1 Mixed-Mobility / 1 Fully Non-ADA as Founder-directed.,Passenger emergency-supply capacity follows current platform-specific Legacy standard.,"Mobile-library interiors preserve adult/child sections, safe shelving/media securement, charging/connectivity and accessible routes where required.",CURRENT CONTROLLED DESIGN — FOUNDER-APPROVED VISUAL SAVED 2026-09-14,VISUAL Drive ID 1GWQBgsLJQs7GhYv-NHwzzlDPYbc51dt-.
Nic's Fashion Idea Fleet,Founder-directed fashion fleet includes separate 6-van Future Legacy Creator and 6-van adult statewide groups; Mega-bus and Double-Decker families for regional/education/resources/outreach/mobile-classroom functions; 3 box trucks supplies. Literal repeated Founder fleet wording preserved rather than silently normalized.,Passenger/service vehicles inherit compatible Legacy fleet baseline; mobile education/resource vehicles add secure fashion/textile learning/display overlays; box trucks inherit compatible cargo/supply controls only.,For each 6-vehicle van/double-decker family: 2 ADA / 2 Mixed / 2 Non-ADA. Mega-bus adult/Future Legacy Creator ADA/mixed/non-ADA allocation preserved from Founder wording; no silent count correction.,Passenger emergency-supply capacity follows current platform-specific Legacy standard; cargo capacity purpose-specific.,"Mobile education vehicles support safe demonstrations/resources/exhibits/classroom functions subject to payload, ventilation, fire/life-safety and securement limits; box trucks supply/material use.",CURRENT CONTROLLED DESIGN — FOUNDER-APPROVED INSTITUTION VISUAL + FOUNDER-APPROVED FLEET VISUAL SAVED 2026-09-14,Institution visual: CURRENT CONTROLLED VISUAL — NIC'S FASHION IDEA — 2026-09-14.png • Drive ID 1lH0fCo5UOrRZRmcrD7K_HZLIEFhHqCjx. Fleet visual: CURRENT CONTROLLED VISUAL — NIC'S FASHION IDEA FLEET — 2026-09-14.png • Drive ID 1ACFaaNw9J-8gkB0_aAB-hOMqODfDQvGk. The fleet visual is additive and does not replace the institution rendering.
The Legacy's Power Fleet,"15 vehicles exactly as Founder-directed: 3 Double-Decker buses (ADA / Mixed-Mobility / Fully Non-ADA) for outreach, research, education and mini exhibitions; 3 Mega buses (ADA / Mixed-Mobility / Fully Non-ADA) as statewide mobile classrooms; 3 Tour buses (ADA / Mixed-Mobility / Fully Non-ADA); 3 school buses converted as mobile workshops; 3 box trucks for supplies.","Passenger/mobile-learning vehicles inherit the compatible Legacy-wide fleet baseline: stable Wi-Fi, renewable auxiliary power where feasible, durable easy-clean interiors, secure equipment, safe travel/parked-mode separation, accessibility where assigned, restroom controls where the platform/control requires them, and mission-specific learning/workshop overlays. Box trucks inherit compatible cargo/supply securement and sustainability controls only.","Founder explicitly assigned ADA / Mixed / Non-ADA distinctions to Double-Deckers, Mega buses and Tour buses. No ADA/mixed/non-ADA split is invented for the 3 school-bus mobile workshops or 3 supply box trucks.",Passenger emergency-supply capacity follows the current platform-specific Legacy standard; cargo/workshop emergency capacity remains purpose/platform specific and is not invented.,Double-Deckers: outreach/research/education/mini exhibitions. Mega buses: statewide mobile classroom. School buses: Legacy-themed mobile workshops with tools/workstations secured for travel and active work only when safely parked/site-controlled. Tour buses preserve passenger travel function unless Founder later adds a specialty overlay. Box trucks: supplies/equipment/materials.,CURRENT CONTROLLED DESIGN — FOUNDER-APPROVED VISUAL SAVED 2026-09-14,CURRENT CONTROLLED VISUAL — THE LEGACY'S POWER — 2026-09-14.png • Drive ID 1MTvoND6Nb56tuMY55Hmy7igYKjxy8MbT; written fleet controls govern any visual omission.
AMW Legacy Futuristic Fleet Rendering 01 — Founder-Approved Visual Reference,Founder-provided screenshot reference showing the updated institutional transportation-fleet rendering set. This visual is saved as an additive fleet-system reference and does not independently rewrite any institution's controlled fleet composition.,"Interior specifications remain governed by each institution's current Fleet Interior Cross-Ref and institution-specific controlled records; the screenshot is an exterior/fleet visual reference, not a substitute for written interior controls.",Existing ADA / mixed-mobility / non-ADA assignments remain exactly as already controlled for each institution and platform; no configuration is inferred from the visual alone.,Existing platform-specific emergency-supply standards remain unchanged.,Founder-directed 22nd-century school-bus and box-truck visual direction is additive only where those vehicle classes already exist; all unaffected vehicle types/purposes/specifications remain preserved.,FOUNDER-APPROVED VISUAL REFERENCE — SAVED 2026-09-14,Drive ID 1DkzsHBfPKeklkvkzqMpNu1m7HVpExQK2 — exact Founder-provided screenshot source saved in Legacy Approved Visuals.
AMW Legacy Futuristic Fleet Rendering 02 — Founder-Approved Visual Reference,Founder-provided screenshot reference showing the second updated institutional transportation-fleet rendering set. This visual is saved as an additive fleet-system reference and does not independently rewrite any institution's controlled fleet composition.,"Interior specifications remain governed by each institution's current Fleet Interior Cross-Ref and institution-specific controlled records; the screenshot is an exterior/fleet visual reference, not a substitute for written interior controls.",Existing ADA / mixed-mobility / non-ADA assignments remain exactly as already controlled for each institution and platform; no configuration is inferred from the visual alone.,Existing platform-specific emergency-supply standards remain unchanged.,Founder-directed 22nd-century school-bus and box-truck visual direction is additive only where those vehicle classes already exist; all unaffected vehicle types/purposes/specifications remain preserved.,FOUNDER-APPROVED VISUAL REFERENCE — SAVED 2026-09-14,Drive ID 1X4F4dN13xg9RWSAJ0QYvNnnTvoJFxDXn — exact Founder-provided screenshot source saved in Legacy Approved Visuals.
Fleet Rendering Exterior + Interior Visibility Rule,Exact current controlled fleet composition and quantity must be preserved; no generic or substituted fleet.,Every fleet rendering must physically show BOTH exterior and interior views for each vehicle family unless the Founder explicitly requests exterior-only. Interior views inherit the full compatible Legacy fleet baseline plus the institution/mission-specific overlay; captions and labels do not substitute.,"Show accessibility/mixed/non-ADA features only where Founder-assigned; never infer an unassigned mobility split. Where assigned, the distinction must be visually apparent in the interior/exterior treatment rather than text-only.",Existing platform-specific emergency-supply controls remain unchanged and must be reflected when the interior view makes them relevant.,Rendering type remains photorealistic/cinematic under ML-015. Founder-directed 22nd-century school-bus/box-truck visual direction applies only where those vehicle classes exist and must preserve their exact purpose and interior function.,,
22nd-Century School-Bus Conversion — Current Visual/Function Rule,School buses remain the exact school-bus quantity and purpose assigned by the Founder for the serving institution; they are not silently converted into another vehicle category.,"The school-bus interior remains the exact mission-specific interior already controlled for that fleet plus the compatible Legacy-wide fleet baseline. A body modernization does not change supplies, workshop, retreat, learning/resource or other established interior function.","Preserve only Founder-assigned accessibility configuration. If an institution-specific school-bus ADA/Mixed/Non-ADA split was not assigned, none is inferred from the general fleet.",Existing platform-specific school-bus emergency-supply requirement remains unchanged until separately Founder-amended.,"Exterior/body direction is the recent Founder-directed 22nd-century Legacy school-bus conversion, carrying forward the established non-traditional/non-yellow school-bus conversion direction and serving-institution palette/branding. Conventional yellow school-bus imagery is non-controlling where it conflicts. Under ML-021, fleet renderings show both exterior and interior.",,
Pouring A New Path Concrete Legacy Fleet / Heavy Equipment,"45 units total: 6 Box Trucks for supplies; 6 Concrete Mixer Trucks; 6 Concrete Pump Trucks; 6 Dump Trucks; 6 Skid Steer Loaders; 6 Excavators; 6 Compactor Trucks / Rollers; and 3 statewide School Buses for education, outreach and resources.","The 3 school buses inherit the full compatible Legacy-wide passenger/learning/resource fleet baseline and the current 22nd-century school-bus conversion control. Heavy construction vehicles/equipment inherit only compatible fleet, communications, renewable auxiliary power, tracking, securement, safety, maintenance and mission-specific controls; passenger-hospitality interiors are not invented for work equipment.","School buses: exactly 1 Full ADA / 1 Mixed-Mobility / 1 Fully Non-ADA as Founder-directed. No ADA/Mixed/Non-ADA configuration is invented for box trucks, mixer trucks, pump trucks, dump trucks, skid steers, excavators, compactors or rollers.",School-bus emergency-supply capacity remains the currently controlled school-bus class requirement until separately Founder-amended. Heavy construction/cargo/equipment emergency capacity is purpose/platform specific and is not invented.,"School buses: statewide education, outreach and resources; 22nd-century/non-traditional/non-yellow serving-institution body direction. Other fleet/equipment purposes remain exactly as Founder-directed: supplies, concrete mixing, concrete pumping, material hauling/site prep, skid-steer work, excavation, and compaction/rolling. Fleet visualization remains subject to exterior+interior visibility controls where a passenger/mission interior exists.",CURRENT CONTROLLED DESIGN — FOUNDER-APPROVED VISUAL SAVED 2026-09-15,CURRENT CONTROLLED VISUAL — POURING A NEW PATH CONCRETE LEGACY & FLEET — 2026-09-15.png • Drive ID 1j5-UqZF7-SEZYz49_1k5XO-IvkO1DN9J. The exact saved board shows fleet/equipment exterior families. Written fleet controls remain authoritative for school-bus mission interiors and any compatible features not visible in the board.
Destinee's Diary Music Studio Fleet,13 vehicles: 3 Tour Buses ADA/Mixed/Non-ADA outreach/resources/education; 3 Mega Buses ADA/Mixed/Non-ADA mobile studio/classroom/state travel; 3 Double-Deckers ADA/Mixed/Non-ADA regional/mobile studio/classroom; 1 additional inclusive Mega Bus mobile studio under literal Founder slash wording; 3 fifteen-passenger supply vans.,Passenger/mobile-studio platforms inherit FULL compatible fleet baseline; studio/classroom overlays additive; supply vans inherit compatible cargo/supply controls only.,ADA/Mixed/Non-ADA exactly on the three 3-vehicle bus families. No van split inferred. The singular extra Mega Bus remains one vehicle; slash wording is not expanded into extra count.,Current platform-specific standard applies.,"Music studio/classroom, travel, outreach/resources; purple music identity remains controlled.",CURRENT CONTROLLED FLEET VISUAL SAVED 2026-09-16,Drive ID 1JWPZJgwjLXkaSY_uIx5thQnLmo7v1vuk; exact 13-vehicle checksum.
Safely and Humanly Cleaning The Space Legacy Extermination Fleet,12 vehicles: 3 22nd-century School Buses supplies; 3 Double-Deckers mobile workshops; 3 Mega Buses ADA/Mixed/Non-ADA regional travel/education/outreach/mobile classroom/resources; 3 Tour Buses statewide education/outreach/resources/exhibition/mobile classroom.,FULL compatible baseline for passenger buses; mobile-workshop/supply overlays remain mission specific; school-bus body modernization does not change supply mission.,Mega Bus split exactly ADA/Mixed/Non-ADA. No unsupported mobility split inferred for School/Double/Tour families.,Current platform-specific standard applies.,"Pest/extermination education, mobile workshop, outreach/resources, supply support; humane/welfare and hazardous-function controls remain additive.",CURRENT CONTROLLED INSTITUTION & FLEET VISUAL SAVED 2026-09-16,Drive ID 1ZcBu_NOQF1-diypH7iBnIHEV1gF6XVB7; ML-022 school-bus purpose preservation.
Laying the Path Legacy Carpet & Flooring Fleet,9 vehicles: 3 22nd-century School Buses supplies; 3 Double-Deckers ADA/Mixed/Non-ADA regional; 3 Mega Buses ADA/Mixed/Non-ADA statewide.,Passenger vehicles inherit compatible fleet baseline; flooring training/equipment mission overlays remain safely secured; supply buses retain supply interiors.,Double-Deckers exactly ADA/Mixed/Non-ADA; Mega Buses exactly ADA/Mixed/Non-ADA; no school-bus split invented unless separately Founder-assigned.,Current platform-specific standard applies.,"Flooring training, supplies, regional/statewide transport and program support.",FOUNDER-APPROVED INSTITUTION/FLEET VISUAL SAVED 2026-09-16,Drive ID 1Ao0orqvRqqGbQj6_Zt18xaAv1AzO7gQe.
Always Welcomed Always Loved Fleet,18 vehicles: 2 Sprinter Vans quick response/outreach/events/education; 2 Ambulances; 2 ATVs community events; 3 School Buses converted to mobile surgery units; 3 Double-Deckers regional ADA/Mixed/Non-ADA outreach/education/resources/mobile classroom; 3 Mega Buses state ADA/Mixed/Non-ADA travel/mobile classrooms/outreach/resources; 3 Tour Buses supplies per current body/purpose controls.,"Clinical/mobile-surgery vehicles inherit mission-specific medical, infection-control, power, sanitation and secure-storage controls. Passenger buses retain safe seating where travel is part of mission. Supply vehicles remain supply focused.",Double-Deckers exactly ADA/Mixed/Non-ADA; Mega Buses exactly ADA/Mixed/Non-ADA. Other classes retain only Founder-assigned/access-law requirements; no new split inferred.,Medical/emergency platforms follow mission-specific emergency standards.,"Quick response, ambulance, event response, mobile surgery, outreach/education/resources/mobile classroom, state/regional travel and supplies.",CURRENT CONTROLLED FLEET VISUAL SAVED 2026-09-17,Drive ID 1XKmk7FjJRxI8-BeFYQPz3tFjR4Om-ijX; exact Founder fleet prompt.
Pane by Pane Legacies Change Windows Fleet,"9 vehicles: 3 22nd-century School Buses supplies; 3 fifteen-passenger vans onsite supplies; 3 Mega Buses resources/education/outreach/statewide transportation, exactly ADA/Mixed/Non-ADA.",Mega passenger vehicles inherit FULL compatible baseline; supply vehicles inherit compatible cargo/supply controls only.,Mega Buses exactly ADA/Mixed/Non-ADA. No split inferred for school buses or supply vans.,Current platform-specific standard applies.,"Smart-building/window education, outreach/resources, onsite supplies and statewide transport.",CURRENT CONTROLLED INSTITUTION & FLEET VISUAL SAVED 2026-09-17,Drive ID 1fp1rdX6iDKklHsINkhU1QRgbF4RrnAz6.
Myles' Mobile Haven Fleet,"10 Double-Deckers: 2 Midnight Blue, 2 Emerald Green, 2 Antique Gold, 2 Warm Ivory, 2 Slate Gray; all with Midnight/Dark Blue accents.","Top: all-ages mobile Lego Land + individual quiet pods + snack-bar function where feasible + restrooms. Bottom: exactly 6 closed soundproof gaming pods/areas with comfortable gaming chairs, snacks/drinks and restrooms. Travel-mode securement and durability controls remain controlling.",Accessibility remains governed by current Founder/vehicle control; no new split inferred from color grouping.,Current platform-specific standard applies.,Mobile Lego/gaming/quiet-space haven; durable kid-use interiors; connectivity/renewable/safety controls additive.,CURRENT CONTROLLED FLEET VISUAL SAVED 2026-09-17,Drive ID 1JWB5kjX__WAq55RA5-Rj6xnwQBbgwRc8.
Mini & Future Stewards' World Fleet,9 vehicles: 3 Tour Buses ADA/Mixed/Non-ADA statewide; 3 Double-Deckers ADA/Mixed/Non-ADA regional; 3 Mega Buses ADA/Mixed/Non-ADA outreach/education.,"Child/youth compatible baseline; interiors are miniature/age-appropriate versions of Mini Stewards’ World; child-safety, visibility/supervision, durable surfaces and mixed-ability access control.",Each 3-vehicle family exactly ADA/Mixed/Non-ADA as Founder-directed.,Current platform-specific standard applies.,Statewide/regional mobility plus outreach/education; child/youth program support.,CURRENT FOUNDER-APPROVED DESIGN — DRIVE VISUAL VERIFICATION OPEN,Founder-controlled design 2026-09-17; exact Drive visual not verified in this audit.
Sports Fleets — Current Mobility / Interior Overlay,"Applies to JUSTIFIED WINS, LIVE IN THE MOMENT ALWAYS, INSTANT WINS VOLLEYBALL, Avon's Lacrosse Legacy Complex, and Alex's Swing Golf Legacy. Each current sports fleet retains exactly 3 Tour Buses + 3 15-passenger Vans + 3 Mega Buses + 3 Double-Deckers + 1 22nd-century Supply Bus = 13 vehicles, unless a later institution-specific Founder directive expressly supersedes a count.","Tour Buses: team + family/Legacy-fan travel with seating on tracks convertible to quiet areas where controlled. 15-passenger vans: local transportation, no restroom. Mega Buses: state team travel + passenger seating + Film & Strategy Room + recovery area + real full kitchen + real enclosed restroom. Double-Deckers: regional team travel + passenger seating + Film & Strategy Room + recovery area + real full kitchen + real enclosed restroom. Supply Bus: equipment/luggage/supplies + Equipment Steward work/check area; no passenger seating, no restroom, no kitchen.",ADA/Mixed/Non-ADA triads remain exactly as institution Founder prompts assign them. Accessibility is not color-coded or inferred. Track seating converts only in safe parked configuration; travel mode uses certified secure seating.,Current passenger platform emergency standard applies to travel vehicles; supply bus remains equipment/luggage/support mission.,Film & Strategy rooms include headphone/handheld-device pickup and desks for athletes/coaches/managers. Institution-specific palettes and sport decals remain separate. JUSTIFIED WINS uses football helmet identity with correct AMW seal treatment; no generic crowns. Kitchens/restrooms/recovery areas must physically read as those functions in future renderings.,CURRENT WRITTEN FOUNDER EDIT CONTROL / LATER COMBINED DERIVATIVES QUARANTINED,Founder 110 annotated edits + sports film-room additive control + ML-010/011/013/018/019/021/022. Individual saved institution visuals remain approved bases.
JUSTIFIED WINS Sports Fleet,13 vehicles under current Sports Fleet overlay; football identity.,Sports Fleet overlay applies; individual saved visual is approved base. No lacrosse equipment/identity; no generic crown substitutes; football helmet decal/AMW seal treatment governs.,Tour/Van/Mega/Double triads retain Founder-assigned ADA/Mixed/Non-ADA structure; Supply Bus cargo/support only.,Current platform-specific standard applies.,Football team travel/performance support; palette Midnight/Dark Navy + Emerald Green.,CURRENT CONTROLLED INDIVIDUAL VISUAL SAVED 2026-09-17; LATER COMBINED DRAFTS NON-CONTROLLING,Drive ID 1DMV12qkQ6jr4AGg534cQKtj2fGLpXuZx.
LIVE IN THE MOMENT ALWAYS Sports Fleet,13 vehicles under current Sports Fleet overlay; soccer/futsal identity.,Sports Fleet overlay applies; individual saved visuals remain approved bases. No basketball imagery or identity.,Tour/Van/Mega/Double triads retain Founder-assigned ADA/Mixed/Non-ADA structure; Supply Bus cargo/support only.,Current platform-specific standard applies.,Soccer/futsal team travel/performance support; palette Emerald Green + Slate Gray.,CURRENT CONTROLLED INDIVIDUAL VISUALS SAVED 2026-09-17; LATER COMBINED DRAFTS NON-CONTROLLING,Drive IDs 1XEM9YdU0r_1RgDsKpidSV-APG8YDjn7x and 1iaoko8kQzghZh3-0Z0TgWVII1l_v1LGG.
INSTANT WINS VOLLEYBALL Sports Fleet,13 vehicles under current Sports Fleet overlay; volleyball identity.,Sports Fleet overlay applies; saved individual institution/fleet visual remains approved base. No golf content/naming drift.,Tour/Van/Mega/Double triads retain Founder-assigned ADA/Mixed/Non-ADA structure; Supply Bus cargo/support only.,Current platform-specific standard applies.,Volleyball team travel/performance support; institution-specific saved palette preserved.,CURRENT CONTROLLED INDIVIDUAL VISUAL SAVED 2026-09-17; LATER COMBINED DRAFTS NON-CONTROLLING,Drive ID 1gKDdW4OxyWBvouxxdAS8KIatLJ7LsaO9.
Avon's Lacrosse Legacy Complex Sports Fleet,13 vehicles under current Sports Fleet overlay; lacrosse identity.,Sports Fleet overlay applies; saved all-year complex visual remains approved base. Lacrosse identity and institution-specific palette preserved.,Tour/Van/Mega/Double triads retain Founder-assigned ADA/Mixed/Non-ADA structure; Supply Bus cargo/support only.,Current platform-specific standard applies.,Lacrosse team travel/performance support.,CURRENT CONTROLLED INDIVIDUAL VISUAL SAVED 2026-09-17; LATER COMBINED DRAFTS NON-CONTROLLING,Drive ID 1LPRTv_dchFX9rDecJo84M_545quiT91Y.
Alex's Swing Golf Legacy Sports Fleet,13 vehicles under current Sports Fleet overlay; golf identity.,Sports Fleet overlay applies; saved individual institution/fleet visuals remain approved bases.,Tour/Van/Mega/Double triads retain Founder-assigned ADA/Mixed/Non-ADA structure; Supply Bus cargo/support only.,Current platform-specific standard applies.,Golf team travel/performance support; palette Warm Ivory + Emerald Green + Antique Gold.,CURRENT CONTROLLED INDIVIDUAL VISUALS SAVED 2026-09-17; LATER COMBINED DRAFTS NON-CONTROLLING,Institution Drive ID 1kESeUQv6ppdWh8yHyyD-8_umSurN88Zi; fleet Drive ID 10Mt6ka7iXc3PtrlvXYYfYQxrIuf0jtpt.
