Lane,Funder,Opportunity,Discipline,Program,Geography,Eligibility / Fit,Current AMW Eligibility,Award Range,Application Fee,Loan / Debt,Equity / Ownership / IP,Match Requirement,Reimbursement Only,Training / Time Burden,Permitted Uses,Restrictions,Deadline,LOI Deadline,Application Requirements,Registration Prerequisites,Reporting Obligations,Publicity / Name-Likeness,Gate Result,Status,Responsible Steward,Source,Last Verified,Next Action,Award / Application Status
AMW Startup,TRANSFORM,The TRANSFORM Business Grant (GrantWatch #210496),Institutional Capacity / Social Impact,Startup / Business Development,United States,Must meet all four: applicant identifies with at least one systemically marginalized group; business aligns with antiracism/anticapitalism; social-impact work challenges oppression/social injustice; financial need.,"SUBMITTED 2026-09-08, BUT CURRENT OFFICIAL ELIGIBILITY CONFLICT IDENTIFIED 2026-09-14: TRANSFORM’s current grant page expressly states that consulting practices are not eligible. AMW must not be represented as currently qualified under that term; submission evidence is preserved but is not proof of eligibility.","$1,000",$0,No,No equity/ownership/IP surrender identified in current official public materials; final award agreement controls before acceptance.,None identified,No reimbursement-only structure identified,PASS TIME-BURDEN TEST: customized year-long mentorship; no standard fixed curriculum identified.,Invest in the business or business idea; applicant supplies planned use-of-funds table.,"Current official page excludes political organizations/activities, religious organizations for religious purposes, student loans/debt payments, medicinal/clinical practices, AND consulting practices. This conflicts with AMW’s current consulting operating lane.",2026-09-18 11:59 PM PT,None identified,Live 2026 JotForm completed and submitted by Founder on 2026-09-08.,Formal business registration not required.,Verify any final award/reporting obligations before acceptance.,Verify any final publicity/name-likeness terms before acceptance.,FAIL — CURRENT OFFICIAL TERMS EXCLUDE CONSULTING PRACTICES,SUBMITTED / ELIGIBILITY CONFLICT — OUTCOME TRACKING ONLY,Founder / Funding Steward,https://www.transformgrant.org/the-grant/ ; https://www.transformgrant.org/grant-faq/ ; https://www.grantwatch.com/grant/210496/,2026-09-14,Do not represent TRANSFORM as a qualified AMW funding opportunity. Preserve the 2026-09-08 submission record and monitor provider communication only. Reopen only if controlling terms change or a distinct eligible non-consulting applicant/activity is independently established without misrepresentation.,FOUNDER-CONFIRMED SUBMITTED 2026-09-08 — CURRENT ELIGIBILITY CONFLICT IDENTIFIED 2026-09-14
AMW Startup,Skip,"Skip's $10,000 Grants — current September round",Institutional Capacity,Startup / Business Growth,United States,"Current September competition details: U.S.-based entrepreneurs/small-business owners age 18+; 1 x $10,000 general grant; deadline September 18, 2026 at 11:59 PM ET. Official Terms effective Dec. 3, 2025 also control.","BASIC ELIGIBILITY APPEARS TO FIT, BUT HOLD FOR FOUNDER REVIEW OF BROAD PUBLICITY / SUBMITTED-MATERIAL LICENSE BEFORE SUBMISSION. No required match, reimbursement-only structure, loan, or fixed course burden identified.","$10,000",No application fee identified in current competition details; Skip account required. Verify no paid-tier prompt is imposed on the general open-to-all award at submission.,No — monetary grant / not represented as debt in current Official Terms.,"No ownership/equity transfer identified. However, acceptance grants Skip a non-exclusive, worldwide, royalty-free, perpetual license to use name, likeness, biographical information, business/project description, and any submitted materials for promotional/marketing/competition purposes. Founder review required.",None identified in current Official Terms / competition details.,No reimbursement-only structure identified; cash grant is paid after required payment-account/onboarding steps.,No mandatory training/course requirement identified for the general award.,"Unless competition details say otherwise or law requires, Official Terms state grant funds are unrestricted and may be used at recipient discretion.",Material review point: perpetual promotional license over submitted materials upon acceptance; Company also reserves discretion to modify/cancel or withhold awards. Taxes/payment onboarding apply.,2026-09-18 11:59 PM ET,None identified,Create/use Skip account; complete required questions; agree to Official Terms; submit before deadline. General award is open to all eligible applicants.,"U.S.-based entrepreneur/small-business owner, age 18+; Skip account required.",No routine post-award reporting obligation identified in reviewed Official Terms; verify competition-specific recipient instructions before acceptance.,"MATERIAL: acceptance grants Skip a non-exclusive, worldwide, royalty-free, perpetual license to use recipient name, likeness, biographical information, business/project description, and submitted materials for promotional/marketing/competition purposes.",HOLD — FOUNDER PUBLICITY / SUBMITTED-MATERIAL LICENSE REVIEW REQUIRED,LIVE — TIME-SENSITIVE FOUNDER REVIEW,Funding Steward,https://helloskip.com/dashboard/opportunity/10k-fall-grants ; https://storage.googleapis.com/yogov-4ce4e.appspot.com/skip-images/Skip%20Grant%20Competition%20Official%20Terms.pdf,2026-09-14,"Founder decision required on the broad perpetual publicity/submitted-material license. If accepted, prepare application with controlled AMW answers and submit before September 18 at 11:59 PM ET; otherwise exclude under AMW publicity/IP boundary.",LIVE PROSPECT — HARD GATES REVIEWED; FOUNDER LICENSE DECISION PENDING
AMW Startup,WomensNet,Amber + Startup Grants,Institutional Capacity,Startup / Business Growth,United States,Women-owned business eligibility; other current terms must be verified.,"Ownership structure may satisfy threshold, but application fee fails AMW hard gate.","$10,000 monthly",$15 application fee,No loan,No ownership dilution represented; not further advanced because fee fails gate,N/A after fee failure,N/A after fee failure,No course requirement needed for exclusion decision.,N/A after fee failure,Application fee violates AMW startup funding gate.,Monthly,,Application requires fee.,Verify only if gate changes.,Not reviewed further after hard-gate failure.,Not reviewed further after hard-gate failure.,FAIL — APPLICATION FEE,EXCLUDED — APPLICATION FEE,Funding Steward,https://ambergrantsforwomen.com/all-grants/,2026-08-31,Do not spend application time or money unless Founder changes $0-fee rule.,Excluded
AMW Startup,Visionaries,Hey Helen Grant,Institutional Capacity,Startup / Business Growth,United States,Operating U.S. for-profit; at least 50% women-owned; under $1M revenue; business bank account.,"Potential eligibility, but $15 admin fee fails hard gate.","$10,000 monthly",$15 admin fee,No loan represented,Not advanced after fee failure,N/A after fee failure,N/A after fee failure,"No course requirement identified, but fee independently fails gate.",N/A after fee failure,Application fee violates AMW startup funding gate.,Last day monthly,,Paid application.,Business bank account required.,Not reviewed further after hard-gate failure.,Not reviewed further after hard-gate failure.,FAIL — APPLICATION FEE,EXCLUDED — APPLICATION FEE,Funding Steward,https://visionaries.co/helen-grant/,2026-08-31,Do not pursue under current $0-fee funding rule.,Excluded
AMW Startup,Her Agenda,The Breakthrough Grant — Volume III,Institutional Capacity,Business Growth,United States,Currently operating business; active Her Agenda newsletter subscriber; business may be any industry/stage.,"Business-stage fit may exist, but current $25 general application fee fails AMW hard gate.","$5,000",$25 general entry; $12.50 for paid INSIDER members,No loan represented,Not advanced after fee failure,N/A after fee failure,N/A after fee failure,No class requirement identified; fee independently fails gate.,Funding intended to help selected entrepreneur grow; no need to advance terms after fee failure.,Application fee violates AMW startup funding gate; newsletter subscription required.,2026-09-18,None identified,Live Volume III application; active newsletter subscription mandatory.,Operating business required.,Not reviewed further after hard-gate failure.,Not reviewed further after hard-gate failure.,FAIL — APPLICATION FEE,EXCLUDED — APPLICATION FEE,Funding Steward,https://grant.heragenda.com/,2026-08-31,Do not apply under current $0-fee gate; keep only as excluded evidence so it is not re-recommended.,Excluded — application is live
Community Project / Outcome Tracking,Awesome Foundation DC,Monthly Microgrant,Community Programs,Project / Community Impact,"Washington, DC",Project-specific; historically appropriate for an immediately actionable idea benefiting DC.,Founder reports application already submitted.,"$1,000",Already applied — no new application screening,Grant / not a loan,Track award terms if selected,Track award terms if selected,Track award terms if selected,No new application burden; outcome tracking only.,Project-specific.,Track controlling award terms if selected.,Cycle-specific,,Already submitted per Founder.,,Track if selected.,Track if selected.,APPLICATION CONTINUITY — DO NOT RE-RECOMMEND,APPLIED / OUTCOME TRACKING,Founder / Funding Steward,https://www.awesomefoundation.org/en/chapters/dc,2026-09-14,Founder-reported application remains outcome tracking only. September 13 cycle deadline has passed; no September 2026 DC grantee is publicly listed yet. Monitor email/chapter outcome; do not re-present as a new opportunity.,FOUNDER-REPORTED: APPLIED
Source Feed,Maryland Commerce / Business Express,Nonprofit / Small Business Opportunity Monitoring,Multi-discipline,Funding Discovery,Maryland,Source feed; each opportunity must be screened independently.,"N/A — source feed, not an award.",Varies,Varies by opportunity,Exclude loans from grant lane,Verify per opportunity,Verify per opportunity,Verify per opportunity,Verify per opportunity.,Varies,Every opportunity must pass AMW/Client-specific gate.,Rolling / varies,Varies,Opportunity-specific,Opportunity-specific,Opportunity-specific,Opportunity-specific,SOURCE FEED — INDIVIDUAL GATE REQUIRED,MONITOR,Funding Steward,https://business.maryland.gov/nonprofit-opportunities/,2026-08-31,Use as discovery source; create a separate qualified row for each current opportunity before recommending it.,Monitor
AMW Startup,Verizon Digital Ready,2026 Small Business Digital Ready National Grant,Institutional Capacity / Technology / Operating Support,Small Business Grant / Digital Readiness,United States / Puerto Rico / U.S. Virgin Islands,"Current 2026 first-party criteria: owner age 18+ of a for-profit small business based in the U.S., Puerto Rico, or U.S. Virgin Islands; Digital Ready account; complete any 2 qualifying free courses/events between 2026-01-01 and 2026-12-07; submit once; finalists must provide business/financial verification including W-9 and ACH.","ACTIVE UNDER FOUNDER-SPECIFIC OVERRIDE 2026-09-23. Founder will complete the 2 qualifying resources by COB Friday 2026-09-25. Founder confirms AMW is not currently registered as a business, so after unlock the live application must be checked before submission for any formal-registration/good-standing prerequisite not stated on the public grant page.","$10,000",$0 — Digital Ready account/resources are free; no application fee identified on the current first-party grant page.,No — grant; no repayment stated.,No equity/ownership/IP surrender identified in current first-party eligibility/FAQ; final application/award terms must be checked before submission/acceptance.,None identified.,No reimbursement-only structure identified.,Founder-approved exception: two qualifying free resources; no paid course or membership requirement identified.,"$10,000 cash grant for eligible small businesses; final use-of-funds restrictions must be checked in the unlocked application/award terms.","One application in 2026; two eligible free resources required; finalist verification includes W-9/ACH. If the unlocked application requires formal current business registration or good standing, STOP under the Founder-confirmed unregistered-business gate.",Rolling in 2026 after unlock; qualifying resources must be completed by 2026-12-07; monthly reviews June–December; final decision by 2027-01-12.,None identified.,Create/sign in to Digital Ready; complete 2 qualifying free courses/events; unlock application; perform final current-form hard-gate review before submitting.,"No formal state-registration prerequisite is stated on the public 2026 grant page; finalist business/financial verification includes W-9 and ACH. Because AMW is not currently registered, final unlocked-form verification is mandatory.",No recurring performance-reporting obligation identified in the public 2026 FAQ reviewed; verify final award agreement before acceptance.,No broad application-content/publicity license identified in the public eligibility/FAQ reviewed; verify unlocked application and award terms before submission/acceptance.,CONDITIONAL PASS — FOUNDER-SPECIFIC VERIZON OVERRIDE; FINAL UNLOCKED-FORM REGISTRATION/TERMS CHECK REQUIRED,ACTIVE / COMPLETE 2 FREE RESOURCES → VERIFY UNLOCKED FORM → SUBMIT ONLY IF GATES HOLD,Founder / Funding Steward,https://digitalready.verizonwireless.com/funding/details ; https://digitalready.verizonwireless.com/funding ; https://pilot-digitalready.verizonwireless.com/customerSupport/funding,2026-09-23,"Complete the 2 qualifying free resources by COB 2026-09-25 as Founder directed. Immediately after unlock, inspect the live application for registration/good-standing, reporting, publicity/IP, match, reimbursement, fee or other hidden gates. Submit only if all controls still hold.",FOUNDER-REOPENED 2026-09-23 — ACTIVE CONDITIONAL PATH
AMW Startup,Galaxy / class-linked programs,Class-linked opportunity family,Institutional Capacity,Business Development,United States,Prior opportunities required training/class participation.,Founder-directed exclusion due time burden.,Varies,Varies,,,,,FAIL: class/training burden.,,Time burden conflicts with Founder direction.,Varies,,Class participation in prior opportunity structures.,,,,FAIL — TIME BURDEN,EXCLUDED — TIME BURDEN,Funding Steward,Provider-specific,2026-08-31,Do not re-recommend unless a future version removes the burden and passes the full hard gate.,Excluded
AMW Startup,Coach K LLC,Coach K Legacy Grant (GrantWatch #218097),Institutional Capacity,Startup / Business Growth,United States,"18+ U.S. legal resident; owns or is in the process of starting a business; one entry per person/business per event. Live form includes a required IG Handle field, but published eligibility terms do not state that an active Instagram account is required.",PASS — Founder confirms Coach K application submitted on 2026-09-07 using controlled AMW answers. Instagram @amwlegacy is an active Legacy account with zero posts.,"$1,000",$0,No,"No ownership/equity transfer identified. Winner grants promotional use of name, likeness, and business details; no transfer of underlying AMW IP identified in published terms.",None identified,No,"No mandatory course, membership, or training identified for application/award.","Legitimate business purposes supporting business growth, development, or operation.",No personal expenses or illegal activities; one entry per person/business per event; winner publicity rights and marketing communications apply.,2026-09-17 11:59 PM ET,None identified,Live application completed and submitted by Founder on 2026-09-07. Controlled answers used; Instagram field answered @amwlegacy.,Formal registration not required; open to people who own or are in the process of starting a business.,Winner must provide a brief report within six months after receiving the award.,"Winner permits Coach K LLC to use name, likeness, and business details for promotional purposes; applicant also agrees to email/phone communications about products/services/promotions.",PASS — SUBMITTED; MOVE TO OUTCOME TRACKING,APPLIED / OUTCOME TRACKING,Founder / Funding Steward,https://thelegacygrant.com/ ; https://thelegacygrant.com/terms-of-service ; https://www.grantwatch.com/grant/218097/,2026-09-14,"Already submitted; do not resubmit. Monitor email and the announced September 18, 2026 7:00 PM ET winner livestream; if selected, review award/publicity/reporting terms before acceptance.",FOUNDER-CONFIRMED: SUBMITTED 2026-09-07
AMW Startup,Shophand,Small Business Boost Grant,Institutional Capacity / Technology,Small Business Operations / Technology,United States,"U.S.-based for-profit; fewer than 50 employees; under $5M annual revenue; actively operating; must follow Shophand on Instagram, X, LinkedIn, and Facebook. Prior use of a paid Shophand service is optional but preferred.",PASS — Founder confirms the Shophand Small Business Boost Grant application was submitted on 2026-09-07 after THE AMW LEGACY satisfied the required four-platform Shophand follows. Submission does not by itself establish provider acceptance or award eligibility.,"$2,500 cash + $2,500 in Shophand services",$0,No,No equity/ownership transfer identified on current grant page; cash described as no-strings-attached. Final award/service terms still control.,None identified,No,"No mandatory paid service; however, paid 'Your Shophand' users receive preference. Application itself is free.","$2,500 cash plus $2,500 Shophand technical support/services for tech/operational challenges.","Must be actively operating and must follow Shophand on Instagram, X, LinkedIn, and Facebook. Founder confirmed all four follows completed on 2026-09-07. No paid service is required; paid-service users receive preference.",2026-11-30,None identified,Live 10-page Google Form completed and submitted by Founder on 2026-09-07. Confirmation/reference number not yet recorded in the controlled register.,"For-profit, U.S.-based, actively operating business.",Verify final award/support obligations before acceptance.,"Eligibility requires following Shophand on Instagram, X, LinkedIn, and Facebook. The public rule does not require AMW business-profile URLs or state that the accounts must be business accounts. Other publicity/award terms still require final review before acceptance.",PASS — SUBMITTED; MOVE TO OUTCOME TRACKING,APPLIED / OUTCOME TRACKING,Founder / Funding Steward,https://www.shophand.com/small-business-boost-grant ; https://www.shophand.com/hub,2026-09-14,"Already submitted; do not resubmit. Current official schedule: Round 2 deadline November 30, 2026; winner announced December 15, 2026. Track follow-up and review final terms before acceptance.",FOUNDER-CONFIRMED: SUBMITTED 2026-09-07
Source Feed,Shophand,Supply Shelf — Curated Small Business Grants,Multi-discipline,Funding Discovery,United States,"Shophand states the Supply Shelf contains curated small-business grants updated weekly, including cash grants, service grants, and fee-based grants. Each listing must be screened independently.","SOURCE FEED ONLY — not itself an award. AMW can use the free Supply Shelf discovery lane, but each surfaced opportunity must pass current startup, $0-fee, debt/equity/IP, eligibility, reporting, and use-of-funds controls.",Varies,Varies by listing,Exclude debt/loans,Verify per listing,Verify per listing,Verify per listing,Verify per listing,Varies,Fee-based listings are automatically excluded from AMW's own active startup funding search under the $0 application-cost gate unless Founder changes the gate.,Rolling / updated weekly,Varies,Login/member view; listing-specific application,Listing-specific,Listing-specific,Listing-specific,SOURCE FEED — INDIVIDUAL HARD-GATE REQUIRED,MONITOR / SCREEN EACH LISTING,Funding Steward,https://www.shophand.com/supplyshelf,2026-09-07,"Pull each live Supply Shelf listing visible to AMW, open the actual application/intake, and screen it before adding a qualified opportunity row.",SOURCE FEED — NOT COUNTED AS A GRANT
AMW Startup,Shophand,Shophand+ Monthly Micro-Grants,Institutional Capacity,Small Business Growth,United States,Shophand+ advertises free entry into monthly micro-grants for Plus members; Plus is a paid membership.,FAIL under current AMW startup funding controls because access to these monthly micro-grants is tied to Shophand+ paid membership.,Varies,Required paid membership: Shophand+ $199/year,No loan represented,No ownership/equity issue established; not advanced after paid-access failure,N/A after paid-access failure,N/A after paid-access failure,N/A after paid-access failure,Varies,Required paid membership conflicts with AMW's $0 application-cost / no required purchase-membership gate.,Monthly / varies,,Shophand+ membership required for advertised free monthly grant entry,Paid Shophand+ membership,Not reviewed further after hard-gate failure,Not reviewed further after hard-gate failure,FAIL — REQUIRED PAID MEMBERSHIP,EXCLUDED — REQUIRED PAID MEMBERSHIP,Funding Steward,https://www.shophand.com/plus,2026-09-07,Do not pay for Shophand+ in order to access funding unless Founder explicitly changes the current funding gate for a separate business reason.,EXCLUDED
Source Feed,GrantWatch,Maryland “Up and Away” Grant Batch — 2026-09-09,Multi-discipline,Funding Discovery,Maryland + United States,Discovery source only. GrantWatch is not the funder; each listing must be matched to the underlying official source and independently screened.,"N/A — source feed, not an award.",Varies,Varies by underlying opportunity; AMW will not advance any underlying application that charges a fee.,Exclude loans/debt from active grant lane.,Verify per underlying opportunity.,Verify per underlying opportunity.,Verify per underlying opportunity.,Verify per underlying opportunity.,Varies by underlying opportunity.,Every listing must pass AMW’s startup funding hard gate and precise-fit review against an official controlling source.,Varies,Varies,Official application/source required before advancement.,Opportunity-specific.,Opportunity-specific.,Opportunity-specific.,SOURCE FEED — SCREENED; NO NEW QUALIFIED AMW FUNDING IDENTIFIED FROM ACCESSIBLE EMAIL,SCREENED / MONITOR SOURCE ONLY,Funding Steward,GrantWatch email 2026-09-09 ; https://maryland.grantwatch.com/,2026-09-10,"Use GrantWatch only as a discovery feed. Existing applied items remain outcome tracking; #216980 and #218530 remain excluded. #228667, #223213, #228815, and #229366 were resolved/screened on 2026-09-10 and excluded under the AMW hard gate. Do not re-recommend them unless controlling terms materially change and a fresh full gate review passes.",SOURCE FEED — REVIEWED 2026-09-10
AMW Startup,Maryland Economic Development Corporation (MEDCO) / Maryland Department of Commerce,Build Our Future Grant Program (GrantWatch #216980),Technology / Infrastructure,Innovation Infrastructure,Maryland,"Current program permits Maryland private companies, nonprofits, local governments, and colleges/universities in specified strategic technology sectors; applications are rolling through MEDCO.","Applicant type may fit, but AMW’s hard gate independently fails because the program is explicitly a matching-grant program. The funded project must also be qualifying innovation infrastructure in an eligible technology sector.","Up to $2,000,000",No application fee identified on the current public program page; not advanced after match failure.,No — grant program,Not advanced after independent hard-gate failure.,REQUIRED — current program is explicitly a matching-grant program.,"FY26 FAQ used a staged structure with part of the award reimbursed; current MEDCO terms must control, but the required match already independently fails AMW’s hard gate.",No fixed training requirement identified; not advanced after match failure.,"Acquisition, construction, rehabilitation, installation, improvement, or equipping of eligible innovation infrastructure.",Eligible Maryland technology sectors and qualifying infrastructure only; sources/uses and current MEDCO award terms control.,2026-12-11 (current Maryland Community Compass listing; MEDCO portal described as rolling),None identified,Current MEDCO online application; detailed project and funding-source/use requirements apply.,Maryland applicant; current provider requirements apply. Historic/current program materials include good-standing verification.,Not reviewed further after independent hard-gate failure.,Not reviewed further after independent hard-gate failure.,FAIL — REQUIRED MATCH,EXCLUDED — REQUIRED MATCH,Funding Steward,https://commerce.maryland.gov/fund/build-our-future-grant-program ; https://compass.maryland.gov/incentives/ ; https://www.grantwatch.com/grant/216980/,2026-09-10,Do not pursue under AMW’s current no-required-match hard gate. Reopen only if the funding structure changes or the Founder deliberately changes that control.,EXCLUDED — HARD-GATE FAILURE
AMW Startup,Maryland Energy Administration / Oceantic Network,Maryland Offshore Wind Market Entry Coaching (GrantWatch #218530),Institutional Capacity / Business Development,In-Kind Consulting / Offshore Wind Market Entry,Maryland,Maryland-based companies may apply on a rolling basis; the program is specifically designed for businesses entering or expanding in offshore wind and related ocean-renewables markets.,"Maryland location may fit, but the opportunity does not fit AMW’s presently established nonprofit/community consulting operating lane and is in-kind consulting rather than cash funding.",Up to 40 hours of consulting services,No application fee identified on the official Oceantic program page.,No,No ownership/equity transfer identified in public program description.,None identified,No reimbursement structure; in-kind consulting service.,"Official current page gives priority to emerging/minority businesses and companies that completed Foundation 2 Blade, Offshore Wind Ready, or Offshore Wind 101; it does not establish a fixed training requirement for all applicants.",One-on-one consulting to develop an offshore-wind market-entry strategy or business plan.,Purpose is entry/expansion in the U.S. offshore-wind and related ocean-renewables industries.,Rolling,None identified,Provider application for Maryland-based companies seeking offshore-wind market-entry/business-planning support.,Maryland-based company.,Not material to AMW funding lane after alignment failure.,Not material to AMW funding lane after alignment failure.,"FAIL — ALIGNMENT / CURRENT OPERATING CAPACITY; IN-KIND RESOURCE, NOT AMW CASH FUNDING",EXCLUDED — MISALIGNED / IN-KIND,Funding Steward,https://oceantic.org/maryland-offshorewind-market-entry-coaching/ ; https://www.grantwatch.com/,2026-09-10,Do not place in AMW’s active cash-grant lane. Reopen only if AMW deliberately develops and operationalizes an offshore-wind market-entry business line and the opportunity then passes the full gate.,EXCLUDED
AMW Startup,The McMillan Family Foundation,RC & Maggie McMillan Legacy Grant (GrantWatch #228667),Institutional Capacity / Community Economic Development,Annual Business Resilience / Inner-City Business Development,United States,"Annual award is for a business owner demonstrating exceptional perseverance in the face of challenges, with a dedicated focus on advancing inner-city business development. Foundation policy also lists early-stage/growth-minded business owners among eligible recipients.","AMW is an early-stage business, but the specific Legacy Grant requires a dedicated focus on advancing inner-city business development. That precise operating focus is not established in AMW's current controlled consulting lane, so precise fit is not established.",Varies annually,"$0 — Common Grant Application states applicants pay no account, subscription, or application fees.",No — grant; funds may not be used to repay personal debt or loans.,No equity/ownership/IP transfer identified in reviewed Foundation grant policy.,None identified in reviewed Foundation policy.,No reimbursement-only structure identified; disbursement may be full or scheduled installments after required documentation.,No mandatory training/course requirement identified; professional development is an optional eligible use of funds.,Business startup/expansion; technology/equipment/inventory; marketing/branding; professional development/coaching; tuition/education-related expenses when approved.,"Use only for approved purpose; excludes unrelated personal expenses, unrelated travel/entertainment, political campaigns/lobbying, repayment of personal debt/loans, alcohol/tobacco/adult-content ventures.",2026-09-12,None identified,Foundation uses Common Grant Application; specific Legacy Grant application period Aug. 1–Sep. 12. Applicant must support the grant's perseverance and inner-city business-development focus.,Opportunity-specific documentation; W-9 required before payment if awarded.,Progress update within 90 days; final impact report within 12 months or grant period; Foundation may request proof of expenditures.,Photo/quote/testimonial requested; Foundation may share recipient story/name/business unless recipient opts out in writing.,FAIL — PRECISE FIT / ALIGNMENT NOT ESTABLISHED,EXCLUDED — PRECISE FIT / ALIGNMENT,Funding Steward,https://themcmillanfamilyfoundation.org/apply-for-a-grant/ ; https://themcmillanfamilyfoundation.org/wp-content/uploads/2025/08/McMillan-Family-Foundation-Grant-Recipient-Policy-new.pdf ; https://www.commongrantapplication.com/agreements/billing_agreement.php ; https://www.grantwatch.com/grant/228667/,2026-09-10,Do not pursue or re-recommend under the current AMW operating lane. Reopen only if AMW later establishes the required inner-city business-development focus and the live terms still pass every hard gate.,EXCLUDED — HARD-GATE FAILURE
AMW Startup,Impact Funding Solutions,IMPACT Grant for Businesses (GrantWatch #223213),Institutional Capacity / Community Impact,Quarterly Business Microgrant,United States / Canada,"Business owners in the USA or Canada may apply; published business eligibility includes sole proprietors, small businesses/startups, and social enterprises making community impact.","Applicant type and community-impact alignment may fit, but the provider charges a $15 application/administrative fee.","$1,000",$15 application/administrative fee,No loan represented in current program description.,Not advanced after application-fee hard-gate failure.,N/A after application-fee failure.,N/A after application-fee failure.,N/A after application-fee failure.,Community-impact business purposes; exact approved use is application-specific.,Application fee independently violates AMW startup funding hard gate.,2026-09-30,None identified,Online IMPACT Grant application; current provider materials state quarterly application cycles.,Business owner in USA or Canada; business/startup/social-enterprise eligibility categories published.,Not reviewed further after independent hard-gate failure.,Not reviewed further after independent hard-gate failure.,FAIL — APPLICATION FEE,EXCLUDED — APPLICATION FEE,Funding Steward,https://impactfundingsolutions.com/impact-grant-application-for-businesses/ ; https://impactfundingsolutions.com/small-business-grants-february-2026/ ; https://www.grantwatch.com/grant/223213/,2026-09-10,Do not pursue or re-recommend while an applicant fee is required.,EXCLUDED — HARD-GATE FAILURE
AMW Startup,Entreprenista Media / IT Cosmetics,Entreprenista Evolve Grant (GrantWatch #228815),Institutional Capacity,Business Growth / Scaling,United States,"U.S.-based registered corporation, LLC, or LP with physical U.S. address; woman-owned or woman-led; at least $100,000 annual revenue; operating at least 12 months; no Entreprenista grant in prior 12 months.",AMW does not meet the published minimum annual revenue and 12-month operating-history requirements for this 2026 round.,"$5,000",$0 — Official Rules state no purchase necessary.,No — cash sweepstakes grant prize.,Official Rules grant broad perpetual rights/licenses over the submitted Sweepstakes Entry and name/likeness; not advanced because eligibility already independently fails.,None identified.,"No reimbursement-only structure identified; winner receives $5,000 cash after claim requirements.",No mandatory course identified in Official Rules; mentorship/community messaging is not an applicant training requirement.,Business growth / scaling; program describes growth-critical resources and strengthening the business foundation.,"Must satisfy business form, physical-address, woman-owned/led, $100K+ annual revenue, and 12-month operation requirements; Official Rules control entry/license/publicity obligations.",2026-11-30 11:59 PM ET,None identified,Complete official Evolve Grant application during promotion period; authorized officer submits business information including revenue.,Registered U.S. business; physical U.S. address; qualifying entity type; published revenue and operating-history thresholds.,Winner must satisfy claim requirements under Official Rules.,Official Rules include perpetual marketing/name-likeness consent and broad license rights in the submitted entry.,FAIL — CURRENT ELIGIBILITY,EXCLUDED — CURRENT ELIGIBILITY,Funding Steward,https://www.entreprenista.com/evolve ; https://www.entreprenista.com/evolve-tc ; https://www.grantwatch.com/grant/228815/,2026-09-10,Do not pursue or re-recommend in this round. Reopen only in a future round after AMW independently meets the then-current revenue/operating-history requirements and all other hard gates.,EXCLUDED — HARD-GATE FAILURE
AMW Startup,UNRESOLVED — GrantWatch lists agency only as Corporation,Grants to USA Businesses and Nonprofits for Business Development Activities (GrantWatch #229366),Institutional Capacity / Capital / Operating Support,Business Development,United States,"GrantWatch publicly describes eligibility for USA businesses and some nonprofits, with facility improvements, equipment, marketing, operating support, and infrastructure; precise recipient criteria are hidden behind MemberPlus.",Underlying funder and controlling eligibility/application/post-award terms could not be independently resolved from authoritative public sources. Required hard-gate terms therefore cannot be verified.,UNVERIFIED,UNVERIFIED — cannot establish $0 application fee,UNVERIFIED,UNVERIFIED,UNVERIFIED,UNVERIFIED,UNVERIFIED,"GrantWatch summary lists facility improvements, equipment purchases, marketing initiatives, operating support, and infrastructure.","Precise eligibility, application cost, award restrictions, ownership/IP, match, reimbursement, reporting, publicity, and other controlling terms are not publicly verifiable from an authoritative source.",2026-12-15,UNVERIFIED,GrantWatch MemberPlus hides application instructions and full eligibility; no authoritative underlying application was located.,UNVERIFIED,UNVERIFIED,UNVERIFIED,FAIL — CONTROLLING TERMS / FUNDER UNVERIFIED,EXCLUDED — CONTROLLING TERMS UNVERIFIED,Funding Steward,https://www.grantwatch.com/grant/229366/,2026-09-10,Do not pursue or re-recommend unless the underlying funder and authoritative controlling terms are independently identified and the opportunity then passes every AMW hard gate.,EXCLUDED — HARD-GATE FAILURE

AMW Startup,AdIQ,AdIQ Cares Small Business Grant Program,Institutional Capacity / Operating Support,Quarterly Small Business Cash Grant,United States,"Current first-party page: open to any U.S.-based small business; non-AdIQ clients may apply; no purchase or subscription required; applications accepted year-round; quarterly winners selected in March, June, September, and December.",PASS on current published criteria. No formal state business-registration/good-standing prerequisite is stated on the first-party grant page. Founder-confirmed AMW unregistered status therefore does not presently create a published eligibility conflict.,"$2,500",$0 — no application fee or purchase requirement stated on the first-party grant page.,No — no repayment; described as no-strings-attached cash grant.,No equity/ownership/IP surrender identified on the first-party grant page; final award terms still require review before acceptance.,None identified.,No reimbursement-only structure; grant funds sent by ACH within 5 business days.,"Short application; no mandatory course, training, membership, or paid service.","No narrow use restriction stated; application asks how the $2,500 would help the business.",Open to U.S.-based small businesses. Winner announced on social media. Final award terms must be checked before acceptance.,Applications open year-round; Q3 2026 application is currently live; quarterly selection in September 2026.,None identified.,"Application asks name, phone, business name/type, city/state, current challenge, and how the grant would help.",No formal business-registration/good-standing prerequisite stated on the current first-party grant page. ACH required for disbursement if awarded.,No recurring performance or expenditure report identified on the current first-party grant page; verify any finalist/award terms before acceptance.,Winner announced on social media; no broad perpetual license over submitted content identified on the current grant page.,PASS — $0 FEE / NO DEBT / NO MATCH / NO REGISTRATION PREREQUISITE STATED / NO RECURRING REPORTING FOUND,QUALIFIED — ACTIVE / SUBMIT,Founder / Funding Steward,https://www.adiq.com/adiq-cares.html,2026-09-23,Submit the live Q3 2026 application using a bounded AMW operating-capacity need. Preserve a copy/screenshot of the submitted form. Re-check any finalist or award agreement before acceptance.,NEW VERIFIED ACTIVE SURVIVOR — 2026-09-23