Control ID,Status,Recovered Fact,Source,Current Relationship,Remaining Gap
G01-OC01,LOCKED IDENTIFIER — EXACT CONTROL NAME/TEXT NOT RECOVERED,Member of the Founder-locked G01 actual operating-controls family G01-OC01 through G01-OC18.,"Prior AMW chat — August 12, 2026",G01 Governance Record Package / G01-IA / Governance Return Principle remain current cross-references.,Recover exact original control name/text before operational publication; do not infer or invent.
G01-OC02,LOCKED IDENTIFIER — EXACT CONTROL NAME/TEXT NOT RECOVERED,Member of the Founder-locked G01 actual operating-controls family G01-OC01 through G01-OC18.,"Prior AMW chat — August 12, 2026",G01 Governance Record Package / G01-IA / Governance Return Principle remain current cross-references.,Recover exact original control name/text before operational publication; do not infer or invent.
G01-OC03,LOCKED IDENTIFIER — EXACT CONTROL NAME/TEXT NOT RECOVERED,Member of the Founder-locked G01 actual operating-controls family G01-OC01 through G01-OC18.,"Prior AMW chat — August 12, 2026",G01 Governance Record Package / G01-IA / Governance Return Principle remain current cross-references.,Recover exact original control name/text before operational publication; do not infer or invent.
G01-OC04,LOCKED IDENTIFIER — EXACT CONTROL NAME/TEXT NOT RECOVERED,Member of the Founder-locked G01 actual operating-controls family G01-OC01 through G01-OC18.,"Prior AMW chat — August 12, 2026",G01 Governance Record Package / G01-IA / Governance Return Principle remain current cross-references.,Recover exact original control name/text before operational publication; do not infer or invent.
G01-OC05,LOCKED IDENTIFIER — EXACT CONTROL NAME/TEXT NOT RECOVERED,Member of the Founder-locked G01 actual operating-controls family G01-OC01 through G01-OC18.,"Prior AMW chat — August 12, 2026",G01 Governance Record Package / G01-IA / Governance Return Principle remain current cross-references.,Recover exact original control name/text before operational publication; do not infer or invent.
G01-OC06,LOCKED IDENTIFIER — EXACT CONTROL NAME/TEXT NOT RECOVERED,Member of the Founder-locked G01 actual operating-controls family G01-OC01 through G01-OC18.,"Prior AMW chat — August 12, 2026",G01 Governance Record Package / G01-IA / Governance Return Principle remain current cross-references.,Recover exact original control name/text before operational publication; do not infer or invent.
G01-OC07,LOCKED IDENTIFIER — EXACT CONTROL NAME/TEXT NOT RECOVERED,Member of the Founder-locked G01 actual operating-controls family G01-OC01 through G01-OC18.,"Prior AMW chat — August 12, 2026",G01 Governance Record Package / G01-IA / Governance Return Principle remain current cross-references.,Recover exact original control name/text before operational publication; do not infer or invent.
G01-OC08,LOCKED IDENTIFIER — EXACT CONTROL NAME/TEXT NOT RECOVERED,Member of the Founder-locked G01 actual operating-controls family G01-OC01 through G01-OC18.,"Prior AMW chat — August 12, 2026",G01 Governance Record Package / G01-IA / Governance Return Principle remain current cross-references.,Recover exact original control name/text before operational publication; do not infer or invent.
G01-OC09,LOCKED IDENTIFIER — EXACT CONTROL NAME/TEXT NOT RECOVERED,Member of the Founder-locked G01 actual operating-controls family G01-OC01 through G01-OC18.,"Prior AMW chat — August 12, 2026",G01 Governance Record Package / G01-IA / Governance Return Principle remain current cross-references.,Recover exact original control name/text before operational publication; do not infer or invent.
G01-OC10,LOCKED IDENTIFIER — EXACT CONTROL NAME/TEXT NOT RECOVERED,Member of the Founder-locked G01 actual operating-controls family G01-OC01 through G01-OC18.,"Prior AMW chat — August 12, 2026",G01 Governance Record Package / G01-IA / Governance Return Principle remain current cross-references.,Recover exact original control name/text before operational publication; do not infer or invent.
G01-OC11,LOCKED IDENTIFIER — EXACT CONTROL NAME/TEXT NOT RECOVERED,Member of the Founder-locked G01 actual operating-controls family G01-OC01 through G01-OC18.,"Prior AMW chat — August 12, 2026",G01 Governance Record Package / G01-IA / Governance Return Principle remain current cross-references.,Recover exact original control name/text before operational publication; do not infer or invent.
G01-OC12,LOCKED IDENTIFIER — EXACT CONTROL NAME/TEXT NOT RECOVERED,Member of the Founder-locked G01 actual operating-controls family G01-OC01 through G01-OC18.,"Prior AMW chat — August 12, 2026",G01 Governance Record Package / G01-IA / Governance Return Principle remain current cross-references.,Recover exact original control name/text before operational publication; do not infer or invent.
G01-OC13,LOCKED IDENTIFIER — EXACT CONTROL NAME/TEXT NOT RECOVERED,Member of the Founder-locked G01 actual operating-controls family G01-OC01 through G01-OC18.,"Prior AMW chat — August 12, 2026",G01 Governance Record Package / G01-IA / Governance Return Principle remain current cross-references.,Recover exact original control name/text before operational publication; do not infer or invent.
G01-OC14,LOCKED IDENTIFIER — EXACT CONTROL NAME/TEXT NOT RECOVERED,Member of the Founder-locked G01 actual operating-controls family G01-OC01 through G01-OC18.,"Prior AMW chat — August 12, 2026",G01 Governance Record Package / G01-IA / Governance Return Principle remain current cross-references.,Recover exact original control name/text before operational publication; do not infer or invent.
G01-OC15,LOCKED IDENTIFIER — EXACT CONTROL NAME/TEXT NOT RECOVERED,Member of the Founder-locked G01 actual operating-controls family G01-OC01 through G01-OC18.,"Prior AMW chat — August 12, 2026",G01 Governance Record Package / G01-IA / Governance Return Principle remain current cross-references.,Recover exact original control name/text before operational publication; do not infer or invent.
G01-OC16,LOCKED IDENTIFIER — EXACT CONTROL NAME/TEXT NOT RECOVERED,Member of the Founder-locked G01 actual operating-controls family G01-OC01 through G01-OC18.,"Prior AMW chat — August 12, 2026",G01 Governance Record Package / G01-IA / Governance Return Principle remain current cross-references.,Recover exact original control name/text before operational publication; do not infer or invent.
G01-OC17,LOCKED IDENTIFIER — EXACT CONTROL NAME/TEXT NOT RECOVERED,Member of the Founder-locked G01 actual operating-controls family G01-OC01 through G01-OC18.,"Prior AMW chat — August 12, 2026",G01 Governance Record Package / G01-IA / Governance Return Principle remain current cross-references.,Recover exact original control name/text before operational publication; do not infer or invent.
G01-OC18,LOCKED IDENTIFIER — EXACT CONTROL NAME/TEXT NOT RECOVERED,Member of the Founder-locked G01 actual operating-controls family G01-OC01 through G01-OC18.,"Prior AMW chat — August 12, 2026",G01 Governance Record Package / G01-IA / Governance Return Principle remain current cross-references.,Recover exact original control name/text before operational publication; do not infer or invent.
