ID,Design Area,Current Controlled Requirement,Implementation / Welfare Gate,Status,Authority / Date
IAM-001,Institution Identity,Imagine Aquarium Magic is an entire-building interactive Aquarium Institution / Aquatic Learning environment.,Public-name/IP and operating readiness remain separate.,OPERATIONAL LEGACY CONTROL — ACTIVE,Founder — 2026-09-05
IAM-002,Palette,Deep Navy Blue / Midnight + Emerald Green + Slate Gray.,Safety/animal-welfare lighting and cleanability override decorative treatment where required.,CURRENT CONTROLLED DESIGN,Founder — 2026-09-05
IAM-003,First Floor,Hands-on aquatic-learning floor.,Only qualified-professional-approved human-handling-friendly species/animals; supervised touch protocols required.,CURRENT CONTROLLED DESIGN,Founder — 2026-09-05
IAM-004,Freshwater Wing,One side of building is freshwater-only.,Separate life-support/quarantine/plumbing/tools as required.,CURRENT CONTROLLED DESIGN,Founder — 2026-09-05
IAM-005,Saltwater Wing,Opposite side of building is saltwater-only.,Separate life-support/quarantine/plumbing/tools as required.,CURRENT CONTROLLED DESIGN,Founder — 2026-09-05
IAM-006,Hallway Tanks,Each floor hallway includes a tank/system for fish that can live across freshwater/saltwater salinity ranges.,Use only verified euryhaline/brackish-capable species under stable species-specific salinity/acclimation plans.,CURRENT CONTROLLED DESIGN,Founder — 2026-09-05
IAM-007,Wall Tanks,Fish tanks may be integrated into walls throughout the building.,"Structural, maintenance-access, leak detection, emergency isolation and accessibility review required.",CURRENT CONTROLLED DESIGN,Founder — 2026-09-05
IAM-008,Stair Aquarium Features,Aquarium displays may run beside/within stair architecture.,Accessible equivalent viewing required; stairs cannot be the only route to core exhibits.,CURRENT CONTROLLED DESIGN,Founder — 2026-09-05
IAM-009,Lighting,Lighting complements fish and exhibit experience.,"Species-appropriate intensity/photoperiod, glare control and emergency visibility govern.",CURRENT CONTROLLED DESIGN,Founder — 2026-09-05
IAM-010,ADA Accessibility,"Interactive experience, interpretation and key viewing opportunities remain ADA accessible.","Final route, reach range, seating, turning clearances, sensory access and wet-area safety require code review.",CURRENT CONTROLLED DESIGN,Founder — 2026-09-05
IAM-011,Staff Common Area,"Same functional style as O'DAY'S LEGACY GARAGE Common Area: 7 TVs (2 gaming/5 staff), pool table, kitchen, seating and quiet decompression area.","Separated from animal-care, quarantine, chemicals, wet labs and life-support areas.",CURRENT CONTROLLED DESIGN,Founder — 2026-09-05
IAM-012,Life Support,"Independent freshwater/saltwater/hallway systems with filtration, circulation, oxygenation, temperature, monitoring, quarantine, emergency isolation and backup power sized to species/biomass.",Aquatic engineer/aquarist/veterinary approval required before stocking.,CURRENT CONTROLLED DESIGN,Founder + readiness safeguard — 2026-09-05
IAM-013,School Bus Fleet,3 converted school buses assigned to Imagine Aquarium Magic.,"Final interiors, accessibility distribution, seating/restraints, power, restroom and road compliance follow AMW fleet controls.",CURRENT CONTROLLED FLEET,Founder — 2026-09-05
IAM-014,Mega Bus Fleet,3 Mega Buses assigned to Imagine Aquarium Magic; 1 is an educational mobile unit.,Educational mobile interior remains design-development until Founder confirms the interior visual.,CURRENT CONTROLLED FLEET / INTERIOR FOUNDER-DIRECTED FOR VISUAL REVIEW,Founder — 2026-09-05
IAM-015,Coach Bus Fleet,3 coach buses assigned to Imagine Aquarium Magic; 1 is an educational mobile unit.,Educational mobile interior remains design-development until Founder confirms the interior visual.,CURRENT CONTROLLED FLEET / INTERIOR FOUNDER-DIRECTED FOR VISUAL REVIEW,Founder — 2026-09-05
IAM-016,Mobile Education Boundary,Educational mobiles support aquatic learning/outreach.,"Any live-animal transport/display requires separate welfare, transport, filtration, temperature, biosecurity, emergency and legal verification.",CURRENT CONTROLLED SAFEGUARD,Founder + readiness safeguard — 2026-09-05
IAM-017,Visual Authority,"September 5, 2026 Founder-confirmed building/exterior-fleet visual governs current design character.","Written register outranks image-generated species labels, slogans, counts or technical claims.",CURRENT CONTROLLED VISUAL,Founder — 2026-09-05
IAM-018,Uniform Palette,"Deep Navy Blue / Midnight and Emerald Green are the principal uniform colors; Slate Gray, Antique Gold and Warm Ivory are controlled secondary/accent colors.","Safety, sanitation, visibility and PPE requirements override decorative color.",CURRENT CONTROLLED UNIFORM,Founder-confirmed visual — 2026-09-05
IAM-019,Guest-Facing / Education Uniform Direction,"Polos, performance T-shirts and durable professional pants/shorts as appropriate, using the controlled aquarium palette and approachable styling.",Does not create job titles or staffing assignments; accessibility and movement needs apply.,CURRENT CONTROLLED UNIFORM,Founder-confirmed visual — 2026-09-05
IAM-020,Animal-Care / Operations Uniform Direction,"Durable moisture-tolerant work shirts or polos, role-appropriate work/scrub-style pants, protective/non-slip footwear and required PPE.","Actual animal-care, chemical, water, electrical, lifting and wet-area hazards determine PPE.",CURRENT CONTROLLED UNIFORM,Founder-confirmed visual — 2026-09-05
IAM-021,Clinical / Veterinary Attire Boundary,"Warm Ivory or light-colored professional coat/layer may be used only where a role, credentials and work function appropriately require it, over role-appropriate base attire.",No visual creates a veterinary/clinical service or credential. Licensed/credentialed scope remains separately gated.,CURRENT CONTROLLED UNIFORM SAFEGUARD,Founder-confirmed visual — 2026-09-05
IAM-022,Culinary / Food-Service Attire Boundary,"Role-appropriate chef coat/apron or kitchen workwear may use Midnight/Deep Navy, Slate Gray and controlled accents.","Food-safety, sanitation, heat protection and kitchen-specific PPE govern.",CURRENT CONTROLLED UNIFORM SAFEGUARD,Founder-confirmed visual — 2026-09-05
IAM-023,Outerwear / Headwear,"Coordinated zip jackets, hoodies and caps may use Deep Navy/Midnight or Emerald Green with controlled Antique Gold/Warm Ivory branding accents.","Weather, visibility, role identification and safety requirements govern final use.",CURRENT CONTROLLED UNIFORM,Founder-confirmed visual — 2026-09-05
IAM-024,Uniform Branding / Image Text Rule,Durable embroidered or approved applied branding may use aquarium wave/fish motifs within the final AMW brand standard.,"Image-generated slogans, mission patches, department names and role labels do not become controlled AMW statements or workforce structures unless separately Founder-approved.",CURRENT CONTROLLED UNIFORM SAFEGUARD,Founder-confirmed visual — 2026-09-05
IAM-025,Uniform Visual Authority,"September 5, 2026 Founder-confirmed uniform rendering is the current controlled uniform visual reference.","Written controls govern exact palette use, garments, PPE, sanitation, branding and role boundaries where the image differs.",CURRENT CONTROLLED UNIFORM VISUAL,Founder — 2026-09-05
IAM-026,2026-09-21 Aquarium Interior Presentation Board — Rejected Artifact,The produced labeled presentation board combined the current Aquarium exterior/fleet strip with generic Legacy fleet interior panels.,"It violates ML-015 rendering-type lock and does not establish institution-specific Aquarium bus interiors. Preserve as provenance only; do not present, save, approve, or treat it as fulfillment of the interior-rendering request.",REJECTED / NON-CONTROLLING — PROVENANCE ONLY,Recursive Mirror Review — 2026-09-21
IAM-027,2026-09-22 Aquarium Interior Generation Set — Provenance / Re-entry Not Established,Five named Library-present interior files (School Bus; Standard Mega Bus; Educational Mega Bus; Standard Coach Bus; Educational Coach Bus) plus later September 22 derivatives are preserved as generated provenance. They do not supersede the September 5 current controlled Aquarium visual or written fleet/interior controls.,"Actual finished artifacts must pass exact vehicle-family purpose, accessibility, count/checksum, institution branding/palette, physical interior-function and rendering-type gates. Image-generated slogans/text/branding are not controlled statements. No artifact in this set may be promoted without Founder approval/save.",GENERATED / LIBRARY-PRESENT / QUARANTINED — NOT FOUNDER-APPROVED / NOT UPDATE-AND-SAVED / NOT CURRENT-CONTROLLED,Daily Mirror Review — 2026-09-23 reviewing 2026-09-22 work
