LIN-ID,Institution,Current Status,Humane / Anti-Abuse Full-Stop,Budget + Receipts,Schedule + Leave,Regulatory / Licensing,Required Operating Evidence,Facility / Accessibility / Child Safeguards,Manual / SOP Inheritance,Visual Rendering Inheritance,Verified
LIN-001,Sloane's Stones,CURRENT FOUNDER-DIRECTED NAME + CONTROLLED DESIGN — NOT OPERATIONAL,APPLIES — no pain/stress/fear considered humane; abuse full-stop; immediate protection/accountability/reporting under LW-GSC-01 / ML-005.,APPLIES — institutional budget due by the 15th monthly; receipts presented with monthly budget.,APPLIES — Steward schedules + leave requests due to institutional HR by Wednesday before COB for following week; coverage verified before release.,"APPLIES — maintain current state/regional licenses, permits, registrations, inspections, credentials and continuing-compliance evidence for actual scope.","APPLIES — required sanitation, cleaning, ventilation/maintenance, credential/supervision, authorization, consent, incident/adverse reaction, SDS/chemical, linen, equipment and learning-return evidence; document N/A with reason when a function genuinely does not exist.",APPLIES — commission plumbing/electrical/GFCI/wet-area/heat/ventilation/source-capture and verify accessible stations/routes/seating/communication where applicable; children areas are not unsupervised childcare without separate authorization/staffing.,APPLIES — all saved permanent-draft manuals and next revisions cross-reference LW-GSC-01; stricter institution-specific controls remain additive.,APPLIES — approved/current and future visuals inherit LW-GSC-01; image omission does not waive written controls; no unrelated redesign authorized.,2026-09-12
LIN-002,I AM A MASTERPIECE Cosmetology Gallery,"OPERATIONAL LEGACY CONTROL — ACTIVE / EXTERNAL LICENSING & COMMISSIONING GATES REMAIN",APPLIES — no pain/stress/fear considered humane; abuse full-stop; immediate protection/accountability/reporting under LW-GSC-01 / ML-005.,APPLIES — institutional budget due by the 15th monthly; receipts presented with monthly budget.,APPLIES — Steward schedules + leave requests due to institutional HR by Wednesday before COB for following week; coverage verified before release.,"APPLIES — maintain current state/regional licenses, permits, registrations, inspections, credentials and continuing-compliance evidence for actual scope.","APPLIES — required sanitation, cleaning, ventilation/maintenance, credential/supervision, authorization, consent, incident/adverse reaction, SDS/chemical, linen, equipment and learning-return evidence; document N/A with reason when a function genuinely does not exist.",APPLIES — commission plumbing/electrical/GFCI/wet-area/heat/ventilation/source-capture and verify accessible stations/routes/seating/communication where applicable; children areas are not unsupervised childcare without separate authorization/staffing.,APPLIES — all saved permanent-draft manuals and next revisions cross-reference LW-GSC-01; stricter institution-specific controls remain additive.,APPLIES — approved/current and future visuals inherit LW-GSC-01; image omission does not waive written controls; no unrelated redesign authorized.,2026-09-25
LIN-003,Blazzing Blades Legacy Barbershop,CURRENT FOUNDER-APPROVED DESIGN + EXACT SAVED VISUAL VERIFIED — NOT OPERATIONAL,APPLIES — no pain/stress/fear considered humane; abuse full-stop; immediate protection/accountability/reporting under LW-GSC-01 / ML-005.,APPLIES — institutional budget due by the 15th monthly; receipts presented with monthly budget.,APPLIES — Steward schedules + leave requests due to institutional HR by Wednesday before COB for following week; coverage verified before release.,"APPLIES — maintain current state/regional licenses, permits, registrations, inspections, credentials and continuing-compliance evidence for actual scope.","APPLIES — required sanitation, cleaning, ventilation/maintenance, credential/supervision, authorization, consent, incident/adverse reaction, SDS/chemical, linen, equipment and learning-return evidence; document N/A with reason when a function genuinely does not exist.",APPLIES — commission plumbing/electrical/GFCI/wet-area/heat/ventilation/source-capture and verify accessible stations/routes/seating/communication where applicable; children areas are not unsupervised childcare without separate authorization/staffing.,APPLIES — all saved permanent-draft manuals and next revisions cross-reference LW-GSC-01; stricter institution-specific controls remain additive.,APPLIES — approved/current and future visuals inherit LW-GSC-01; image omission does not waive written controls; no unrelated redesign authorized.,2026-09-20
LIN-004,O'DAY'S LEGACY GARAGE,CURRENT FOUNDER-DIRECTED NAME + CONTROLLED DESIGN — NOT OPERATIONAL,APPLIES — no pain/stress/fear considered humane; abuse full-stop; immediate protection/accountability/reporting under LW-GSC-01 / ML-005.,APPLIES — institutional budget due by the 15th monthly; receipts presented with monthly budget.,APPLIES — Steward schedules + leave requests due to institutional HR by Wednesday before COB for following week; coverage verified before release.,"APPLIES — maintain current state/regional licenses, permits, registrations, inspections, credentials and continuing-compliance evidence for actual scope.","APPLIES — required sanitation, cleaning, ventilation/maintenance, credential/supervision, authorization, consent, incident/adverse reaction, SDS/chemical, linen, equipment and learning-return evidence; document N/A with reason when a function genuinely does not exist.",APPLIES — commission plumbing/electrical/GFCI/wet-area/heat/ventilation/source-capture and verify accessible stations/routes/seating/communication where applicable; children areas are not unsupervised childcare without separate authorization/staffing.,APPLIES — all saved permanent-draft manuals and next revisions cross-reference LW-GSC-01; stricter institution-specific controls remain additive.,APPLIES — approved/current and future visuals inherit LW-GSC-01; image omission does not waive written controls; no unrelated redesign authorized.,2026-09-12
LIN-005,Don't Run From Betterment HIV/AIDS Center,"OPERATIONAL LEGACY CONTROL — ACTIVE / REGULATED CLINICAL SERVICE GATES REMAIN",APPLIES — no pain/stress/fear considered humane; abuse full-stop; immediate protection/accountability/reporting under LW-GSC-01 / ML-005.,APPLIES — institutional budget due by the 15th monthly; receipts presented with monthly budget.,APPLIES — Steward schedules + leave requests due to institutional HR by Wednesday before COB for following week; coverage verified before release.,"APPLIES — maintain current state/regional licenses, permits, registrations, inspections, credentials and continuing-compliance evidence for actual scope.","APPLIES — required sanitation, cleaning, ventilation/maintenance, credential/supervision, authorization, consent, incident/adverse reaction, SDS/chemical, linen, equipment and learning-return evidence; document N/A with reason when a function genuinely does not exist.",APPLIES — commission plumbing/electrical/GFCI/wet-area/heat/ventilation/source-capture and verify accessible stations/routes/seating/communication where applicable; children areas are not unsupervised childcare without separate authorization/staffing.,APPLIES — all saved permanent-draft manuals and next revisions cross-reference LW-GSC-01; stricter institution-specific controls remain additive.,APPLIES — approved/current and future visuals inherit LW-GSC-01; image omission does not waive written controls; no unrelated redesign authorized.,2026-09-25
LIN-006,Destinee's Diary Music Studio,CURRENT FOUNDER-DIRECTED INSTITUTION + CURRENT CONTROLLED FLEET VISUAL SAVED — NOT OPERATIONAL,APPLIES — no pain/stress/fear considered humane; abuse full-stop; immediate protection/accountability/reporting under LW-GSC-01 / ML-005.,APPLIES — institutional budget due by the 15th monthly; receipts presented with monthly budget.,APPLIES — Steward schedules + leave requests due to institutional HR by Wednesday before COB for following week; coverage verified before release.,"APPLIES — maintain current state/regional licenses, permits, registrations, inspections, credentials and continuing-compliance evidence for actual scope.","APPLIES — required sanitation, cleaning, ventilation/maintenance, credential/supervision, authorization, consent, incident/adverse reaction, SDS/chemical, linen, equipment and learning-return evidence; document N/A with reason when a function genuinely does not exist.",APPLIES — commission plumbing/electrical/GFCI/wet-area/heat/ventilation/source-capture and verify accessible stations/routes/seating/communication where applicable; children areas are not unsupervised childcare without separate authorization/staffing.,APPLIES — all saved permanent-draft manuals and next revisions cross-reference LW-GSC-01; stricter institution-specific controls remain additive.,APPLIES — approved/current and future visuals inherit LW-GSC-01; image omission does not waive written controls; no unrelated redesign authorized.,2026-09-12
LIN-007,Dave's Dog Center,FOUNDER-DIRECTED CURRENT NAME — DEVELOPING / NOT OPERATIONAL,APPLIES — no pain/stress/fear considered humane; abuse full-stop; immediate protection/accountability/reporting under LW-GSC-01 / ML-005.,APPLIES — institutional budget due by the 15th monthly; receipts presented with monthly budget.,APPLIES — Steward schedules + leave requests due to institutional HR by Wednesday before COB for following week; coverage verified before release.,"APPLIES — maintain current state/regional licenses, permits, registrations, inspections, credentials and continuing-compliance evidence for actual scope.","APPLIES — required sanitation, cleaning, ventilation/maintenance, credential/supervision, authorization, consent, incident/adverse reaction, SDS/chemical, linen, equipment and learning-return evidence; document N/A with reason when a function genuinely does not exist.",APPLIES — commission plumbing/electrical/GFCI/wet-area/heat/ventilation/source-capture and verify accessible stations/routes/seating/communication where applicable; children areas are not unsupervised childcare without separate authorization/staffing.,APPLIES — all saved permanent-draft manuals and next revisions cross-reference LW-GSC-01; stricter institution-specific controls remain additive.,APPLIES — approved/current and future visuals inherit LW-GSC-01; image omission does not waive written controls; no unrelated redesign authorized.,2026-09-12
LIN-008,Helen's 4-H/Husbandry/ Butchery,FOUNDER-DIRECTED CURRENT NAME — DEVELOPING / NOT OPERATIONAL,APPLIES — no pain/stress/fear considered humane; abuse full-stop; immediate protection/accountability/reporting under LW-GSC-01 / ML-005.,APPLIES — institutional budget due by the 15th monthly; receipts presented with monthly budget.,APPLIES — Steward schedules + leave requests due to institutional HR by Wednesday before COB for following week; coverage verified before release.,"APPLIES — maintain current state/regional licenses, permits, registrations, inspections, credentials and continuing-compliance evidence for actual scope.","APPLIES — required sanitation, cleaning, ventilation/maintenance, credential/supervision, authorization, consent, incident/adverse reaction, SDS/chemical, linen, equipment and learning-return evidence; document N/A with reason when a function genuinely does not exist.",APPLIES — commission plumbing/electrical/GFCI/wet-area/heat/ventilation/source-capture and verify accessible stations/routes/seating/communication where applicable; children areas are not unsupervised childcare without separate authorization/staffing.,APPLIES — all saved permanent-draft manuals and next revisions cross-reference LW-GSC-01; stricter institution-specific controls remain additive.,APPLIES — approved/current and future visuals inherit LW-GSC-01; image omission does not waive written controls; no unrelated redesign authorized.,2026-09-12
LIN-009,Just Love Coy Pond,CURRENT FOUNDER-DIRECTED NAME + CONTROLLED DESIGN — NOT OPERATIONAL,APPLIES — no pain/stress/fear considered humane; abuse full-stop; immediate protection/accountability/reporting under LW-GSC-01 / ML-005.,APPLIES — institutional budget due by the 15th monthly; receipts presented with monthly budget.,APPLIES — Steward schedules + leave requests due to institutional HR by Wednesday before COB for following week; coverage verified before release.,"APPLIES — maintain current state/regional licenses, permits, registrations, inspections, credentials and continuing-compliance evidence for actual scope.","APPLIES — required sanitation, cleaning, ventilation/maintenance, credential/supervision, authorization, consent, incident/adverse reaction, SDS/chemical, linen, equipment and learning-return evidence; document N/A with reason when a function genuinely does not exist.",APPLIES — commission plumbing/electrical/GFCI/wet-area/heat/ventilation/source-capture and verify accessible stations/routes/seating/communication where applicable; children areas are not unsupervised childcare without separate authorization/staffing.,APPLIES — all saved permanent-draft manuals and next revisions cross-reference LW-GSC-01; stricter institution-specific controls remain additive.,APPLIES — approved/current and future visuals inherit LW-GSC-01; image omission does not waive written controls; no unrelated redesign authorized.,2026-09-12
LIN-010,Bending Minds,FOUNDER-DIRECTED CURRENT NAME — DEVELOPING / NOT OPERATIONAL,APPLIES — no pain/stress/fear considered humane; abuse full-stop; immediate protection/accountability/reporting under LW-GSC-01 / ML-005.,APPLIES — institutional budget due by the 15th monthly; receipts presented with monthly budget.,APPLIES — Steward schedules + leave requests due to institutional HR by Wednesday before COB for following week; coverage verified before release.,"APPLIES — maintain current state/regional licenses, permits, registrations, inspections, credentials and continuing-compliance evidence for actual scope.","APPLIES — required sanitation, cleaning, ventilation/maintenance, credential/supervision, authorization, consent, incident/adverse reaction, SDS/chemical, linen, equipment and learning-return evidence; document N/A with reason when a function genuinely does not exist.",APPLIES — commission plumbing/electrical/GFCI/wet-area/heat/ventilation/source-capture and verify accessible stations/routes/seating/communication where applicable; children areas are not unsupervised childcare without separate authorization/staffing.,APPLIES — all saved permanent-draft manuals and next revisions cross-reference LW-GSC-01; stricter institution-specific controls remain additive.,APPLIES — approved/current and future visuals inherit LW-GSC-01; image omission does not waive written controls; no unrelated redesign authorized.,2026-09-12
LIN-011,Sophia's Soul Legacy Sustainability Agriculture Haven,FOUNDER-DIRECTED CURRENT NAME — DEVELOPING / NOT OPERATIONAL,APPLIES — no pain/stress/fear considered humane; abuse full-stop; immediate protection/accountability/reporting under LW-GSC-01 / ML-005.,APPLIES — institutional budget due by the 15th monthly; receipts presented with monthly budget.,APPLIES — Steward schedules + leave requests due to institutional HR by Wednesday before COB for following week; coverage verified before release.,"APPLIES — maintain current state/regional licenses, permits, registrations, inspections, credentials and continuing-compliance evidence for actual scope.","APPLIES — required sanitation, cleaning, ventilation/maintenance, credential/supervision, authorization, consent, incident/adverse reaction, SDS/chemical, linen, equipment and learning-return evidence; document N/A with reason when a function genuinely does not exist.",APPLIES — commission plumbing/electrical/GFCI/wet-area/heat/ventilation/source-capture and verify accessible stations/routes/seating/communication where applicable; children areas are not unsupervised childcare without separate authorization/staffing.,APPLIES — all saved permanent-draft manuals and next revisions cross-reference LW-GSC-01; stricter institution-specific controls remain additive.,APPLIES — approved/current and future visuals inherit LW-GSC-01; image omission does not waive written controls; no unrelated redesign authorized.,2026-09-12
LIN-012,Imagine Aquarium Magic,"OPERATIONAL LEGACY CONTROL — ACTIVE / ANIMAL-WELFARE, LIFE-SUPPORT, PERMIT & VEHICLE GATES REMAIN",APPLIES — no pain/stress/fear considered humane; abuse full-stop; immediate protection/accountability/reporting under LW-GSC-01 / ML-005.,APPLIES — institutional budget due by the 15th monthly; receipts presented with monthly budget.,APPLIES — Steward schedules + leave requests due to institutional HR by Wednesday before COB for following week; coverage verified before release.,"APPLIES — maintain current state/regional licenses, permits, registrations, inspections, credentials and continuing-compliance evidence for actual scope.","APPLIES — required sanitation, cleaning, ventilation/maintenance, credential/supervision, authorization, consent, incident/adverse reaction, SDS/chemical, linen, equipment and learning-return evidence; document N/A with reason when a function genuinely does not exist.",APPLIES — commission plumbing/electrical/GFCI/wet-area/heat/ventilation/source-capture and verify accessible stations/routes/seating/communication where applicable; children areas are not unsupervised childcare without separate authorization/staffing.,APPLIES — all saved permanent-draft manuals and next revisions cross-reference LW-GSC-01; stricter institution-specific controls remain additive.,APPLIES — approved/current and future visuals inherit LW-GSC-01; image omission does not waive written controls; no unrelated redesign authorized.,2026-09-25
LIN-013,Grace's Healing Center,FOUNDER-DIRECTED CURRENT NAME — DEVELOPING / NOT OPERATIONAL,APPLIES — no pain/stress/fear considered humane; abuse full-stop; immediate protection/accountability/reporting under LW-GSC-01 / ML-005.,APPLIES — institutional budget due by the 15th monthly; receipts presented with monthly budget.,APPLIES — Steward schedules + leave requests due to institutional HR by Wednesday before COB for following week; coverage verified before release.,"APPLIES — maintain current state/regional licenses, permits, registrations, inspections, credentials and continuing-compliance evidence for actual scope.","APPLIES — required sanitation, cleaning, ventilation/maintenance, credential/supervision, authorization, consent, incident/adverse reaction, SDS/chemical, linen, equipment and learning-return evidence; document N/A with reason when a function genuinely does not exist.",APPLIES — commission plumbing/electrical/GFCI/wet-area/heat/ventilation/source-capture and verify accessible stations/routes/seating/communication where applicable; children areas are not unsupervised childcare without separate authorization/staffing.,APPLIES — all saved permanent-draft manuals and next revisions cross-reference LW-GSC-01; stricter institution-specific controls remain additive.,APPLIES — approved/current and future visuals inherit LW-GSC-01; image omission does not waive written controls; no unrelated redesign authorized.,2026-09-12
LIN-014,Mike's Media Center,FOUNDER-DIRECTED CURRENT NAME — DEVELOPING / NOT OPERATIONAL,APPLIES — no pain/stress/fear considered humane; abuse full-stop; immediate protection/accountability/reporting under LW-GSC-01 / ML-005.,APPLIES — institutional budget due by the 15th monthly; receipts presented with monthly budget.,APPLIES — Steward schedules + leave requests due to institutional HR by Wednesday before COB for following week; coverage verified before release.,"APPLIES — maintain current state/regional licenses, permits, registrations, inspections, credentials and continuing-compliance evidence for actual scope.","APPLIES — required sanitation, cleaning, ventilation/maintenance, credential/supervision, authorization, consent, incident/adverse reaction, SDS/chemical, linen, equipment and learning-return evidence; document N/A with reason when a function genuinely does not exist.",APPLIES — commission plumbing/electrical/GFCI/wet-area/heat/ventilation/source-capture and verify accessible stations/routes/seating/communication where applicable; children areas are not unsupervised childcare without separate authorization/staffing.,APPLIES — all saved permanent-draft manuals and next revisions cross-reference LW-GSC-01; stricter institution-specific controls remain additive.,APPLIES — approved/current and future visuals inherit LW-GSC-01; image omission does not waive written controls; no unrelated redesign authorized.,2026-09-12
LIN-015,MAKING XYLEM WHILE MAKING LEGACIES STEAM Institution,CURRENT CONTROLLED DESIGN + CURRENT CONTROLLED INSTITUTION/FLEET VISUALS SAVED — NOT OPERATIONAL,APPLIES — no pain/stress/fear considered humane; abuse full-stop; immediate protection/accountability/reporting under LW-GSC-01 / ML-005.,APPLIES — institutional budget due by the 15th monthly; receipts presented with monthly budget.,APPLIES — Steward schedules + leave requests due to institutional HR by Wednesday before COB for following week; coverage verified before release.,"APPLIES — maintain current state/regional licenses, permits, registrations, inspections, credentials and continuing-compliance evidence for actual scope.","APPLIES — required sanitation, cleaning, ventilation/maintenance, credential/supervision, authorization, consent, incident/adverse reaction, SDS/chemical, linen, equipment and learning-return evidence; document N/A with reason when a function genuinely does not exist.",APPLIES — commission plumbing/electrical/GFCI/wet-area/heat/ventilation/source-capture and verify accessible stations/routes/seating/communication where applicable; children areas are not unsupervised childcare without separate authorization/staffing.,APPLIES — all saved permanent-draft manuals and next revisions cross-reference LW-GSC-01; stricter institution-specific controls remain additive.,APPLIES — approved/current and future visuals inherit LW-GSC-01; image omission does not waive written controls; no unrelated redesign authorized.,2026-09-12
LIN-016,Bridging the Legacies,CURRENT FOUNDER-DIRECTED NAME + CONTROLLED DESIGN — NOT OPERATIONAL,APPLIES — no pain/stress/fear considered humane; abuse full-stop; immediate protection/accountability/reporting under LW-GSC-01 / ML-005.,APPLIES — institutional budget due by the 15th monthly; receipts presented with monthly budget.,APPLIES — Steward schedules + leave requests due to institutional HR by Wednesday before COB for following week; coverage verified before release.,"APPLIES — maintain current state/regional licenses, permits, registrations, inspections, credentials and continuing-compliance evidence for actual scope.","APPLIES — required sanitation, cleaning, ventilation/maintenance, credential/supervision, authorization, consent, incident/adverse reaction, SDS/chemical, linen, equipment and learning-return evidence; document N/A with reason when a function genuinely does not exist.",APPLIES — commission plumbing/electrical/GFCI/wet-area/heat/ventilation/source-capture and verify accessible stations/routes/seating/communication where applicable; children areas are not unsupervised childcare without separate authorization/staffing.,APPLIES — all saved permanent-draft manuals and next revisions cross-reference LW-GSC-01; stricter institution-specific controls remain additive.,APPLIES — approved/current and future visuals inherit LW-GSC-01; image omission does not waive written controls; no unrelated redesign authorized.,2026-09-12
LIN-017,Let Love Win LGBTQ+ Family House,CURRENT CONTROLLED DESIGN + CURRENT CONTROLLED TRANSPORTATION FLEET VISUAL SAVED — NOT OPERATIONAL,APPLIES — no pain/stress/fear considered humane; abuse full-stop; immediate protection/accountability/reporting under LW-GSC-01 / ML-005.,APPLIES — institutional budget due by the 15th monthly; receipts presented with monthly budget.,APPLIES — Steward schedules + leave requests due to institutional HR by Wednesday before COB for following week; coverage verified before release.,"APPLIES — maintain current state/regional licenses, permits, registrations, inspections, credentials and continuing-compliance evidence for actual scope.","APPLIES — required sanitation, cleaning, ventilation/maintenance, credential/supervision, authorization, consent, incident/adverse reaction, SDS/chemical, linen, equipment and learning-return evidence; document N/A with reason when a function genuinely does not exist.",APPLIES — commission plumbing/electrical/GFCI/wet-area/heat/ventilation/source-capture and verify accessible stations/routes/seating/communication where applicable; children areas are not unsupervised childcare without separate authorization/staffing.,APPLIES — all saved permanent-draft manuals and next revisions cross-reference LW-GSC-01; stricter institution-specific controls remain additive.,APPLIES — approved/current and future visuals inherit LW-GSC-01; image omission does not waive written controls; no unrelated redesign authorized.,2026-09-12
LIN-018,Phoenix Plaza / Phoenix Plaza Theatre,CURRENT CONTROLLED DESIGN + CURRENT CONTROLLED VISUAL/FLEET/UNIFORMS SAVED — NOT OPERATIONAL,APPLIES — no pain/stress/fear considered humane; abuse full-stop; immediate protection/accountability/reporting under LW-GSC-01 / ML-005.,APPLIES — institutional budget due by the 15th monthly; receipts presented with monthly budget.,APPLIES — Steward schedules + leave requests due to institutional HR by Wednesday before COB for following week; coverage verified before release.,"APPLIES — maintain current state/regional licenses, permits, registrations, inspections, credentials and continuing-compliance evidence for actual scope.","APPLIES — required sanitation, cleaning, ventilation/maintenance, credential/supervision, authorization, consent, incident/adverse reaction, SDS/chemical, linen, equipment and learning-return evidence; document N/A with reason when a function genuinely does not exist.",APPLIES — commission plumbing/electrical/GFCI/wet-area/heat/ventilation/source-capture and verify accessible stations/routes/seating/communication where applicable; children areas are not unsupervised childcare without separate authorization/staffing.,APPLIES — all saved permanent-draft manuals and next revisions cross-reference LW-GSC-01; stricter institution-specific controls remain additive.,APPLIES — approved/current and future visuals inherit LW-GSC-01; image omission does not waive written controls; no unrelated redesign authorized.,2026-09-12
LIN-019,Legacy Village Housing,FOUNDER-DIRECTED CURRENT NAME + CURRENT CONTROLLED DESIGN — NOT OPERATIONAL,APPLIES — no pain/stress/fear considered humane; abuse full-stop; immediate protection/accountability/reporting under LW-GSC-01 / ML-005.,APPLIES — institutional budget due by the 15th monthly; receipts presented with monthly budget.,APPLIES — Steward schedules + leave requests due to institutional HR by Wednesday before COB for following week; coverage verified before release.,"APPLIES — maintain current state/regional licenses, permits, registrations, inspections, credentials and continuing-compliance evidence for actual scope.","APPLIES — required sanitation, cleaning, ventilation/maintenance, credential/supervision, authorization, consent, incident/adverse reaction, SDS/chemical, linen, equipment and learning-return evidence; document N/A with reason when a function genuinely does not exist.",APPLIES — commission plumbing/electrical/GFCI/wet-area/heat/ventilation/source-capture and verify accessible stations/routes/seating/communication where applicable; children areas are not unsupervised childcare without separate authorization/staffing.,APPLIES — all saved permanent-draft manuals and next revisions cross-reference LW-GSC-01; stricter institution-specific controls remain additive.,APPLIES — approved/current and future visuals inherit LW-GSC-01; image omission does not waive written controls; no unrelated redesign authorized.,2026-09-12
LIN-020,Turning the Page Reshapers Village,FOUNDER-APPROVED CURRENT CONTROLLED DESIGN — NOT OPERATIONAL,APPLIES — no pain/stress/fear considered humane; abuse full-stop; immediate protection/accountability/reporting under LW-GSC-01 / ML-005.,APPLIES — institutional budget due by the 15th monthly; receipts presented with monthly budget.,APPLIES — Steward schedules + leave requests due to institutional HR by Wednesday before COB for following week; coverage verified before release.,"APPLIES — maintain current state/regional licenses, permits, registrations, inspections, credentials and continuing-compliance evidence for actual scope.","APPLIES — required sanitation, cleaning, ventilation/maintenance, credential/supervision, authorization, consent, incident/adverse reaction, SDS/chemical, linen, equipment and learning-return evidence; document N/A with reason when a function genuinely does not exist.",APPLIES — commission plumbing/electrical/GFCI/wet-area/heat/ventilation/source-capture and verify accessible stations/routes/seating/communication where applicable; children areas are not unsupervised childcare without separate authorization/staffing.,APPLIES — all saved permanent-draft manuals and next revisions cross-reference LW-GSC-01; stricter institution-specific controls remain additive.,APPLIES — approved/current and future visuals inherit LW-GSC-01; image omission does not waive written controls; no unrelated redesign authorized.,2026-09-12
LIN-021,Pouring It Back In,"OPERATIONAL LEGACY CONTROL — ACTIVE / FOOD-RETAIL, SITE & TRANSPORT ACTIVATION GATES REMAIN",APPLIES — no pain/stress/fear considered humane; abuse full-stop; immediate protection/accountability/reporting under LW-GSC-01 / ML-005.,APPLIES — institutional budget due by the 15th monthly; receipts presented with monthly budget.,APPLIES — Steward schedules + leave requests due to institutional HR by Wednesday before COB for following week; coverage verified before release.,"APPLIES — maintain current state/regional licenses, permits, registrations, inspections, credentials and continuing-compliance evidence for actual scope.","APPLIES — required sanitation, cleaning, ventilation/maintenance, credential/supervision, authorization, consent, incident/adverse reaction, SDS/chemical, linen, equipment and learning-return evidence; document N/A with reason when a function genuinely does not exist.",APPLIES — commission plumbing/electrical/GFCI/wet-area/heat/ventilation/source-capture and verify accessible stations/routes/seating/communication where applicable; children areas are not unsupervised childcare without separate authorization/staffing.,APPLIES — all saved permanent-draft manuals and next revisions cross-reference LW-GSC-01; stricter institution-specific controls remain additive.,APPLIES — approved/current and future visuals inherit LW-GSC-01; image omission does not waive written controls; no unrelated redesign authorized.,2026-09-25
LIN-022,Make The Changes Recovery Village,OPERATIONAL LEGACY CONTROL — ACTIVE / EXTERNAL ACTIVATION GATES REMAIN,APPLIES — no pain/stress/fear considered humane; abuse full-stop; immediate protection/accountability/reporting under LW-GSC-01 / ML-005.,APPLIES — institutional budget due by the 15th monthly; receipts presented with monthly budget.,APPLIES — Steward schedules + leave requests due to institutional HR by Wednesday before COB for following week; coverage verified before release.,"APPLIES — maintain current state/regional licenses, permits, registrations, inspections, credentials and continuing-compliance evidence for actual scope.","APPLIES — required sanitation, cleaning, ventilation/maintenance, credential/supervision, authorization, consent, incident/adverse reaction, SDS/chemical, linen, equipment and learning-return evidence; document N/A with reason when a function genuinely does not exist.",APPLIES — commission plumbing/electrical/GFCI/wet-area/heat/ventilation/source-capture and verify accessible stations/routes/seating/communication where applicable; children areas are not unsupervised childcare without separate authorization/staffing.,APPLIES — all saved permanent-draft manuals and next revisions cross-reference LW-GSC-01; stricter institution-specific controls remain additive.,APPLIES — approved/current and future visuals inherit LW-GSC-01; image omission does not waive written controls; no unrelated redesign authorized.,2026-09-12
LIN-023,Chrys's Masterpiece Wood-shop,CURRENT FOUNDER-DIRECTED NAME + CONTROLLED DESIGN — NOT OPERATIONAL,APPLIES — no pain/stress/fear considered humane; abuse full-stop; immediate protection/accountability/reporting under LW-GSC-01 / ML-005.,APPLIES — institutional budget due by the 15th monthly; receipts presented with monthly budget.,APPLIES — Steward schedules + leave requests due to institutional HR by Wednesday before COB for following week; coverage verified before release.,"APPLIES — maintain current state/regional licenses, permits, registrations, inspections, credentials and continuing-compliance evidence for actual scope.","APPLIES — required sanitation, cleaning, ventilation/maintenance, credential/supervision, authorization, consent, incident/adverse reaction, SDS/chemical, linen, equipment and learning-return evidence; document N/A with reason when a function genuinely does not exist.",APPLIES — commission plumbing/electrical/GFCI/wet-area/heat/ventilation/source-capture and verify accessible stations/routes/seating/communication where applicable; children areas are not unsupervised childcare without separate authorization/staffing.,APPLIES — all saved permanent-draft manuals and next revisions cross-reference LW-GSC-01; stricter institution-specific controls remain additive.,APPLIES — approved/current and future visuals inherit LW-GSC-01; image omission does not waive written controls; no unrelated redesign authorized.,2026-09-12
LIN-024,JUSTIFIED WINS,CURRENT CONTROLLED DESIGN + CURRENT CONTROLLED INSTITUTION/FLEET/INTERIOR/WRAP/UNIFORM VISUAL SAVED — NOT OPERATIONAL,APPLIES — no pain/stress/fear considered humane; abuse full-stop; immediate protection/accountability/reporting under LW-GSC-01 / ML-005.,APPLIES — institutional budget due by the 15th monthly; receipts presented with monthly budget.,APPLIES — Steward schedules + leave requests due to institutional HR by Wednesday before COB for following week; coverage verified before release.,"APPLIES — maintain current state/regional licenses, permits, registrations, inspections, credentials and continuing-compliance evidence for actual scope.","APPLIES — required sanitation, cleaning, ventilation/maintenance, credential/supervision, authorization, consent, incident/adverse reaction, SDS/chemical, linen, equipment and learning-return evidence; document N/A with reason when a function genuinely does not exist.",APPLIES — commission plumbing/electrical/GFCI/wet-area/heat/ventilation/source-capture and verify accessible stations/routes/seating/communication where applicable; children areas are not unsupervised childcare without separate authorization/staffing.,APPLIES — all saved permanent-draft manuals and next revisions cross-reference LW-GSC-01; stricter institution-specific controls remain additive.,APPLIES — approved/current and future visuals inherit LW-GSC-01; image omission does not waive written controls; no unrelated redesign authorized.,2026-09-12
LIN-025,Pattie's pitch,FOUNDER-DIRECTED CURRENT NAME — DEVELOPING / NOT OPERATIONAL,APPLIES — no pain/stress/fear considered humane; abuse full-stop; immediate protection/accountability/reporting under LW-GSC-01 / ML-005.,APPLIES — institutional budget due by the 15th monthly; receipts presented with monthly budget.,APPLIES — Steward schedules + leave requests due to institutional HR by Wednesday before COB for following week; coverage verified before release.,"APPLIES — maintain current state/regional licenses, permits, registrations, inspections, credentials and continuing-compliance evidence for actual scope.","APPLIES — required sanitation, cleaning, ventilation/maintenance, credential/supervision, authorization, consent, incident/adverse reaction, SDS/chemical, linen, equipment and learning-return evidence; document N/A with reason when a function genuinely does not exist.",APPLIES — commission plumbing/electrical/GFCI/wet-area/heat/ventilation/source-capture and verify accessible stations/routes/seating/communication where applicable; children areas are not unsupervised childcare without separate authorization/staffing.,APPLIES — all saved permanent-draft manuals and next revisions cross-reference LW-GSC-01; stricter institution-specific controls remain additive.,APPLIES — approved/current and future visuals inherit LW-GSC-01; image omission does not waive written controls; no unrelated redesign authorized.,2026-09-12
LIN-026,INSTANT WINS VOLLEYBALL,CURRENT CONTROLLED DESIGN + CURRENT CONTROLLED INSTITUTION/FLEET VISUAL SAVED — NOT OPERATIONAL,APPLIES — no pain/stress/fear considered humane; abuse full-stop; immediate protection/accountability/reporting under LW-GSC-01 / ML-005.,APPLIES — institutional budget due by the 15th monthly; receipts presented with monthly budget.,APPLIES — Steward schedules + leave requests due to institutional HR by Wednesday before COB for following week; coverage verified before release.,"APPLIES — maintain current state/regional licenses, permits, registrations, inspections, credentials and continuing-compliance evidence for actual scope.","APPLIES — required sanitation, cleaning, ventilation/maintenance, credential/supervision, authorization, consent, incident/adverse reaction, SDS/chemical, linen, equipment and learning-return evidence; document N/A with reason when a function genuinely does not exist.",APPLIES — commission plumbing/electrical/GFCI/wet-area/heat/ventilation/source-capture and verify accessible stations/routes/seating/communication where applicable; children areas are not unsupervised childcare without separate authorization/staffing.,APPLIES — all saved permanent-draft manuals and next revisions cross-reference LW-GSC-01; stricter institution-specific controls remain additive.,APPLIES — approved/current and future visuals inherit LW-GSC-01; image omission does not waive written controls; no unrelated redesign authorized.,2026-09-12
LIN-027,LIVE IN THE MOMENT ALWAYS,CURRENT CONTROLLED DESIGN + CURRENT CONTROLLED ALL-YEAR STADIUM / FLEET / UNIFORM VISUALS SAVED — NOT OPERATIONAL,APPLIES — no pain/stress/fear considered humane; abuse full-stop; immediate protection/accountability/reporting under LW-GSC-01 / ML-005.,APPLIES — institutional budget due by the 15th monthly; receipts presented with monthly budget.,APPLIES — Steward schedules + leave requests due to institutional HR by Wednesday before COB for following week; coverage verified before release.,"APPLIES — maintain current state/regional licenses, permits, registrations, inspections, credentials and continuing-compliance evidence for actual scope.","APPLIES — required sanitation, cleaning, ventilation/maintenance, credential/supervision, authorization, consent, incident/adverse reaction, SDS/chemical, linen, equipment and learning-return evidence; document N/A with reason when a function genuinely does not exist.",APPLIES — commission plumbing/electrical/GFCI/wet-area/heat/ventilation/source-capture and verify accessible stations/routes/seating/communication where applicable; children areas are not unsupervised childcare without separate authorization/staffing.,APPLIES — all saved permanent-draft manuals and next revisions cross-reference LW-GSC-01; stricter institution-specific controls remain additive.,APPLIES — approved/current and future visuals inherit LW-GSC-01; image omission does not waive written controls; no unrelated redesign authorized.,2026-09-12
LIN-028,Avon's Lacrosse Legacy Complex,CURRENT CONTROLLED DESIGN + CURRENT CONTROLLED ALL-YEAR STADIUM VISUAL SAVED — NOT OPERATIONAL,APPLIES — no pain/stress/fear considered humane; abuse full-stop; immediate protection/accountability/reporting under LW-GSC-01 / ML-005.,APPLIES — institutional budget due by the 15th monthly; receipts presented with monthly budget.,APPLIES — Steward schedules + leave requests due to institutional HR by Wednesday before COB for following week; coverage verified before release.,"APPLIES — maintain current state/regional licenses, permits, registrations, inspections, credentials and continuing-compliance evidence for actual scope.","APPLIES — required sanitation, cleaning, ventilation/maintenance, credential/supervision, authorization, consent, incident/adverse reaction, SDS/chemical, linen, equipment and learning-return evidence; document N/A with reason when a function genuinely does not exist.",APPLIES — commission plumbing/electrical/GFCI/wet-area/heat/ventilation/source-capture and verify accessible stations/routes/seating/communication where applicable; children areas are not unsupervised childcare without separate authorization/staffing.,APPLIES — all saved permanent-draft manuals and next revisions cross-reference LW-GSC-01; stricter institution-specific controls remain additive.,APPLIES — approved/current and future visuals inherit LW-GSC-01; image omission does not waive written controls; no unrelated redesign authorized.,2026-09-12
LIN-029,Robert's Lane,FOUNDER-DIRECTED CURRENT NAME — DEVELOPING / NOT OPERATIONAL,APPLIES — no pain/stress/fear considered humane; abuse full-stop; immediate protection/accountability/reporting under LW-GSC-01 / ML-005.,APPLIES — institutional budget due by the 15th monthly; receipts presented with monthly budget.,APPLIES — Steward schedules + leave requests due to institutional HR by Wednesday before COB for following week; coverage verified before release.,"APPLIES — maintain current state/regional licenses, permits, registrations, inspections, credentials and continuing-compliance evidence for actual scope.","APPLIES — required sanitation, cleaning, ventilation/maintenance, credential/supervision, authorization, consent, incident/adverse reaction, SDS/chemical, linen, equipment and learning-return evidence; document N/A with reason when a function genuinely does not exist.",APPLIES — commission plumbing/electrical/GFCI/wet-area/heat/ventilation/source-capture and verify accessible stations/routes/seating/communication where applicable; children areas are not unsupervised childcare without separate authorization/staffing.,APPLIES — all saved permanent-draft manuals and next revisions cross-reference LW-GSC-01; stricter institution-specific controls remain additive.,APPLIES — approved/current and future visuals inherit LW-GSC-01; image omission does not waive written controls; no unrelated redesign authorized.,2026-09-12
LIN-030,Just Kicking High,FOUNDER-DIRECTED CURRENT NAME — DEVELOPING / NOT OPERATIONAL,APPLIES — no pain/stress/fear considered humane; abuse full-stop; immediate protection/accountability/reporting under LW-GSC-01 / ML-005.,APPLIES — institutional budget due by the 15th monthly; receipts presented with monthly budget.,APPLIES — Steward schedules + leave requests due to institutional HR by Wednesday before COB for following week; coverage verified before release.,"APPLIES — maintain current state/regional licenses, permits, registrations, inspections, credentials and continuing-compliance evidence for actual scope.","APPLIES — required sanitation, cleaning, ventilation/maintenance, credential/supervision, authorization, consent, incident/adverse reaction, SDS/chemical, linen, equipment and learning-return evidence; document N/A with reason when a function genuinely does not exist.",APPLIES — commission plumbing/electrical/GFCI/wet-area/heat/ventilation/source-capture and verify accessible stations/routes/seating/communication where applicable; children areas are not unsupervised childcare without separate authorization/staffing.,APPLIES — all saved permanent-draft manuals and next revisions cross-reference LW-GSC-01; stricter institution-specific controls remain additive.,APPLIES — approved/current and future visuals inherit LW-GSC-01; image omission does not waive written controls; no unrelated redesign authorized.,2026-09-12
LIN-031,Percy's Pitch Baseball Complex,CURRENT FOUNDER-DIRECTED DESIGN — LIBRARY VISUALS RECOVERED / NOT UPDATE-AND-SAVED — NOT OPERATIONAL,APPLIES — no pain/stress/fear considered humane; abuse full-stop; immediate protection/accountability/reporting under LW-GSC-01 / ML-005.,APPLIES — institutional budget due by the 15th monthly; receipts presented with monthly budget.,APPLIES — Steward schedules + leave requests due to institutional HR by Wednesday before COB for following week; coverage verified before release.,"APPLIES — maintain current state/regional licenses, permits, registrations, inspections, credentials and continuing-compliance evidence for actual scope.","APPLIES — required sanitation, cleaning, ventilation/maintenance, credential/supervision, authorization, consent, incident/adverse reaction, SDS/chemical, linen, equipment and learning-return evidence; document N/A with reason when a function genuinely does not exist.",APPLIES — commission plumbing/electrical/GFCI/wet-area/heat/ventilation/source-capture and verify accessible stations/routes/seating/communication where applicable; children areas are not unsupervised childcare without separate authorization/staffing.,APPLIES — all saved permanent-draft manuals and next revisions cross-reference LW-GSC-01; stricter institution-specific controls remain additive.,APPLIES — approved/current and future visuals inherit LW-GSC-01; image omission does not waive written controls; no unrelated redesign authorized.,2026-09-12
LIN-032,Legacy's Bucket,FOUNDER-DIRECTED CURRENT NAME — DEVELOPING / NOT OPERATIONAL,APPLIES — no pain/stress/fear considered humane; abuse full-stop; immediate protection/accountability/reporting under LW-GSC-01 / ML-005.,APPLIES — institutional budget due by the 15th monthly; receipts presented with monthly budget.,APPLIES — Steward schedules + leave requests due to institutional HR by Wednesday before COB for following week; coverage verified before release.,"APPLIES — maintain current state/regional licenses, permits, registrations, inspections, credentials and continuing-compliance evidence for actual scope.","APPLIES — required sanitation, cleaning, ventilation/maintenance, credential/supervision, authorization, consent, incident/adverse reaction, SDS/chemical, linen, equipment and learning-return evidence; document N/A with reason when a function genuinely does not exist.",APPLIES — commission plumbing/electrical/GFCI/wet-area/heat/ventilation/source-capture and verify accessible stations/routes/seating/communication where applicable; children areas are not unsupervised childcare without separate authorization/staffing.,APPLIES — all saved permanent-draft manuals and next revisions cross-reference LW-GSC-01; stricter institution-specific controls remain additive.,APPLIES — approved/current and future visuals inherit LW-GSC-01; image omission does not waive written controls; no unrelated redesign authorized.,2026-09-12
LIN-033,Dominating Anxiety,FOUNDER-DIRECTED CURRENT NAME — DEVELOPING / NOT OPERATIONAL,APPLIES — no pain/stress/fear considered humane; abuse full-stop; immediate protection/accountability/reporting under LW-GSC-01 / ML-005.,APPLIES — institutional budget due by the 15th monthly; receipts presented with monthly budget.,APPLIES — Steward schedules + leave requests due to institutional HR by Wednesday before COB for following week; coverage verified before release.,"APPLIES — maintain current state/regional licenses, permits, registrations, inspections, credentials and continuing-compliance evidence for actual scope.","APPLIES — required sanitation, cleaning, ventilation/maintenance, credential/supervision, authorization, consent, incident/adverse reaction, SDS/chemical, linen, equipment and learning-return evidence; document N/A with reason when a function genuinely does not exist.",APPLIES — commission plumbing/electrical/GFCI/wet-area/heat/ventilation/source-capture and verify accessible stations/routes/seating/communication where applicable; children areas are not unsupervised childcare without separate authorization/staffing.,APPLIES — all saved permanent-draft manuals and next revisions cross-reference LW-GSC-01; stricter institution-specific controls remain additive.,APPLIES — approved/current and future visuals inherit LW-GSC-01; image omission does not waive written controls; no unrelated redesign authorized.,2026-09-12
LIN-034,Betty's Botanical Garden,CURRENT FOUNDER-CONTROLLED DESIGN — NOT OPERATIONAL,APPLIES — no pain/stress/fear considered humane; abuse full-stop; immediate protection/accountability/reporting under LW-GSC-01 / ML-005.,APPLIES — institutional budget due by the 15th monthly; receipts presented with monthly budget.,APPLIES — Steward schedules + leave requests due to institutional HR by Wednesday before COB for following week; coverage verified before release.,"APPLIES — maintain current state/regional licenses, permits, registrations, inspections, credentials and continuing-compliance evidence for actual scope.","APPLIES — required sanitation, cleaning, ventilation/maintenance, credential/supervision, authorization, consent, incident/adverse reaction, SDS/chemical, linen, equipment and learning-return evidence; document N/A with reason when a function genuinely does not exist.",APPLIES — commission plumbing/electrical/GFCI/wet-area/heat/ventilation/source-capture and verify accessible stations/routes/seating/communication where applicable; children areas are not unsupervised childcare without separate authorization/staffing.,APPLIES — all saved permanent-draft manuals and next revisions cross-reference LW-GSC-01; stricter institution-specific controls remain additive.,APPLIES — approved/current and future visuals inherit LW-GSC-01; image omission does not waive written controls; no unrelated redesign authorized.,2026-09-12
LIN-035,Barclay's 24 Hour Oopsie Hospital,"OPERATIONAL LEGACY CONTROL — ACTIVE / VETERINARY CLINICAL COMMISSIONING GATES REMAIN",APPLIES — no pain/stress/fear considered humane; abuse full-stop; immediate protection/accountability/reporting under LW-GSC-01 / ML-005.,APPLIES — institutional budget due by the 15th monthly; receipts presented with monthly budget.,APPLIES — Steward schedules + leave requests due to institutional HR by Wednesday before COB for following week; coverage verified before release.,"APPLIES — maintain current state/regional licenses, permits, registrations, inspections, credentials and continuing-compliance evidence for actual scope.","APPLIES — required sanitation, cleaning, ventilation/maintenance, credential/supervision, authorization, consent, incident/adverse reaction, SDS/chemical, linen, equipment and learning-return evidence; document N/A with reason when a function genuinely does not exist.",APPLIES — commission plumbing/electrical/GFCI/wet-area/heat/ventilation/source-capture and verify accessible stations/routes/seating/communication where applicable; children areas are not unsupervised childcare without separate authorization/staffing.,APPLIES — all saved permanent-draft manuals and next revisions cross-reference LW-GSC-01; stricter institution-specific controls remain additive.,APPLIES — approved/current and future visuals inherit LW-GSC-01; image omission does not waive written controls; no unrelated redesign authorized.,2026-09-25
LIN-036,Creating The Clean Air HVAC Legacy,FOUNDER-APPROVED CURRENT CONTROLLED DESIGN — NOT OPERATIONAL,APPLIES — no pain/stress/fear considered humane; abuse full-stop; immediate protection/accountability/reporting under LW-GSC-01 / ML-005.,APPLIES — institutional budget due by the 15th monthly; receipts presented with monthly budget.,APPLIES — Steward schedules + leave requests due to institutional HR by Wednesday before COB for following week; coverage verified before release.,"APPLIES — maintain current state/regional licenses, permits, registrations, inspections, credentials and continuing-compliance evidence for actual scope.","APPLIES — required sanitation, cleaning, ventilation/maintenance, credential/supervision, authorization, consent, incident/adverse reaction, SDS/chemical, linen, equipment and learning-return evidence; document N/A with reason when a function genuinely does not exist.",APPLIES — commission plumbing/electrical/GFCI/wet-area/heat/ventilation/source-capture and verify accessible stations/routes/seating/communication where applicable; children areas are not unsupervised childcare without separate authorization/staffing.,APPLIES — all saved permanent-draft manuals and next revisions cross-reference LW-GSC-01; stricter institution-specific controls remain additive.,APPLIES — approved/current and future visuals inherit LW-GSC-01; image omission does not waive written controls; no unrelated redesign authorized.,2026-09-14
LIN-037,Building Better Futures Architecture,FOUNDER-APPROVED CURRENT CONTROLLED DESIGN — SAVED VISUAL — NOT OPERATIONAL,APPLIES — no pain/stress/fear considered humane; abuse full-stop; immediate protection/accountability/reporting under LW-GSC-01 / ML-005.,APPLIES — institutional budget due by the 15th monthly; receipts presented with monthly budget.,APPLIES — Steward schedules + leave requests due to institutional HR by Wednesday before COB for following week; coverage verified before release.,"APPLIES — maintain current state/regional licenses, permits, registrations, inspections, credentials and continuing-compliance evidence for actual scope.","APPLIES — required sanitation, cleaning, ventilation/maintenance, credential/supervision, authorization, consent, incident/adverse reaction, SDS/chemical, linen, equipment and learning-return evidence; document N/A with reason when a function genuinely does not exist.",APPLIES — commission plumbing/electrical/GFCI/wet-area/heat/ventilation/source-capture and verify accessible stations/routes/seating/communication where applicable; children areas are not unsupervised childcare without separate authorization/staffing.,APPLIES — all saved permanent-draft manuals and next revisions cross-reference LW-GSC-01; stricter institution-specific controls remain additive.,APPLIES — approved/current and future visuals inherit LW-GSC-01; image omission does not waive written controls; no unrelated redesign authorized.,2026-09-14
LIN-038,Leaving Meaningful Words Legacy Literature Institution,FOUNDER-APPROVED CURRENT CONTROLLED DESIGN — SAVED VISUAL — NOT OPERATIONAL,APPLIES — no pain/stress/fear considered humane; abuse full-stop; immediate protection/accountability/reporting under LW-GSC-01 / ML-005.,APPLIES — institutional budget due by the 15th monthly; receipts presented with monthly budget.,APPLIES — Steward schedules + leave requests due to institutional HR by Wednesday before COB for following week; coverage verified before release.,"APPLIES — maintain current state/regional licenses, permits, registrations, inspections, credentials and continuing-compliance evidence for actual scope.","APPLIES — required sanitation, cleaning, ventilation/maintenance, credential/supervision, authorization, consent, incident/adverse reaction, SDS/chemical, linen, equipment and learning-return evidence; document N/A with reason when a function genuinely does not exist.",APPLIES — commission plumbing/electrical/GFCI/wet-area/heat/ventilation/source-capture and verify accessible stations/routes/seating/communication where applicable; children areas are not unsupervised childcare without separate authorization/staffing.,APPLIES — all saved permanent-draft manuals and next revisions cross-reference LW-GSC-01; stricter institution-specific controls remain additive.,APPLIES — approved/current and future visuals inherit LW-GSC-01; image omission does not waive written controls; no unrelated redesign authorized.,2026-09-14
LIN-039,Nic's Fashion Idea,FOUNDER-APPROVED CURRENT CONTROLLED DESIGN — SAVED VISUAL — NOT OPERATIONAL,APPLIES — no pain/stress/fear considered humane; abuse full-stop; immediate protection/accountability/reporting under LW-GSC-01 / ML-005.,APPLIES — institutional budget due by the 15th monthly; receipts presented with monthly budget.,APPLIES — Steward schedules + leave requests due to institutional HR by Wednesday before COB for following week; coverage verified before release.,"APPLIES — maintain current state/regional licenses, permits, registrations, inspections, credentials and continuing-compliance evidence for actual scope.","APPLIES — required sanitation, cleaning, ventilation/maintenance, credential/supervision, authorization, consent, incident/adverse reaction, SDS/chemical, linen, equipment and learning-return evidence; document N/A with reason when a function genuinely does not exist.",APPLIES — commission plumbing/electrical/GFCI/wet-area/heat/ventilation/source-capture and verify accessible stations/routes/seating/communication where applicable; children areas are not unsupervised childcare without separate authorization/staffing.,APPLIES — all saved permanent-draft manuals and next revisions cross-reference LW-GSC-01; stricter institution-specific controls remain additive.,APPLIES — approved/current and future visuals inherit LW-GSC-01; image omission does not waive written controls; no unrelated redesign authorized.,2026-09-14
LIN-040,The Legacy's Power,FOUNDER-APPROVED CURRENT CONTROLLED DESIGN — SAVED VISUAL — NOT OPERATIONAL,APPLIES — no pain/stress/fear considered humane; abuse full-stop; immediate protection/accountability/reporting under LW-GSC-01 / ML-005.,APPLIES — institutional budget due by the 15th monthly; receipts presented with monthly budget.,APPLIES — Steward schedules + leave requests due to institutional HR by Wednesday before COB for following week; coverage verified before release.,"APPLIES — maintain current state/regional licenses, permits, registrations, inspections, credentials and continuing-compliance evidence for actual electrical, utility, solar, battery, EV and training scope.","APPLIES — required safety/PPE, energized-work authorization, LOTO/EPO, fall protection, equipment inspection, ventilation/gas detection, incident, maintenance, credential/supervision, training and learning-return evidence; document N/A with reason where a function genuinely does not exist.","APPLIES — commission electrical/grounding/GFCI/EPO, battery fire/ventilation, roof/fall, fabrication, EV charging, accessible routes/stations/seating/communication and child/learner supervision safeguards where applicable.",APPLIES — all saved permanent-draft manuals and next revisions cross-reference LW-GSC-01; stricter institution-specific high-voltage/solar/battery controls remain additive.,APPLIES — approved/current and future visuals inherit LW-GSC-01; image omission does not waive written controls; no unrelated redesign authorized.,2026-09-14
LIN-042,Pouring A New Path Concrete Legacy,FOUNDER-APPROVED CURRENT CONTROLLED DESIGN — SAVED VISUAL — NOT OPERATIONAL,APPLIES — no pain/stress/fear considered humane; abuse full-stop; immediate protection/accountability/reporting under LW-GSC-01 / ML-005.,APPLIES — institutional budget due by the 15th monthly; receipts presented with monthly budget.,APPLIES — Steward schedules + leave requests due to institutional HR by Wednesday before COB for following week; coverage verified before release.,"APPLIES — maintain current state/regional licenses, permits, registrations, inspections, credentials and continuing-compliance evidence for actual scope.","APPLIES — required sanitation, cleaning, ventilation/maintenance, credential/supervision, authorization, consent, incident/adverse reaction, SDS/chemical, linen, equipment and learning-return evidence; document N/A with reason when a function genuinely does not exist.",APPLIES — commission plumbing/electrical/GFCI/wet-area/heat/ventilation/source-capture and verify accessible stations/routes/seating/communication where applicable; children areas are not unsupervised childcare without separate authorization/staffing.,APPLIES — all saved permanent-draft manuals and next revisions cross-reference LW-GSC-01; stricter institution-specific controls remain additive.,APPLIES — approved/current and future visuals inherit LW-GSC-01; image omission does not waive written controls; no unrelated redesign authorized.,2026-09-19
LIN-043,Safely and Humanly Cleaning The Space Legacy Extermination,CURRENT CONTROLLED DESIGN + CURRENT CONTROLLED INSTITUTION & FLEET VISUAL SAVED — NOT OPERATIONAL,APPLIES — no pain/stress/fear considered humane; abuse full-stop; immediate protection/accountability/reporting under LW-GSC-01 / ML-005.,APPLIES — institutional budget due by the 15th monthly; receipts presented with monthly budget.,APPLIES — Steward schedules + leave requests due to institutional HR by Wednesday before COB for following week; coverage verified before release.,"APPLIES — maintain current state/regional licenses, permits, registrations, inspections, credentials and continuing-compliance evidence for actual scope.","APPLIES — required sanitation, cleaning, ventilation/maintenance, credential/supervision, authorization, consent, incident/adverse reaction, SDS/chemical, linen, equipment and learning-return evidence; document N/A with reason when a function genuinely does not exist.",APPLIES — commission plumbing/electrical/GFCI/wet-area/heat/ventilation/source-capture and verify accessible stations/routes/seating/communication where applicable; children areas are not unsupervised childcare without separate authorization/staffing.,APPLIES — all saved permanent-draft manuals and next revisions cross-reference LW-GSC-01; stricter institution-specific controls remain additive.,APPLIES — approved/current and future visuals inherit LW-GSC-01; image omission does not waive written controls; no unrelated redesign authorized.,2026-09-19
LIN-044,Laying the Path Legacy Carpet and Flooring Training Campus,FOUNDER-APPROVED CURRENT CONTROLLED DESIGN + INSTITUTION/FLEET VISUAL + UNIFORMS SAVED — NOT OPERATIONAL,APPLIES — no pain/stress/fear considered humane; abuse full-stop; immediate protection/accountability/reporting under LW-GSC-01 / ML-005.,APPLIES — institutional budget due by the 15th monthly; receipts presented with monthly budget.,APPLIES — Steward schedules + leave requests due to institutional HR by Wednesday before COB for following week; coverage verified before release.,"APPLIES — maintain current state/regional licenses, permits, registrations, inspections, credentials and continuing-compliance evidence for actual scope.","APPLIES — required sanitation, cleaning, ventilation/maintenance, credential/supervision, authorization, consent, incident/adverse reaction, SDS/chemical, linen, equipment and learning-return evidence; document N/A with reason when a function genuinely does not exist.",APPLIES — commission plumbing/electrical/GFCI/wet-area/heat/ventilation/source-capture and verify accessible stations/routes/seating/communication where applicable; children areas are not unsupervised childcare without separate authorization/staffing.,APPLIES — all saved permanent-draft manuals and next revisions cross-reference LW-GSC-01; stricter institution-specific controls remain additive.,APPLIES — approved/current and future visuals inherit LW-GSC-01; image omission does not waive written controls; no unrelated redesign authorized.,2026-09-19
LIN-045,Always Welcomed Always Loved,CURRENT CONTROLLED DESIGN + CURRENT CONTROLLED INSTITUTION/UNIFORM/FLEET VISUALS SAVED — NOT OPERATIONAL,APPLIES — no pain/stress/fear considered humane; abuse full-stop; immediate protection/accountability/reporting under LW-GSC-01 / ML-005.,APPLIES — institutional budget due by the 15th monthly; receipts presented with monthly budget.,APPLIES — Steward schedules + leave requests due to institutional HR by Wednesday before COB for following week; coverage verified before release.,"APPLIES — maintain current state/regional licenses, permits, registrations, inspections, credentials and continuing-compliance evidence for actual scope.","APPLIES — required sanitation, cleaning, ventilation/maintenance, credential/supervision, authorization, consent, incident/adverse reaction, SDS/chemical, linen, equipment and learning-return evidence; document N/A with reason when a function genuinely does not exist.",APPLIES — commission plumbing/electrical/GFCI/wet-area/heat/ventilation/source-capture and verify accessible stations/routes/seating/communication where applicable; children areas are not unsupervised childcare without separate authorization/staffing.,APPLIES — all saved permanent-draft manuals and next revisions cross-reference LW-GSC-01; stricter institution-specific controls remain additive.,APPLIES — approved/current and future visuals inherit LW-GSC-01; image omission does not waive written controls; no unrelated redesign authorized.,2026-09-19
LIN-046,Pane by Pane Legacies Change Windows,CURRENT CONTROLLED DESIGN + CURRENT CONTROLLED INSTITUTION & FLEET VISUAL SAVED — NOT OPERATIONAL,APPLIES — no pain/stress/fear considered humane; abuse full-stop; immediate protection/accountability/reporting under LW-GSC-01 / ML-005.,APPLIES — institutional budget due by the 15th monthly; receipts presented with monthly budget.,APPLIES — Steward schedules + leave requests due to institutional HR by Wednesday before COB for following week; coverage verified before release.,"APPLIES — maintain current state/regional licenses, permits, registrations, inspections, credentials and continuing-compliance evidence for actual scope.","APPLIES — required sanitation, cleaning, ventilation/maintenance, credential/supervision, authorization, consent, incident/adverse reaction, SDS/chemical, linen, equipment and learning-return evidence; document N/A with reason when a function genuinely does not exist.",APPLIES — commission plumbing/electrical/GFCI/wet-area/heat/ventilation/source-capture and verify accessible stations/routes/seating/communication where applicable; children areas are not unsupervised childcare without separate authorization/staffing.,APPLIES — all saved permanent-draft manuals and next revisions cross-reference LW-GSC-01; stricter institution-specific controls remain additive.,APPLIES — approved/current and future visuals inherit LW-GSC-01; image omission does not waive written controls; no unrelated redesign authorized.,2026-09-19
LIN-047,Alex's Swing Golf Legacy,CURRENT CONTROLLED DESIGN + CURRENT CONTROLLED INSTITUTION & TRANSPORTATION FLEET VISUALS SAVED — NOT OPERATIONAL,APPLIES — no pain/stress/fear considered humane; abuse full-stop; immediate protection/accountability/reporting under LW-GSC-01 / ML-005.,APPLIES — institutional budget due by the 15th monthly; receipts presented with monthly budget.,APPLIES — Steward schedules + leave requests due to institutional HR by Wednesday before COB for following week; coverage verified before release.,"APPLIES — maintain current state/regional licenses, permits, registrations, inspections, credentials and continuing-compliance evidence for actual scope.","APPLIES — required sanitation, cleaning, ventilation/maintenance, credential/supervision, authorization, consent, incident/adverse reaction, SDS/chemical, linen, equipment and learning-return evidence; document N/A with reason when a function genuinely does not exist.",APPLIES — commission plumbing/electrical/GFCI/wet-area/heat/ventilation/source-capture and verify accessible stations/routes/seating/communication where applicable; children areas are not unsupervised childcare without separate authorization/staffing.,APPLIES — all saved permanent-draft manuals and next revisions cross-reference LW-GSC-01; stricter institution-specific controls remain additive.,APPLIES — approved/current and future visuals inherit LW-GSC-01; image omission does not waive written controls; no unrelated redesign authorized.,2026-09-19
LIN-048,Mini & Future Stewards' World,FOUNDER-APPROVED CURRENT DESIGN + EXACT CAMPUS/FLEET VISUAL SAVED — NOT OPERATIONAL,APPLIES — no pain/stress/fear considered humane; abuse full-stop; immediate protection/accountability/reporting under LW-GSC-01 / ML-005.,APPLIES — institutional budget due by the 15th monthly; receipts presented with monthly budget.,APPLIES — Steward schedules + leave requests due to institutional HR by Wednesday before COB for following week; coverage verified before release.,"APPLIES — maintain current state/regional licenses, permits, registrations, inspections, credentials and continuing-compliance evidence for actual scope.","APPLIES — required sanitation, cleaning, ventilation/maintenance, credential/supervision, authorization, consent, incident/adverse reaction, SDS/chemical, linen, equipment and learning-return evidence; document N/A with reason when a function genuinely does not exist.",APPLIES — commission plumbing/electrical/GFCI/wet-area/heat/ventilation/source-capture and verify accessible stations/routes/seating/communication where applicable; children areas are not unsupervised childcare without separate authorization/staffing.,APPLIES — all saved permanent-draft manuals and next revisions cross-reference LW-GSC-01; stricter institution-specific controls remain additive.,APPLIES — approved/current and future visuals inherit LW-GSC-01; image omission does not waive written controls; no unrelated redesign authorized.,2026-09-20
