ID,Institution,Current Status,Empty Chair,Circular / Curved Furniture,Physical Legacy Table,Legacy Creator Furniture + Stipends,Just Love Pond Entrance,Renewable / Solar Inheritance,Steward Common Area,Current Visual Treatment,Supersession / Audit Note
LIN-001,Sloane's Stones,CURRENT FOUNDER-DIRECTED NAME + CONTROLLED DESIGN — NOT OPERATIONAL,INTERIOR-ONLY — applies to every enclosed seating environment; future enclosed support spaces inherit.,INTERIOR-ONLY where reception/front-facing/governance spaces exist; outdoor site furniture still follows Legacy Table round-form control.,REQUIRED — accessible weather-appropriate ROUND Legacy Table in principal gathering/support area.,REQUIRED PRIORITY for applicable furnishings/site furniture where reasonably feasible; stipends required.,REQUIRED — Just Love Pond near principal/public entrance.,"REQUIRED — Legacy-wide solar/renewable/all-electric-ready standard applies, subject to documented safety/code/process/resilience exceptions.",APPLIES if an enclosed/formally designated Steward Common Area exists; no indoor Common Area invented for outdoor-only site.,CURRENT VISUAL EXISTS — KNOWN INTERIOR CONTROL CORRECTION REQUIRED for omitted Empty Chair / Legacy Table and any square-table conflict; compliant approved elements remain controlling.,Exact current match; generic Pebble Garden remains a function label only.
LIN-002,I AM A MASTERPIECE Cosmetology Gallery,OPERATIONAL LEGACY CONTROL — ACTIVE / EXTERNAL LICENSING & COMMISSIONING GATES REMAIN,REQUIRED — at least 1 intentionally empty chair in every seating environment; must be visible in future renderings.,REQUIRED where applicable — circular/rounded/curved front-facing desks/tables; round board/governance tables.,REQUIRED — at least 1 physical ROUND Legacy Table in principal shared/public/community/learning/gathering area.,REQUIRED PRIORITY — Legacy Creator-made/restored/finished furniture/millwork where reasonably feasible; stipends required.,REQUIRED — Just Love Pond near principal/public entrance.,"REQUIRED — Legacy-wide solar/renewable/all-electric-ready standard applies, subject to documented safety/code/process/resilience exceptions.","APPLIES TO ANY FORMALLY DESIGNATED STEWARD COMMON AREA — at least 5 TVs, quiet area, 2 showers, full kitchen, convertible table-game equipment; institution-specific higher controls remain.",CURRENT VISUAL EXISTS — KNOWN INTERIOR CONTROL CORRECTION REQUIRED for omitted Empty Chair / Legacy Table and any square-table conflict; compliant approved elements remain controlling.,"Replaces the earlier register styling “IAM Masterpiece Cosmetology Gallery” as the current Founder-directed name. The Cosmetology Center association carries forward. September 3, 2026 Founder-confirmed design and visual now govern the institution."
LIN-003,Blazzing Blades Legacy Barbershop,CURRENT FOUNDER-APPROVED DESIGN + EXACT SAVED VISUAL VERIFIED — NOT OPERATIONAL,REQUIRED — at least 1 intentionally empty chair in every seating environment; must be visible in future renderings.,REQUIRED where applicable — circular/rounded/curved front-facing desks/tables; round board/governance tables.,REQUIRED — at least 1 physical ROUND Legacy Table in principal shared/public/community/learning/gathering area.,REQUIRED PRIORITY — Legacy Creator-made/restored/finished furniture/millwork where reasonably feasible; stipends required.,REQUIRED — Just Love Pond near principal/public entrance.,"REQUIRED — Legacy-wide solar/renewable/all-electric-ready standard applies, subject to documented safety/code/process/resilience exceptions.","APPLIES TO ANY FORMALLY DESIGNATED STEWARD COMMON AREA — at least 5 TVs, quiet area, 2 showers, full kitchen, convertible table-game equipment; institution-specific higher controls remain.",CURRENT APPROVED VISUAL VERIFIED — CURRENT APPROVED VISUAL — BLAZING BLADES LEGACY BARBERSHOP — 2026-09-13.png; Drive ID 1LgWTISqK1iDSdq1CM1rfZacBJ2syfrDp. Exact image remains the approved base; written Founder controls govern naming and any omitted controls.,2026-09-20 recovery closes the prior visual-location gap without regeneration or redesign.
LIN-004,O'DAY'S LEGACY GARAGE,CURRENT FOUNDER-DIRECTED NAME + CONTROLLED DESIGN — NOT OPERATIONAL,REQUIRED — at least 1 intentionally empty chair in every seating environment; must be visible in future renderings.,REQUIRED where applicable — circular/rounded/curved front-facing desks/tables; round board/governance tables.,REQUIRED — at least 1 physical ROUND Legacy Table in principal shared/public/community/learning/gathering area.,REQUIRED PRIORITY — Legacy Creator-made/restored/finished furniture/millwork where reasonably feasible; stipends required.,REQUIRED — Just Love Pond near principal/public entrance.,"REQUIRED — Legacy-wide solar/renewable/all-electric-ready standard applies, subject to documented safety/code/process/resilience exceptions.","APPLIES TO ANY FORMALLY DESIGNATED STEWARD COMMON AREA — at least 5 TVs, quiet area, 2 showers, full kitchen, convertible table-game equipment; institution-specific higher controls remain.",CURRENT VISUAL EXISTS — KNOWN INTERIOR CONTROL CORRECTION REQUIRED for omitted Empty Chair / Legacy Table and any square-table conflict; compliant approved elements remain controlling.,"Replaces ODAY's Legacy Garage as the current institution name; the confirmed automotive design carries forward. The historical visual filename remains provenance. September 6, 2026 Founder-confirmed fleet adds exactly 2 flatbed tow trucks and 4 Mega Bus mobile shops; each mobile shop includes a separated customer waiting/rest area and active automotive work area."
LIN-005,Don't Run From Betterment HIV/ AIDS Center,OPERATIONAL LEGACY CONTROL — ACTIVE / REGULATED CLINICAL SERVICE GATES REMAIN,REQUIRED — at least 1 intentionally empty chair in every seating environment; must be visible in future renderings.,REQUIRED where applicable — circular/rounded/curved front-facing desks/tables; round board/governance tables.,REQUIRED — at least 1 physical ROUND Legacy Table in principal shared/public/community/learning/gathering area.,REQUIRED PRIORITY — Legacy Creator-made/restored/finished furniture/millwork where reasonably feasible; stipends required.,REQUIRED — Just Love Pond near principal/public entrance.,"REQUIRED — Legacy-wide solar/renewable/all-electric-ready standard applies, subject to documented safety/code/process/resilience exceptions.","APPLIES TO ANY FORMALLY DESIGNATED STEWARD COMMON AREA — at least 5 TVs, quiet area, 2 showers, full kitchen, convertible table-game equipment; institution-specific higher controls remain.",CURRENT VISUAL EXISTS — KNOWN INTERIOR CONTROL CORRECTION REQUIRED for omitted Empty Chair / Legacy Table and any square-table conflict; compliant approved elements remain controlling.,"Current Founder-confirmed design now governs the HIV/AIDS Center within the Health, Healing & Support architecture. The institution is calming, healing, inclusive, informal, educational and explicitly stigma-reducing; the latest confirmed visual is the current architectural/interior reference."
LIN-006,Destinee's Diary Music Studio,CURRENT FOUNDER-DIRECTED INSTITUTION + CURRENT CONTROLLED FLEET VISUAL SAVED — NOT OPERATIONAL,REQUIRED — at least 1 intentionally empty chair in every seating environment; must be visible in future renderings.,REQUIRED where applicable — circular/rounded/curved front-facing desks/tables; round board/governance tables.,REQUIRED — at least 1 physical ROUND Legacy Table in principal shared/public/community/learning/gathering area.,REQUIRED PRIORITY — Legacy Creator-made/restored/finished furniture/millwork where reasonably feasible; stipends required.,REQUIRED — Just Love Pond near principal/public entrance.,"REQUIRED — Legacy-wide solar/renewable/all-electric-ready standard applies, subject to documented safety/code/process/resilience exceptions.","APPLIES TO ANY FORMALLY DESIGNATED STEWARD COMMON AREA — at least 5 TVs, quiet area, 2 showers, full kitchen, convertible table-game equipment; institution-specific higher controls remain.",CURRENT VISUAL EXISTS — KNOWN INTERIOR CONTROL CORRECTION REQUIRED for omitted Empty Chair / Legacy Table and any square-table conflict; compliant approved elements remain controlling.,New specific institution name within the existing Arts / Media architecture.
LIN-007,Dave's Dog Center,FOUNDER-DIRECTED CURRENT NAME — DEVELOPING / NOT OPERATIONAL,REQUIRED — at least 1 intentionally empty chair in every seating environment; must be visible in future renderings.,REQUIRED where applicable — circular/rounded/curved front-facing desks/tables; round board/governance tables.,REQUIRED — at least 1 physical ROUND Legacy Table in principal shared/public/community/learning/gathering area.,REQUIRED PRIORITY — Legacy Creator-made/restored/finished furniture/millwork where reasonably feasible; stipends required.,REQUIRED — Just Love Pond near principal/public entrance.,"REQUIRED — Legacy-wide solar/renewable/all-electric-ready standard applies, subject to documented safety/code/process/resilience exceptions.","APPLIES TO ANY FORMALLY DESIGNATED STEWARD COMMON AREA — at least 5 TVs, quiet area, 2 showers, full kitchen, convertible table-game equipment; institution-specific higher controls remain.",CURRENT VISUAL EXISTS — KNOWN INTERIOR CONTROL CORRECTION REQUIRED for omitted Empty Chair / Legacy Table and any square-table conflict; compliant approved elements remain controlling.,New specific institution name; no exact prior controlled name found.
LIN-008,Helen's 4-H/Husbandry/ Butchery,FOUNDER-DIRECTED CURRENT NAME — DEVELOPING / NOT OPERATIONAL,REQUIRED — at least 1 intentionally empty chair in every seating environment; must be visible in future renderings.,REQUIRED where applicable — circular/rounded/curved front-facing desks/tables; round board/governance tables.,REQUIRED — at least 1 physical ROUND Legacy Table in principal shared/public/community/learning/gathering area.,REQUIRED PRIORITY — Legacy Creator-made/restored/finished furniture/millwork where reasonably feasible; stipends required.,REQUIRED — Just Love Pond near principal/public entrance.,"REQUIRED — Legacy-wide solar/renewable/all-electric-ready standard applies, subject to documented safety/code/process/resilience exceptions.","APPLIES TO ANY FORMALLY DESIGNATED STEWARD COMMON AREA — at least 5 TVs, quiet area, 2 showers, full kitchen, convertible table-game equipment; institution-specific higher controls remain.",CURRENT VISUAL EXISTS — KNOWN INTERIOR CONTROL CORRECTION REQUIRED for omitted Empty Chair / Legacy Table and any square-table conflict; compliant approved elements remain controlling.,Replaces 4-H / Teaching Butchery Farm as the current label; Legacy 4H Sanctuary remains historical provenance.
LIN-009,Just Love Coy Pond,CURRENT FOUNDER-DIRECTED NAME + CONTROLLED DESIGN — NOT OPERATIONAL,INTERIOR-ONLY — applies to every enclosed seating environment; future enclosed support spaces inherit.,INTERIOR-ONLY where reception/front-facing/governance spaces exist; outdoor site furniture still follows Legacy Table round-form control.,REQUIRED — accessible weather-appropriate ROUND Legacy Table in principal gathering/support area.,REQUIRED PRIORITY for applicable furnishings/site furniture where reasonably feasible; stipends required.,REQUIRED — Just Love Pond near principal/public entrance.,"REQUIRED — Legacy-wide solar/renewable/all-electric-ready standard applies, subject to documented safety/code/process/resilience exceptions.",APPLIES if an enclosed/formally designated Steward Common Area exists; no indoor Common Area invented for outdoor-only site.,CURRENT VISUAL EXISTS — KNOWN INTERIOR CONTROL CORRECTION REQUIRED for omitted Empty Chair / Legacy Table and any square-table conflict; compliant approved elements remain controlling.,Replaces Just Love Coy Lake as the current name; the global aquatic controls carry forward under the stable JLC identifiers.
LIN-010,Bending Minds,FOUNDER-DIRECTED CURRENT NAME — DEVELOPING / NOT OPERATIONAL,REQUIRED — at least 1 intentionally empty chair in every seating environment; must be visible in future renderings.,REQUIRED where applicable — circular/rounded/curved front-facing desks/tables; round board/governance tables.,REQUIRED — at least 1 physical ROUND Legacy Table in principal shared/public/community/learning/gathering area.,REQUIRED PRIORITY — Legacy Creator-made/restored/finished furniture/millwork where reasonably feasible; stipends required.,REQUIRED — Just Love Pond near principal/public entrance.,"REQUIRED — Legacy-wide solar/renewable/all-electric-ready standard applies, subject to documented safety/code/process/resilience exceptions.","APPLIES TO ANY FORMALLY DESIGNATED STEWARD COMMON AREA — at least 5 TVs, quiet area, 2 showers, full kitchen, convertible table-game equipment; institution-specific higher controls remain.",CURRENT VISUAL EXISTS — KNOWN INTERIOR CONTROL CORRECTION REQUIRED for omitted Empty Chair / Legacy Table and any square-table conflict; compliant approved elements remain controlling.,New specific institution name; no exact prior controlled name found.
LIN-011,Sophia's Soul Legacy Sustainability Agriculture Haven,FOUNDER-DIRECTED CURRENT NAME — DEVELOPING / NOT OPERATIONAL,REQUIRED — at least 1 intentionally empty chair in every seating environment; must be visible in future renderings.,REQUIRED where applicable — circular/rounded/curved front-facing desks/tables; round board/governance tables.,REQUIRED — at least 1 physical ROUND Legacy Table in principal shared/public/community/learning/gathering area.,REQUIRED PRIORITY — Legacy Creator-made/restored/finished furniture/millwork where reasonably feasible; stipends required.,REQUIRED — Just Love Pond near principal/public entrance.,"REQUIRED — Legacy-wide solar/renewable/all-electric-ready standard applies, subject to documented safety/code/process/resilience exceptions.","APPLIES TO ANY FORMALLY DESIGNATED STEWARD COMMON AREA — at least 5 TVs, quiet area, 2 showers, full kitchen, convertible table-game equipment; institution-specific higher controls remain.",CURRENT VISUAL EXISTS — KNOWN INTERIOR CONTROL CORRECTION REQUIRED for omitted Empty Chair / Legacy Table and any square-table conflict; compliant approved elements remain controlling.,Replaces Legacy Sustainability Agriculture Haven as the current name; the recovered framework and Land-to-Table-to-Legacy Cycle carry forward.
LIN-012,Imagine Aquarium Magic,"OPERATIONAL LEGACY CONTROL — ACTIVE / ANIMAL-WELFARE, LIFE-SUPPORT, PERMIT & VEHICLE GATES REMAIN",REQUIRED — at least 1 intentionally empty chair in every seating environment; must be visible in future renderings.,REQUIRED where applicable — circular/rounded/curved front-facing desks/tables; round board/governance tables.,REQUIRED — at least 1 physical ROUND Legacy Table in principal shared/public/community/learning/gathering area.,REQUIRED PRIORITY — Legacy Creator-made/restored/finished furniture/millwork where reasonably feasible; stipends required.,REQUIRED — Just Love Pond near principal/public entrance.,"REQUIRED — Legacy-wide solar/renewable/all-electric-ready standard applies, subject to documented safety/code/process/resilience exceptions.","APPLIES TO ANY FORMALLY DESIGNATED STEWARD COMMON AREA — at least 5 TVs, quiet area, 2 showers, full kitchen, convertible table-game equipment; institution-specific higher controls remain.",CURRENT VISUAL EXISTS — KNOWN INTERIOR CONTROL CORRECTION REQUIRED for omitted Empty Chair / Legacy Table and any square-table conflict; compliant approved elements remain controlling.,"Replaces Imagine Aquariums as the current Founder-directed institution name; Learning Aquariums / Aquatic Learning Adventure Space and Imagine Aquariums remain provenance. September 5, 2026 Founder-confirmed whole-building interactive design and uniform visual now govern the institution. Uniform styling uses Deep Navy/Midnight and Emerald Green as principal colors with Slate Gray, Antique Gold and Warm Ivory as controlled secondary/accent colors."
LIN-013,Grace's Healing Center,FOUNDER-DIRECTED CURRENT NAME — DEVELOPING / NOT OPERATIONAL,REQUIRED — at least 1 intentionally empty chair in every seating environment; must be visible in future renderings.,REQUIRED where applicable — circular/rounded/curved front-facing desks/tables; round board/governance tables.,REQUIRED — at least 1 physical ROUND Legacy Table in principal shared/public/community/learning/gathering area.,REQUIRED PRIORITY — Legacy Creator-made/restored/finished furniture/millwork where reasonably feasible; stipends required.,REQUIRED — Just Love Pond near principal/public entrance.,"REQUIRED — Legacy-wide solar/renewable/all-electric-ready standard applies, subject to documented safety/code/process/resilience exceptions.","APPLIES TO ANY FORMALLY DESIGNATED STEWARD COMMON AREA — at least 5 TVs, quiet area, 2 showers, full kitchen, convertible table-game equipment; institution-specific higher controls remain.",CURRENT VISUAL EXISTS — KNOWN INTERIOR CONTROL CORRECTION REQUIRED for omitted Empty Chair / Legacy Table and any square-table conflict; compliant approved elements remain controlling.,New specific institution name within the existing Healing Centers architecture.
LIN-014,Mike's Media Center,FOUNDER-DIRECTED CURRENT NAME — DEVELOPING / NOT OPERATIONAL,REQUIRED — at least 1 intentionally empty chair in every seating environment; must be visible in future renderings.,REQUIRED where applicable — circular/rounded/curved front-facing desks/tables; round board/governance tables.,REQUIRED — at least 1 physical ROUND Legacy Table in principal shared/public/community/learning/gathering area.,REQUIRED PRIORITY — Legacy Creator-made/restored/finished furniture/millwork where reasonably feasible; stipends required.,REQUIRED — Just Love Pond near principal/public entrance.,"REQUIRED — Legacy-wide solar/renewable/all-electric-ready standard applies, subject to documented safety/code/process/resilience exceptions.","APPLIES TO ANY FORMALLY DESIGNATED STEWARD COMMON AREA — at least 5 TVs, quiet area, 2 showers, full kitchen, convertible table-game equipment; institution-specific higher controls remain.",CURRENT VISUAL EXISTS — KNOWN INTERIOR CONTROL CORRECTION REQUIRED for omitted Empty Chair / Legacy Table and any square-table conflict; compliant approved elements remain controlling.,New specific institution name within the existing Arts / Media architecture.
LIN-015,MAKING XYLEM WHILE MAKING LEGACIES STEAM Institution,CURRENT CONTROLLED DESIGN + CURRENT CONTROLLED INSTITUTION/FLEET VISUALS SAVED — NOT OPERATIONAL,REQUIRED — at least 1 intentionally empty chair in every seating environment; must be visible in future renderings.,REQUIRED where applicable — circular/rounded/curved front-facing desks/tables; round board/governance tables.,REQUIRED — at least 1 physical ROUND Legacy Table in principal shared/public/community/learning/gathering area.,REQUIRED PRIORITY — Legacy Creator-made/restored/finished furniture/millwork where reasonably feasible; stipends required.,REQUIRED — Just Love Pond near principal/public entrance.,"REQUIRED — Legacy-wide solar/renewable/all-electric-ready standard applies, subject to documented safety/code/process/resilience exceptions.","APPLIES TO ANY FORMALLY DESIGNATED STEWARD COMMON AREA — at least 5 TVs, quiet area, 2 showers, full kitchen, convertible table-game equipment; institution-specific higher controls remain.",CURRENT VISUAL EXISTS — KNOWN INTERIOR CONTROL CORRECTION REQUIRED for omitted Empty Chair / Legacy Table and any square-table conflict; compliant approved elements remain controlling.,Current specific name for the STEAM institution; Youth STEAM Network remains the broader architecture.
LIN-016,Bridging the Legacies,CURRENT FOUNDER-DIRECTED NAME + CONTROLLED DESIGN — NOT OPERATIONAL,INTERIOR-ONLY — applies to every enclosed seating environment; future enclosed support spaces inherit.,INTERIOR-ONLY where reception/front-facing/governance spaces exist; outdoor site furniture still follows Legacy Table round-form control.,REQUIRED — accessible weather-appropriate ROUND Legacy Table in principal gathering/support area.,REQUIRED PRIORITY for applicable furnishings/site furniture where reasonably feasible; stipends required.,REQUIRED — Just Love Pond near principal/public entrance.,"REQUIRED — Legacy-wide solar/renewable/all-electric-ready standard applies, subject to documented safety/code/process/resilience exceptions.",APPLIES if an enclosed/formally designated Steward Common Area exists; no indoor Common Area invented for outdoor-only site.,NO CURRENT DETAILED VISUAL CONFIRMED IN THIS AUDIT — first/next visual must show all inherited controls before Founder presentation.,Replaces BRIDGING LEGACIES BRIDGE and Bridge of Connection as the current physical name; the locked Legacy Bridge statement remains unchanged.
LIN-017,Let Love Win LGBTQ+ Family House,CURRENT CONTROLLED DESIGN + CURRENT CONTROLLED TRANSPORTATION FLEET VISUAL SAVED — NOT OPERATIONAL,REQUIRED — at least 1 intentionally empty chair in every seating environment; must be visible in future renderings.,REQUIRED where applicable — circular/rounded/curved front-facing desks/tables; round board/governance tables.,REQUIRED — at least 1 physical ROUND Legacy Table in principal shared/public/community/learning/gathering area.,REQUIRED PRIORITY — Legacy Creator-made/restored/finished furniture/millwork where reasonably feasible; stipends required.,REQUIRED — Just Love Pond near principal/public entrance.,"REQUIRED — Legacy-wide solar/renewable/all-electric-ready standard applies, subject to documented safety/code/process/resilience exceptions.","APPLIES TO ANY FORMALLY DESIGNATED STEWARD COMMON AREA — at least 5 TVs, quiet area, 2 showers, full kitchen, convertible table-game equipment; institution-specific higher controls remain.",CURRENT VISUAL EXISTS — KNOWN INTERIOR CONTROL CORRECTION REQUIRED for omitted Empty Chair / Legacy Table and any square-table conflict; compliant approved elements remain controlling.,"Supersedes the earlier “Let Love Win — LGBTQ+ Support Center” label as the current institution name. Founder-approved September 8, 2026 design establishes a bright, welcoming, educational, supportive, healing, resourceful and family-oriented building with separate Family & Parent Understanding, Teen, Adult Discovery & Support, and Mentor/Mentee sections; convertible theatre/event space; Visitor Common Area; preserved Community Teaching Kitchen; Legacy-wide Steward Common Area; Counseling & Support Rooms; Resource Center; Wellness & Healing Room; and outdoor gathering/healing space. Controlled palette: Warm Ivory, Slate Gray, Antique Gold, LGBTQ+ Pride colors and Ally flag colors."
LIN-018,Phoenix Plaza / Phoenix Plaza Theatre,CURRENT CONTROLLED DESIGN + CURRENT CONTROLLED VISUAL/FLEET/UNIFORMS SAVED — NOT OPERATIONAL,INTERIOR-ONLY — applies to every enclosed seating environment; future enclosed support spaces inherit.,INTERIOR-ONLY where reception/front-facing/governance spaces exist; outdoor site furniture still follows Legacy Table round-form control.,REQUIRED — accessible weather-appropriate ROUND Legacy Table in principal gathering/support area.,REQUIRED PRIORITY for applicable furnishings/site furniture where reasonably feasible; stipends required.,REQUIRED — Just Love Pond near principal/public entrance.,"REQUIRED — Legacy-wide solar/renewable/all-electric-ready standard applies, subject to documented safety/code/process/resilience exceptions.",APPLIES if an enclosed/formally designated Steward Common Area exists; no indoor Common Area invented for outdoor-only site.,NO CURRENT DETAILED VISUAL CONFIRMED IN THIS AUDIT — first/next visual must show all inherited controls before Founder presentation.,New specific campus institution name; no exact prior controlled name found.
LIN-019,Legacy Village Housing,FOUNDER-DIRECTED CURRENT NAME + CURRENT CONTROLLED DESIGN — NOT OPERATIONAL,REQUIRED — at least 1 intentionally empty chair in every seating environment; must be visible in future renderings.,REQUIRED where applicable — circular/rounded/curved front-facing desks/tables; round board/governance tables.,REQUIRED — at least 1 physical ROUND Legacy Table in principal shared/public/community/learning/gathering area.,REQUIRED PRIORITY — Legacy Creator-made/restored/finished furniture/millwork where reasonably feasible; stipends required.,REQUIRED — Just Love Pond near principal/public entrance.,"REQUIRED — Legacy-wide solar/renewable/all-electric-ready standard applies, subject to documented safety/code/process/resilience exceptions.","APPLIES TO ANY FORMALLY DESIGNATED STEWARD COMMON AREA — at least 5 TVs, quiet area, 2 showers, full kitchen, convertible table-game equipment; institution-specific higher controls remain.","CURRENT CONTROLLED VISUALS EXIST — entrance and Legacy Village housing interior design confirmed 2026-09-10. Future renderings must preserve the controlled entrance/layout, bedroom/bath standards and home-interior controls; written controls govern exact requirements.","Current controlled entrance visual: Drive ID 184_MCJ-POWYhENBeOShSqgu761ky_Xvk. Current controlled housing design visual: Drive ID 1AfTkpDTyuC9JYmNIwJSY-_splvSuidam. Bedroom standards: apartments use 2 bedrooms; townhouses use 3 bedrooms; duplexes use 4 or more bedrooms with 3 bathrooms. Home-interior controls apply across these housing types: fully furnished; full kitchens with dishwasher; washer/dryer in each unit; TV in every room; living-room game system and board games; children's-room desk/work area; accessible/mixed-ability design; standard laptop and desktop per unit with tracers, secure network/monitoring, parental controls, and removal only when authorized. Children's rooms use the Founder-supplied bright balanced gender-neutral palettes."
LIN-020,Turning the Page Reshapers Village,FOUNDER-APPROVED CURRENT CONTROLLED DESIGN — NOT OPERATIONAL,REQUIRED — at least 1 intentionally empty chair in every seating environment; visible in Community Center/lobby and future renderings.,"REQUIRED — circular/rounded/curved reception, welcome, resource-navigation, community-facing and shared-decision tables/desks where function permits.",REQUIRED — at least 1 physical ROUND Legacy Table in a principal shared/community/gathering area; ordinary round tables do not substitute.,REQUIRED PRIORITY — Legacy Creator-made/restored/finished furniture/millwork where reasonably feasible; stipends required.,REQUIRED — Just Love Pond near principal/public entrance.,"REQUIRED — Legacy-wide solar/renewable/all-electric-ready standard applies, subject to documented safety/code/process/resilience exceptions.","COMMUNITY CENTER IS RESHAPER PROGRAM SPACE, not automatically a Steward Common Area. Any formally designated Steward Common Area still inherits the Legacy-wide Steward Common Area minimum.",CURRENT CONTROLLED VISUAL EXISTS — 2026-09-10; corrected RA apartment representation plus visible round/curved furniture and Empty Chair. Written standard governs any remaining image ambiguity.,"Dedicated standard Doc ID 1AFDNiLoaH4zuhCzRTWwG2qDBB6B21L9T45opqM5GT9k. Current visual ID 14pgSNpMOm3YXKKX_1R-CkLpPH5zZ45gP. RA unit = 2 separate locked master suites, each with private full bath + 1 additional full hallway bath. Resident unit = 4 locked master suites + additional full hallway bath. Earlier shared-bedroom RA depiction is provenance-only/non-controlling."
LIN-021,Pouring It Back In,"OPERATIONAL LEGACY CONTROL — ACTIVE / FOOD-RETAIL, SITE & TRANSPORT ACTIVATION GATES REMAIN",REQUIRED — at least 1 intentionally empty chair in every seating environment; current approved visual includes the Empty Chair.,"REQUIRED — circular/rounded/curved public-facing, cafe, market, reception/resource and shared-decision tables/desks where function permits.",REQUIRED — at least 1 physical ROUND Legacy Table in a principal shared/public/community/learning/gathering area; ordinary round cafe tables do not substitute.,REQUIRED PRIORITY — Legacy Creator-made/restored/finished furniture/millwork where reasonably feasible; stipends required.,REQUIRED — Just Love Pond near principal/public entrance.,"REQUIRED — Legacy-wide solar/renewable/all-electric-ready standard applies, subject to documented safety/code/process/resilience exceptions.","DEDICATED STEWARD COMMON AREA REQUIRED — mirrors Helen's Haven and Sophia's Soul agricultural/support character while retaining Pouring It Back In identity; inherits at least 5 TVs, separate quiet/decompression area, at least 2 showers, full kitchen and convertible table-game equipment. Higher quantities are not inferred unless Founder-directed.","CURRENT CONTROLLED VISUAL EXISTS — 2026-09-11; Drive ID 1n3R_br1mxvu8rdKIE0lVBEJFrZMTRpoe. Existing approved visual = edit only. Written controls govern any visual omission, including the separately required physical ROUND Legacy Table and any Steward Common Area feature not visible on the board.","Intentionally adjacent to Community Garden and HELEN'S 4-H HAVEN / HUSBANDRY / BUTCHERY; year-round convertible farmers-market environment, farm-to-table bistro, education/resources, child enrichment, exact 7-vehicle fleet, casual Emerald Green/Midnight Dark Navy/Antique Gold uniform direction."
LIN-022,Make The Changes Recovery Village,OPERATIONAL LEGACY CONTROL — ACTIVE / EXTERNAL ACTIVATION GATES REMAIN,REQUIRED — at least 1 intentionally empty chair in every seating environment; must be visible in future renderings.,REQUIRED where applicable — circular/rounded/curved front-facing desks/tables; round board/governance tables.,REQUIRED — at least 1 physical ROUND Legacy Table in principal shared/public/community/learning/gathering area.,REQUIRED PRIORITY — Legacy Creator-made/restored/finished furniture/millwork where reasonably feasible; stipends required.,REQUIRED — Just Love Pond near principal/public entrance.,"REQUIRED — Legacy-wide solar/renewable/all-electric-ready standard applies, subject to documented safety/code/process/resilience exceptions.",DEDICATED STEWARD COMMON AREA — current direction mirrors Grace’s Healing Center while retaining Recovery Village identity; Legacy-wide minimum remains binding unless a higher Founder-controlled Recovery Village requirement applies.,CURRENT FOUNDER-APPROVED VISUAL DIRECTION EXISTS FROM 2026-09-12 CHAT; exact raw visual bytes not yet verified in Drive in this update. Do not regenerate or substitute; written controls govern all omissions.,"Later Founder Recovery Village design supersedes the older generic Recovery Center description. LW-GSC-01/ML-005 and all existing Empty Chair, ROUND Legacy Table, circular/curved furniture, Just Love Pond, renewable-energy and Legacy Creator furnishing controls remain additive."
LIN-023,Chrys's Masterpiece Wood-shop,CURRENT FOUNDER-DIRECTED NAME + CONTROLLED DESIGN — NOT OPERATIONAL,REQUIRED — at least 1 intentionally empty chair in every seating environment; must be visible in future renderings.,REQUIRED where applicable — circular/rounded/curved front-facing desks/tables; round board/governance tables.,REQUIRED — at least 1 physical ROUND Legacy Table in principal shared/public/community/learning/gathering area.,REQUIRED PRIORITY — Legacy Creator-made/restored/finished furniture/millwork where reasonably feasible; stipends required.,REQUIRED — Just Love Pond near principal/public entrance.,"REQUIRED — Legacy-wide solar/renewable/all-electric-ready standard applies, subject to documented safety/code/process/resilience exceptions.","APPLIES TO ANY FORMALLY DESIGNATED STEWARD COMMON AREA — at least 5 TVs, quiet area, 2 showers, full kitchen, convertible table-game equipment; institution-specific higher controls remain.",CURRENT VISUAL EXISTS — KNOWN INTERIOR CONTROL CORRECTION REQUIRED for omitted Empty Chair / Legacy Table and any square-table conflict; compliant approved elements remain controlling.,Replaces Chrys' Master Wood Working Legacy Center as the current institution name; the confirmed woodworking design carries forward. The historical visual filename remains provenance.
LIN-024,JUSTIFIED WINS,CURRENT CONTROLLED DESIGN + CURRENT CONTROLLED INSTITUTION/FLEET/INTERIOR/WRAP/UNIFORM VISUAL SAVED — NOT OPERATIONAL,INTERIOR-ONLY — applies to every enclosed seating environment; future enclosed support spaces inherit.,INTERIOR-ONLY where reception/front-facing/governance spaces exist; outdoor site furniture still follows Legacy Table round-form control.,REQUIRED — accessible weather-appropriate ROUND Legacy Table in principal gathering/support area.,REQUIRED PRIORITY for applicable furnishings/site furniture where reasonably feasible; stipends required.,REQUIRED — Just Love Pond near principal/public entrance.,"REQUIRED — Legacy-wide solar/renewable/all-electric-ready standard applies, subject to documented safety/code/process/resilience exceptions.",APPLIES if an enclosed/formally designated Steward Common Area exists; no indoor Common Area invented for outdoor-only site.,NO CURRENT DETAILED VISUAL CONFIRMED IN THIS AUDIT — first/next visual must show all inherited controls before Founder presentation.,New specific institution name; no exact prior controlled name found.
LIN-025,Pattie's pitch,FOUNDER-DIRECTED CURRENT NAME — DEVELOPING / NOT OPERATIONAL,INTERIOR-ONLY — applies to every enclosed seating environment; future enclosed support spaces inherit.,INTERIOR-ONLY where reception/front-facing/governance spaces exist; outdoor site furniture still follows Legacy Table round-form control.,REQUIRED — accessible weather-appropriate ROUND Legacy Table in principal gathering/support area.,REQUIRED PRIORITY for applicable furnishings/site furniture where reasonably feasible; stipends required.,REQUIRED — Just Love Pond near principal/public entrance.,"REQUIRED — Legacy-wide solar/renewable/all-electric-ready standard applies, subject to documented safety/code/process/resilience exceptions.",APPLIES if an enclosed/formally designated Steward Common Area exists; no indoor Common Area invented for outdoor-only site.,NO CURRENT DETAILED VISUAL CONFIRMED IN THIS AUDIT — first/next visual must show all inherited controls before Founder presentation.,New specific institution name; exact Founder capitalization is preserved.
LIN-026,INSTANT WINS VOLLEYBALL,CURRENT CONTROLLED DESIGN + CURRENT CONTROLLED INSTITUTION/FLEET VISUAL SAVED — NOT OPERATIONAL,INTERIOR-ONLY — applies to every enclosed seating environment; future enclosed support spaces inherit.,INTERIOR-ONLY where reception/front-facing/governance spaces exist; outdoor site furniture still follows Legacy Table round-form control.,REQUIRED — accessible weather-appropriate ROUND Legacy Table in principal gathering/support area.,REQUIRED PRIORITY for applicable furnishings/site furniture where reasonably feasible; stipends required.,REQUIRED — Just Love Pond near principal/public entrance.,"REQUIRED — Legacy-wide solar/renewable/all-electric-ready standard applies, subject to documented safety/code/process/resilience exceptions.",APPLIES if an enclosed/formally designated Steward Common Area exists; no indoor Common Area invented for outdoor-only site.,NO CURRENT DETAILED VISUAL CONFIRMED IN THIS AUDIT — first/next visual must show all inherited controls before Founder presentation.,New specific institution name; no exact prior controlled name found.
LIN-027,LIVE IN THE MOMENT ALWAYS,CURRENT CONTROLLED DESIGN + CURRENT CONTROLLED ALL-YEAR STADIUM / FLEET / UNIFORM VISUALS SAVED — NOT OPERATIONAL,REQUIRED — at least 1 intentionally empty chair in every seating environment; must be visible in future renderings.,REQUIRED where applicable — circular/rounded/curved front-facing desks/tables; round board/governance tables.,REQUIRED — at least 1 physical ROUND Legacy Table in principal shared/public/community/learning/gathering area.,REQUIRED PRIORITY — Legacy Creator-made/restored/finished furniture/millwork where reasonably feasible; stipends required.,REQUIRED — Just Love Pond near principal/public entrance.,"REQUIRED — Legacy-wide solar/renewable/all-electric-ready standard applies, subject to documented safety/code/process/resilience exceptions.","APPLIES TO ANY FORMALLY DESIGNATED STEWARD COMMON AREA — at least 5 TVs, quiet area, 2 showers, full kitchen, convertible table-game equipment; institution-specific higher controls remain.",NO CURRENT DETAILED VISUAL CONFIRMED IN THIS AUDIT — first/next visual must show all inherited controls before Founder presentation.,No prior-chat or Drive evidence was located for its institution/function; the name is preserved without invention.
LIN-028,Avon's Lacrosse Legacy Complex,CURRENT CONTROLLED DESIGN + CURRENT CONTROLLED ALL-YEAR STADIUM VISUAL SAVED — NOT OPERATIONAL,INTERIOR-ONLY — applies to every enclosed seating environment; future enclosed support spaces inherit.,INTERIOR-ONLY where reception/front-facing/governance spaces exist; outdoor site furniture still follows Legacy Table round-form control.,REQUIRED — accessible weather-appropriate ROUND Legacy Table in principal gathering/support area.,REQUIRED PRIORITY for applicable furnishings/site furniture where reasonably feasible; stipends required.,REQUIRED — Just Love Pond near principal/public entrance.,"REQUIRED — Legacy-wide solar/renewable/all-electric-ready standard applies, subject to documented safety/code/process/resilience exceptions.",APPLIES if an enclosed/formally designated Steward Common Area exists; no indoor Common Area invented for outdoor-only site.,NO CURRENT DETAILED VISUAL CONFIRMED IN THIS AUDIT — first/next visual must show all inherited controls before Founder presentation.,New specific institution name; exact Founder spelling is preserved without silently changing “Lacross.”
LIN-029,Robert's Lane,FOUNDER-DIRECTED CURRENT NAME — DEVELOPING / NOT OPERATIONAL,INTERIOR-ONLY — applies to every enclosed seating environment; future enclosed support spaces inherit.,INTERIOR-ONLY where reception/front-facing/governance spaces exist; outdoor site furniture still follows Legacy Table round-form control.,REQUIRED — accessible weather-appropriate ROUND Legacy Table in principal gathering/support area.,REQUIRED PRIORITY for applicable furnishings/site furniture where reasonably feasible; stipends required.,REQUIRED — Just Love Pond near principal/public entrance.,"REQUIRED — Legacy-wide solar/renewable/all-electric-ready standard applies, subject to documented safety/code/process/resilience exceptions.",APPLIES if an enclosed/formally designated Steward Common Area exists; no indoor Common Area invented for outdoor-only site.,NO CURRENT DETAILED VISUAL CONFIRMED IN THIS AUDIT — first/next visual must show all inherited controls before Founder presentation.,New specific institution name; no exact prior controlled name found.
LIN-030,Just Kicking High,FOUNDER-DIRECTED CURRENT NAME — DEVELOPING / NOT OPERATIONAL,INTERIOR-ONLY — applies to every enclosed seating environment; future enclosed support spaces inherit.,INTERIOR-ONLY where reception/front-facing/governance spaces exist; outdoor site furniture still follows Legacy Table round-form control.,REQUIRED — accessible weather-appropriate ROUND Legacy Table in principal gathering/support area.,REQUIRED PRIORITY for applicable furnishings/site furniture where reasonably feasible; stipends required.,REQUIRED — Just Love Pond near principal/public entrance.,"REQUIRED — Legacy-wide solar/renewable/all-electric-ready standard applies, subject to documented safety/code/process/resilience exceptions.",APPLIES if an enclosed/formally designated Steward Common Area exists; no indoor Common Area invented for outdoor-only site.,NO CURRENT DETAILED VISUAL CONFIRMED IN THIS AUDIT — first/next visual must show all inherited controls before Founder presentation.,New specific institution name; no exact prior controlled name found.
LIN-031,Percy's Pitch Baseball Complex,CURRENT FOUNDER-DIRECTED DESIGN — LIBRARY VISUALS RECOVERED / NOT UPDATE-AND-SAVED — NOT OPERATIONAL,INTERIOR-ONLY — applies to every enclosed seating environment; future enclosed support spaces inherit.,INTERIOR-ONLY where reception/front-facing/governance spaces exist; outdoor site furniture still follows Legacy Table round-form control.,REQUIRED — accessible weather-appropriate ROUND Legacy Table in principal gathering/support area.,REQUIRED PRIORITY for applicable furnishings/site furniture where reasonably feasible; stipends required.,REQUIRED — Just Love Pond near principal/public entrance.,"REQUIRED — Legacy-wide solar/renewable/all-electric-ready standard applies, subject to documented safety/code/process/resilience exceptions.",APPLIES if an enclosed/formally designated Steward Common Area exists; no indoor Common Area invented for outdoor-only site.,NO CURRENT DETAILED VISUAL CONFIRMED IN THIS AUDIT — first/next visual must show all inherited controls before Founder presentation.,New specific institution name; no exact prior controlled name found.
LIN-032,Legacy's Bucket,FOUNDER-DIRECTED CURRENT NAME — DEVELOPING / NOT OPERATIONAL,INTERIOR-ONLY — applies to every enclosed seating environment; future enclosed support spaces inherit.,INTERIOR-ONLY where reception/front-facing/governance spaces exist; outdoor site furniture still follows Legacy Table round-form control.,REQUIRED — accessible weather-appropriate ROUND Legacy Table in principal gathering/support area.,REQUIRED PRIORITY for applicable furnishings/site furniture where reasonably feasible; stipends required.,REQUIRED — Just Love Pond near principal/public entrance.,"REQUIRED — Legacy-wide solar/renewable/all-electric-ready standard applies, subject to documented safety/code/process/resilience exceptions.",APPLIES if an enclosed/formally designated Steward Common Area exists; no indoor Common Area invented for outdoor-only site.,NO CURRENT DETAILED VISUAL CONFIRMED IN THIS AUDIT — first/next visual must show all inherited controls before Founder presentation.,New specific institution name; no exact prior controlled name found.
LIN-033,Dominating Anxiety,FOUNDER-DIRECTED CURRENT NAME — DEVELOPING / NOT OPERATIONAL,REQUIRED — at least 1 intentionally empty chair in every seating environment; must be visible in future renderings.,REQUIRED where applicable — circular/rounded/curved front-facing desks/tables; round board/governance tables.,REQUIRED — at least 1 physical ROUND Legacy Table in principal shared/public/community/learning/gathering area.,REQUIRED PRIORITY — Legacy Creator-made/restored/finished furniture/millwork where reasonably feasible; stipends required.,REQUIRED — Just Love Pond near principal/public entrance.,"REQUIRED — Legacy-wide solar/renewable/all-electric-ready standard applies, subject to documented safety/code/process/resilience exceptions.","APPLIES TO ANY FORMALLY DESIGNATED STEWARD COMMON AREA — at least 5 TVs, quiet area, 2 showers, full kitchen, convertible table-game equipment; institution-specific higher controls remain.",NO CURRENT DETAILED VISUAL CONFIRMED IN THIS AUDIT — first/next visual must show all inherited controls before Founder presentation.,New specific institution name; no exact prior controlled name found.
LIN-034,Betty's Botanical Garden,CURRENT FOUNDER-CONTROLLED DESIGN — NOT OPERATIONAL,REQUIRED — at least 1 intentionally empty chair in every seating environment; must be visible in future renderings.,REQUIRED where applicable — circular/rounded/curved front-facing desks/tables; round board/governance tables.,REQUIRED — at least 1 physical ROUND Legacy Table in principal shared/public/community/learning/gathering area.,REQUIRED PRIORITY — Legacy Creator-made/restored/finished furniture/millwork where reasonably feasible; stipends required.,REQUIRED — Just Love Pond near principal/public entrance.,"REQUIRED — Legacy-wide solar/renewable/all-electric-ready standard applies, subject to documented safety/code/process/resilience exceptions.","APPLIES TO ANY FORMALLY DESIGNATED STEWARD COMMON AREA — at least 5 TVs, quiet area, 2 showers, full kitchen, convertible table-game equipment; institution-specific higher controls remain.",CURRENT VISUAL EXISTS — KNOWN INTERIOR CONTROL CORRECTION REQUIRED for omitted Empty Chair / Legacy Table and any square-table conflict; compliant approved elements remain controlling.,"Recovered approved September 5, 2026 rendering and current Founder-controlled design. Generic Botanical Garden remains a broader function/system reference; Betty's Botanical Garden is the current named garden design."
LIN-035,Barclay's 24 Hour Oopsie Hospital,OPERATIONAL LEGACY CONTROL — ACTIVE / VETERINARY CLINICAL COMMISSIONING GATES REMAIN,REQUIRED — at least 1 intentionally Empty Chair in every seating environment; recovered older visual omission does not waive the control.,"REQUIRED — circular/rounded/curved reception, lobby, visitor, resource-navigation and shared-decision desks/tables where reasonably possible.",REQUIRED — at least 1 separate physical ROUND Legacy Table in a principal shared/public/community/learning/gathering area; ordinary round furniture does not substitute.,REQUIRED PRIORITY — Legacy Creator-made/restored/finished furniture/millwork where reasonably feasible and clinically safe; stipends required.,REQUIRED — Just Love Pond near principal/public entrance.,"REQUIRED — solar/renewable/all-electric-ready/resilience inheritance applies subject to clinical, emergency-power, animal-welfare, code and process constraints.","APPLIES TO ANY FORMALLY DESIGNATED STEWARD COMMON AREA — at least 5 TVs, quiet/decompression area, 2 showers, full kitchen, convertible table-game equipment; institution-specific higher controls remain additive.","RECOVERED EXACT SOURCE VISUAL — Barclay’s Veterinary Hospital Design Board.png, File Library source ID file_0000000008f8822fba6267fc167b15cc; source created 2026-09-05. Exact raw bytes are Drive-verified as ID 1LMZv-Nqf8Ot8l63fb_2ijundlStNssII on 2026-09-20. Existing approved visual = preserve exact; do not regenerate.",Dedicated recovered design standard Drive Doc ID 1O-1jlJcYwiEOayfRGEZWU3c1jJQPIn33lvHCRP9j-dI. Recovered exact visible program: 10 Exam & Surgery; 10 Intensive/Recovery; 10 dark-capable pre-surgery kennels; 20 indoor + 20 outdoor climate-controlled standard kennels; handler-sleep kennel space; 4 indoor + 4 outdoor rehab; dog park; grooming/wellness/support; reception/lobby/retail; accessibility and sustainability design. Oopsie Hospital fleet composition remains source-gap; Rescue Pawtrol is separate.
LIN-036,Creating The Clean Air HVAC Legacy,FOUNDER-APPROVED CURRENT CONTROLLED DESIGN — NOT OPERATIONAL,REQUIRED — at least 1 intentionally Empty Chair in every seating environment; current approved visual visibly includes the Empty Chair.,"REQUIRED — circular/rounded/curved front-facing, collaboration, visitor and shared-decision furniture where function reasonably permits; current approved visual includes round/circular collaboration furniture.",REQUIRED — at least 1 separate physical ROUND Legacy Table in a principal shared/public/community/learning/gathering area; current approved visual visibly includes the Legacy Table.,REQUIRED PRIORITY — Legacy Creator-made/restored/finished furniture/millwork where reasonably feasible and trade-safe; stipends required.,REQUIRED — Just Love Pond near principal/public entrance; current approved visual visibly includes it.,REQUIRED — Legacy-wide solar/renewable/all-electric-ready standard applies; current approved visual visibly includes solar/renewable-energy direction.,"MIRRORS O'DAY'S LEGACY GARAGE STEWARDS' COMMON AREA — 7 TVs total (2 gaming + 5 general Steward use), pool table, full kitchen, comfortable break/lounge seating and separate quiet decompression area; also inherits the Legacy-wide minimum of at least 2 showers and convertible table-game equipment. Shop/common-area separation from contaminants, fumes, chemicals and noise remains required.",CURRENT CONTROLLED VISUAL — CREATING THE CLEAN AIR HVAC LEGACY — 2026-09-14.png • Drive ID 1RXjdzDfTOkJYglDVTThgYLOLatVuulzH • Library file ID file_00000000e298822f8cd7589f608bd10c. Founder approved and saved 2026-09-14. Existing approved visual = edit only unless Founder explicitly changes/replaces it; written controls outrank image-generated slogans/wording.,"No blank-slate redesign. Preserve the approved rendering and all inherited non-superseded Founder controls. Institution palette: Dark Navy Blue, Emerald Green, Slate Gray. Uniform direction: professional yet casual, with required PPE overriding ordinary styling."
LIN-037,Building Better Futures Architecture,FOUNDER-APPROVED CURRENT CONTROLLED DESIGN — SAVED VISUAL — NOT OPERATIONAL,REQUIRED — at least 1 intentionally Empty Chair in every seating environment; omission never waives the control.,"REQUIRED — circular/rounded/curved front-facing, collaboration and governance furniture where function reasonably permits.",REQUIRED — at least 1 separate physical ROUND Legacy Table in a principal shared/public/community/learning/gathering area.,REQUIRED PRIORITY — Legacy Creator-made/restored/finished furniture/millwork where reasonably feasible; stipends required.,REQUIRED — Just Love Pond near principal/public entrance.,REQUIRED — Legacy-wide solar/renewable/all-electric-ready standard applies subject to documented safety/code/process/resilience exceptions.,FOUNDER-SPECIFIC HIGHER CONTROL — TVs; lounge; convertible game table; locker room; full kitchen; 8 shower stalls; personal lockers; laundry; 3 quiet pods.,CURRENT CONTROLLED VISUAL — BUILDING BETTER FUTURES ARCHITECTURE — 2026-09-13.png • Drive ID 16q9N0y_oLIM0_CAcpdT89-YWSMRy7vwf. Written controls remain controlling where not visible.,Palette Slate Gray / Midnight Blue / Emerald Green; professional-casual uniforms; 20 soundproof pods; 24/7 key-card access; 10 glare-free display walls; materials/workshop/prefab/resource library; exact 9-vehicle fleet.
LIN-038,Leaving Meaningful Words Legacy Literature Institution,FOUNDER-APPROVED CURRENT CONTROLLED DESIGN — SAVED VISUAL — NOT OPERATIONAL,REQUIRED — at least 1 intentionally Empty Chair in every seating environment; omission never waives the control.,"REQUIRED — circular/rounded/curved front-facing, collaboration and governance furniture where function reasonably permits.",REQUIRED — at least 1 separate physical ROUND Legacy Table in a principal shared/public/community/learning/gathering area.,REQUIRED PRIORITY — Legacy Creator-made/restored/finished furniture/millwork where reasonably feasible; stipends required.,REQUIRED — Just Love Pond near principal/public entrance.,REQUIRED — Legacy-wide solar/renewable/all-electric-ready standard applies subject to documented safety/code/process/resilience exceptions.,"MIRRORS IMAGINE AQUARIUM MAGIC — O'DAY-model higher control: 7 TVs total (2 gaming + 5 general use), pool table, kitchen, comfortable seating and separate quiet decompression area; Legacy-wide minimums remain additive, including showers/full kitchen/game-table and current locker/laundry/quiet requirements.",CURRENT CONTROLLED VISUAL — LEAVING MEANINGFUL WORDS LEGACY LITERATURE INSTITUTION — 2026-09-13.png • Drive ID 1GWQBgsLJQs7GhYv-NHwzzlDPYbc51dt-. Written controls govern omissions.,Antique Gold / Emerald Green / Warm Ivory; business-casual; bay-window daylight; acoustically separated literacy hubs; universal wayfinding; 21-vehicle fleet.
LIN-039,Nic's Fashion Idea,FOUNDER-APPROVED CURRENT CONTROLLED DESIGN — SAVED VISUAL — NOT OPERATIONAL,REQUIRED — at least 1 intentionally Empty Chair in every seating environment; omission never waives the control.,"REQUIRED — circular/rounded/curved front-facing, collaboration and governance furniture where function reasonably permits.",REQUIRED — at least 1 separate physical ROUND Legacy Table in a principal shared/public/community/learning/gathering area.,REQUIRED PRIORITY — Legacy Creator-made/restored/finished furniture/millwork where reasonably feasible; stipends required.,REQUIRED — Just Love Pond near principal/public entrance.,REQUIRED — Legacy-wide solar/renewable/all-electric-ready standard applies subject to documented safety/code/process/resilience exceptions.,"MIRRORS I AM A MASTERPIECE — 7 flat-screen TVs total (2 gaming + 5 general viewing), relaxation seating, full kitchen and separation from production/chemical/heat areas; Legacy-wide shower, locker, laundry, quiet/decompression and game-table minimums remain additive.",CURRENT CONTROLLED VISUAL — NIC'S FASHION IDEA — 2026-09-14.png • Drive ID 1lH0fCo5UOrRZRmcrD7K_HZLIEFhHqCjx. Written controls govern omissions.,Antique Gold / Warm Ivory / Emerald Green; fashion CAD/3D/body scanning/pattern/sewing/textile/media/runway/retail program; Founder fleet wording preserved.
LIN-040,The Legacy's Power,FOUNDER-APPROVED CURRENT CONTROLLED DESIGN — SAVED VISUAL — NOT OPERATIONAL,REQUIRED — at least 1 intentionally Empty Chair in every seating environment; current approved visual visibly includes Empty Chair references in interior spaces.,"REQUIRED — circular/rounded/curved front-facing, collaboration and governance furniture where function reasonably permits; current approved visual visibly uses circular/curved layouts.",REQUIRED — at least 1 separate physical ROUND Legacy Table in a principal shared/public/community/learning/gathering area; current approved visual visibly includes the Legacy Table.,REQUIRED PRIORITY — Legacy Creator-made/restored/finished furniture/millwork where reasonably feasible and electrically/trade safe; stipends required.,REQUIRED — Just Love Pond near principal/public entrance; current approved visual visibly includes it.,"REQUIRED — Legacy-wide solar/renewable/all-electric-ready/resilience standard applies subject to electrical, battery, life-safety, code and process constraints; current approved visual visibly includes solar direction.","MIRRORS CHRYS'S MASTERPIECE WOOD-SHOP — higher Common Area control includes 7 TVs total (2 gaming / 5 Steward TVs), pool table, kitchen and quiet decompression area. Legacy-wide Common Area minimums remain additive where applicable, including full kitchen, showers, convertible table-game equipment and current locker/laundry requirements.",CURRENT CONTROLLED VISUAL — THE LEGACY'S POWER — 2026-09-14.png • Drive ID 1MTvoND6Nb56tuMY55Hmy7igYKjxy8MbT. Founder approved and saved 2026-09-14. Existing approved visual = edit only unless Founder explicitly changes/replaces it.,Palette Slate Gray / Emerald Green; plenty of light / bay windows; exact Founder fleet preserved. Written controls outrank image-generated wording or omissions.
LIN-043,Safely and Humanly Cleaning The Space Legacy Extermination,CURRENT CONTROLLED DESIGN + CURRENT CONTROLLED INSTITUTION & FLEET VISUAL SAVED — NOT OPERATIONAL,REQUIRED — at least 1 intentionally Empty Chair in every seating environment; image omission never waives the control.,REQUIRED — circular/rounded/curved front-facing and shared-decision furniture where function reasonably permits.,REQUIRED — at least 1 separate physical ROUND Legacy Table in a principal shared/public/community/learning/gathering area.,REQUIRED PRIORITY — Legacy Creator-made/restored/finished furnishings/millwork where reasonably feasible and safe; stipends required.,REQUIRED — Just Love Pond near principal/public entrance.,REQUIRED — renewable/solar/all-electric-ready inheritance subject to safety/code/process constraints.,"MIRRORS CHRYS'S MASTERPIECE — 7 TVs total (2 gaming / 5 general), pool table, full kitchen, comfortable seating, separate quiet decompression area; Legacy-wide minimums remain additive, including at least 2 showers and convertible table-game equipment; Founder adds exactly 10 quiet pods for study/working.",CURRENT CONTROLLED INSTITUTION & FLEET VISUAL SAVED — Drive ID 1ZcBu_NOQF1-diypH7iBnIHEV1gF6XVB7. Written controls govern any generated text/depiction conflict.,"Palette Slate Gray / Warm Ivory accents; professional-yet-casual uniforms; abundant natural light/multiple bay windows; exact 12-vehicle fleet: 3 22nd-century supply school buses, 3 Double-Decker mobile workshops, 3 Mega Buses ADA/Mixed/Non-ADA for regional education/outreach/mobile classroom/resources, 3 Tour Buses for statewide education/outreach/resources/exhibition/mobile classroom with no mobility split inferred."
LIN-042,Pouring A New Path Concrete Legacy,FOUNDER-APPROVED CURRENT CONTROLLED DESIGN — SAVED VISUAL — NOT OPERATIONAL,REQUIRED — at least 1 intentionally Empty Chair in every seating environment; current approved visual visibly includes the Empty Chair.,"REQUIRED — circular/rounded/curved front-facing, collaboration and shared-decision furniture where function reasonably permits; current approved visual visibly includes circular/round shared furniture.",REQUIRED — at least 1 separate physical ROUND Legacy Table in a principal shared/public/community/learning/gathering area; current approved visual visibly includes the Legacy Table.,REQUIRED PRIORITY — Legacy Creator-made/restored/finished furniture/millwork where reasonably feasible and concrete/trade safe; stipends required.,REQUIRED — Just Love Pond near principal/public entrance; current approved visual visibly includes it.,"REQUIRED — Legacy-wide renewable/solar/all-electric-ready/resilience standard applies subject to heavy-industrial, process, structural, electrical, environmental and life-safety constraints; current approved visual visibly includes solar direction.","MIRRORS O'DAY'S LEGACY GARAGE — 7 flat-screen TVs total (2 gaming + 5 general Steward use), pool table, full kitchen, comfortable break/lounge seating and separate quiet decompression area. Also inherits the Legacy-wide minimum of at least 2 shower stalls and convertible table-game equipment, plus appropriate locker/changing and uniform-cleaning support. Common Area must be separated from concrete dust, slurry, chemicals, noise and active heavy-equipment/live-pour areas.",CURRENT CONTROLLED VISUAL — POURING A NEW PATH CONCRETE LEGACY & FLEET — 2026-09-15.png • Drive ID 1j5-UqZF7-SEZYz49_1k5XO-IvkO1DN9J. Founder approved and saved 2026-09-15. Existing approved visual = edit only unless Founder explicitly changes/replaces it. Image-generated title wording is non-controlling; written current name is Pouring A New Path Concrete Legacy.,"Controlled palette: Emerald Green / Midnight Blue / Dark Navy Blue. Uniforms: professional and comfortable; required high-visibility clothing, PPE and task-safety gear override decorative styling where needed. Plenty of light and multiple bay windows are required."
LIN-044,Laying the Path Legacy Carpet and Flooring Training Campus,FOUNDER-APPROVED CURRENT CONTROLLED DESIGN + INSTITUTION/FLEET VISUAL + UNIFORMS SAVED — NOT OPERATIONAL,REQUIRED — at least 1 intentionally empty chair in every seating environment; must be visible in future renderings.,REQUIRED where applicable — circular/rounded/curved front-facing desks/tables; round board/governance tables.,REQUIRED — at least 1 physical ROUND Legacy Table in principal shared/public/community/learning/gathering area.,REQUIRED PRIORITY — Legacy Creator-made/restored/finished furniture/millwork where reasonably feasible; stipends required.,REQUIRED — Just Love Pond near principal/public entrance.,"REQUIRED — Legacy-wide solar/renewable/all-electric-ready standard applies, subject to documented safety/code/process/resilience exceptions.",APPLIES — Legacy-wide Steward Common Area minimums inherit where a formal Common Area exists; institution-specific higher controls remain additive and controlling.,CURRENT APPROVED INSTITUTION/FLEET VISUAL SAVED — Drive ID 1Ao0orqvRqqGbQj6_Zt18xaAv1AzO7gQe; uniforms Drive ID 1mvYmLxTVeaZ2gI4opWdcG5qRPPa9gdkY.,2026-09-19 recursive reconciliation — inherits all current non-superseded controls; no visual omission supersedes written requirements.
LIN-045,Always Welcomed Always Loved,CURRENT CONTROLLED DESIGN + CURRENT CONTROLLED INSTITUTION/UNIFORM/FLEET VISUALS SAVED — NOT OPERATIONAL,REQUIRED — at least 1 intentionally empty chair in every seating environment; must be visible in future renderings.,REQUIRED where applicable — circular/rounded/curved front-facing desks/tables; round board/governance tables.,REQUIRED — at least 1 physical ROUND Legacy Table in principal shared/public/community/learning/gathering area.,REQUIRED PRIORITY — Legacy Creator-made/restored/finished furniture/millwork where reasonably feasible; stipends required.,REQUIRED — Just Love Pond near principal/public entrance.,"REQUIRED — Legacy-wide solar/renewable/all-electric-ready standard applies, subject to documented safety/code/process/resilience exceptions.",APPLIES — Legacy-wide Steward Common Area minimums inherit where a formal Common Area exists; institution-specific higher controls remain additive and controlling.,CURRENT CONTROLLED INSTITUTION/UNIFORM/FLEET VISUALS SAVED — institution IDs 1WF4BzNr1UQDuN9KTfpHAd0pWwu8B40w1 / 1e9QeTAzex5LLMB95JQlegJdz-cffL_ol; uniforms 15gQEEzlN6_y7FtwQHc_DythXq3kDumfC; fleet 1XKmk7FjJRxI8-BeFYQPz3tFjR4Om-ijX.,2026-09-19 recursive reconciliation — inherits all current non-superseded controls; no visual omission supersedes written requirements.
LIN-046,Pane by Pane Legacies Change Windows,CURRENT CONTROLLED DESIGN + CURRENT CONTROLLED INSTITUTION & FLEET VISUAL SAVED — NOT OPERATIONAL,REQUIRED — at least 1 intentionally empty chair in every seating environment; must be visible in future renderings.,REQUIRED where applicable — circular/rounded/curved front-facing desks/tables; round board/governance tables.,REQUIRED — at least 1 physical ROUND Legacy Table in principal shared/public/community/learning/gathering area.,REQUIRED PRIORITY — Legacy Creator-made/restored/finished furniture/millwork where reasonably feasible; stipends required.,REQUIRED — Just Love Pond near principal/public entrance.,"REQUIRED — Legacy-wide solar/renewable/all-electric-ready standard applies, subject to documented safety/code/process/resilience exceptions.",APPLIES — Legacy-wide Steward Common Area minimums inherit where a formal Common Area exists; institution-specific higher controls remain additive and controlling.,CURRENT CONTROLLED INSTITUTION & FLEET VISUAL SAVED — Drive ID 1fp1rdX6iDKklHsINkhU1QRgbF4RrnAz6.,2026-09-19 recursive reconciliation — inherits all current non-superseded controls; no visual omission supersedes written requirements.
LIN-047,Alex's Swing Golf Legacy,CURRENT CONTROLLED DESIGN + CURRENT CONTROLLED INSTITUTION & TRANSPORTATION FLEET VISUALS SAVED — NOT OPERATIONAL,REQUIRED — at least 1 intentionally empty chair in every seating environment; must be visible in future renderings.,REQUIRED where applicable — circular/rounded/curved front-facing desks/tables; round board/governance tables.,REQUIRED — at least 1 physical ROUND Legacy Table in principal shared/public/community/learning/gathering area.,REQUIRED PRIORITY — Legacy Creator-made/restored/finished furniture/millwork where reasonably feasible; stipends required.,REQUIRED — Just Love Pond near principal/public entrance.,"REQUIRED — Legacy-wide solar/renewable/all-electric-ready standard applies, subject to documented safety/code/process/resilience exceptions.",APPLIES — Legacy-wide Steward Common Area minimums inherit where a formal Common Area exists; institution-specific higher controls remain additive and controlling.,CURRENT CONTROLLED INSTITUTION AND FLEET VISUALS SAVED — institution 1kESeUQv6ppdWh8yHyyD-8_umSurN88Zi; fleet 10Mt6ka7iXc3PtrlvXYYfYQxrIuf0jtpt. Earlier exact duplicates preserved as provenance.,2026-09-19 recursive reconciliation — inherits all current non-superseded controls; no visual omission supersedes written requirements.
LIN-048,Mini & Future Stewards' World,FOUNDER-APPROVED CURRENT DESIGN + EXACT CAMPUS/FLEET VISUAL SAVED — NOT OPERATIONAL,REQUIRED — at least 1 intentionally empty chair in every seating environment; must be visible in future renderings.,REQUIRED where applicable — circular/rounded/curved front-facing desks/tables; round board/governance tables.,REQUIRED — at least 1 physical ROUND Legacy Table in principal shared/public/community/learning/gathering area.,REQUIRED PRIORITY — Legacy Creator-made/restored/finished furniture/millwork where reasonably feasible; stipends required.,REQUIRED — Just Love Pond near principal/public entrance.,"REQUIRED — Legacy-wide solar/renewable/all-electric-ready standard applies, subject to documented safety/code/process/resilience exceptions.",APPLIES — Legacy-wide Steward Common Area minimums inherit where a formal Common Area exists; institution-specific higher controls remain additive and controlling.,CURRENT CONTROLLED VISUAL VERIFIED — CURRENT CONTROLLED VISUAL — MINI & FUTURE STEWARDS' WORLD — CAMPUS & FLEET — 2026-09-17.png; Drive ID 1FgCSKhKgDXJ4x4JTL5-p2YSwBJSKuW5q. Exact Library source transferred without regeneration.,2026-09-20 recovery closes the prior Drive visual-verification gap.
