THE AMW LEGACY — ONE AWARDS SELECTION PROCESS,,,,,,,
,,,,,,,
ONE PROCESS — applies to every Legacy award unless an award-specific safety/eligibility gate requires an adaptation,,,,,,,
,,,,,,,
Step,Stage,Controlled Requirement,,Seat,Voting?,Required Role,Control
1,Nominate,"Self-nomination or nomination by another person is permitted. Use a simple, accessible nomination; polished writing, status, money or popularity must not create advantage.",,1,YES,Relevant Subject-Matter Reviewer A,Must understand the award's actual discipline or purpose.
2,Eligibility Screen,Verify award-specific eligibility and evaluation-period requirements before scoring. Ineligible nominees do not receive a score.,,2,YES,Relevant Subject-Matter Reviewer B,Provides a second independent domain perspective.
3,Conflict Check,Each Selection Circle member discloses conflicts before seeing/scoring the full nominee file when reasonably possible; conflicted members recuse.,,3,YES,AMW Steward Reviewer,"Understands AMW architecture, dignity, Stewardship and award controls; should not be in a conflicted direct line to nominee."
4,Evidence Review,"Review proportionate evidence tied to the award's meaning. Evidence may include work product, observation, results, demonstration, records, or voluntary statements; no unnecessary private information.",,4,YES,Legacy / Community Representative,Represents the people/community/Legacy context affected by the award.
5,Independent Scoring,All five voting reviewers score independently using the Universal Scoring Rule before group discussion.,,5,YES,Rotating Independent Reviewer,Adds independence and reduces institutional familiarity bias.
6,Selection Circle,"The Circle reviews final independent scores, evidence sufficiency and material score variance. Calibration corrects misunderstanding; it does not force consensus or engineer a winner.",,Facilitator,NO,Selection Records Steward,"Maintains process, evidence list, score calculations, recusals and record; does not vote."
7,Verification,"Verify material facts, attribution/credit, eligibility, unresolved safety/welfare concerns where applicable, and calculation accuracy before selection becomes final.",,,,,
8,Honoree Consent,"The selected honoree chooses whether to accept recognition. Publicity, photograph, testimonial, biography and story-sharing are separate choices.",,,,,
9,Recognition,Recognize the honoree in the manner authorized. Declining publicity does not reduce the award or the honoree's standing.,,,,,
10,Return & Record,"Preserve the decision record, scoring, recusals, consent choice and learning. Return appropriate learning to the award system without turning nominees into permanent records of failure.",,,,,
,,,,,,,
UNIVERSAL SCORING RULE,,,,LEGACY AWARDS SELECTION SAFEGUARD,,,
Scoring Element,Universal Rule,Control,,ID,Safeguard,Controlled Rule,Applies
Total,100 points for scored awards; 100% verified participant choice for PC-01 awards,Every scored award has five weighted criteria totaling 100. Founder-designated Participant Choice awards use PC-01 instead of panel scoring; their result is determined by verified participant ballots after eligibility/welfare screening.,,AS-01,Purpose Over Popularity,"No public popularity voting, likes/followers, donor status, purchase, payment, title, tenure, visibility or personal closeness may create selection advantage.",ALL
Rating Scale,0–5 for scored awards; not used for PC-01,0 = no qualifying evidence; 1 = minimal; 2 = emerging; 3 = meets; 4 = strong; 5 = exceptional. Participant Choice ballots are not converted into reviewer ratings.,,AS-02,Conflict & Recusal,"Family, close personal, financial, supervisory, mentoring or other material conflicts must be disclosed; conflicted reviewers do not score that nominee. A recused voting seat is replaced by another qualified reviewer so the final decision still uses five eligible independent votes.",ALL
Weighted Points,Rating ÷ 5 × criterion weight for scored awards,Each reviewer produces one 0–100 weighted score. PC-01 awards use verified ballot counts rather than reviewer-weighted points.,,AS-03,Minimum Necessary Information,Collect only information reasonably necessary to determine eligibility and score award criteria.,ALL
Final Score,Average of five final reviewer scores for scored awards,Do not discard a high or low reviewer score because it is inconvenient. PC-01 result = horse/candidate with the highest verified valid ballot count.,,AS-04,No Hardship Performance,"Trauma, poverty, diagnosis, treatment history, criminal history, housing history or other hardship is never scored for severity to make someone more deserving.",ALL / especially SC-S
Normal Recognition Threshold,80.0 / 100 for scored awards; no numeric threshold for PC-01,"A scored award may have no recipient below 80. A PC-01 award may have no recipient when no eligible candidate exists, welfare/integrity gates fail, or the ballot cannot responsibly be verified.",,AS-05,Participation ≠ Publicity,"Nomination, program participation, services, resources and award receipt do not create consent for photographs, testimonial, biography, public story or stage appearance.",ALL
Material Variance,15 points between highest/lowest reviewer total for scored awards,Triggers calibration for scored awards. PC-01 uses ballot-integrity review rather than reviewer-score variance.,,AS-06,Youth Protection,"Child nominees are evaluated developmentally and relative to opportunity/effort; no adult achievement standard, unnecessary sensitive questioning or publicity without required guardian/child permissions.",SC-Y
Tie Rule,Scored awards: highest-weighted criterion → Stewardship/Safety/Dignity → evidence quality → predetermined neutral method; PC-01: equal top ballot counts → predetermined neutral method,No popularity manipulation or subjective last-minute preference may break a tie.,,AS-07,Safety / Welfare Gate,"Technical, food, animal and care awards require responsible safety/welfare practice. Verified serious reckless disregard may make a nominee ineligible for that cycle; ordinary learning mistakes are not automatically punitive.",SC-T / SC-A / care awards
Rounding,One decimal place for scored-award final average; whole verified ballot counts for PC-01,Keep reviewer calculations unrounded for scored awards. Preserve exact ballot counts for Participant Choice awards.,,AS-08,Accessible Evidence,"Accept multiple reasonable evidence forms. Expensive portfolios, polished applications or professional networks cannot become hidden eligibility requirements.",ALL
,,,,AS-09,Independent First,Reviewers score independently before deliberation; group influence cannot substitute for evidence.,ALL
"SELECTION CIRCLE ADAPTATIONS — same five-vote structure, different required expertise",,,,AS-10,No Recipient Required,The Legacy never gives an award merely because the award exists.,ALL
SC-G,General Legacy,Standard five-seat Circle.,,AS-11,Neutral Tie-Break,Materially equivalent nominees are resolved only through the published tie rule and predetermined neutral method.,ALL
SC-Y,Youth / Future Legacy Creator,At least one subject-matter seat includes youth-development/safeguarding knowledge; child is never judged by adult access/status standards.,,AS-12,Process Concern Review,A nominee may raise a conflict/process concern. Review asks whether the process was followed; it is not retaliation and does not guarantee a different outcome.,ALL
SC-T,Technical / Trade,At least one subject-matter seat has credible discipline-specific technical competence; applicable safety gate is verified.,,AS-13,Attribution,"Credit follows the person/people who actually created, performed, built, cared for, discovered or contributed the work.",ALL
SC-C,Creative / STEAM,At least one subject-matter seat understands the relevant creative/technical field; popularity metrics are excluded as selection drivers.,,AS-14,Confidential Record,Nominee files and detailed scoring are limited to people with a legitimate selection/governance reason to access them.,ALL
SC-A,Animal / Care Pair,"At least one subject-matter seat has dog/animal welfare, training, husbandry or aquatic-care competence as applicable.",,AS-15,Participant Choice Integrity,"When a Founder-designated Participant Choice award is used, each eligible participant receives one equal private ballot, may abstain, and is not required to explain the choice. Staff, handlers, family members, donors or other adults may not direct, purchase, pressure, campaign for or manufacture a participant's vote.",PC-01 / SC-P
SC-S,Sensitive Support / Human Development,At least one subject-matter seat has appropriate program/safeguarding knowledge; sensitive identity/health/recovery facts are not required merely to prove worthiness.,,,,,
SC-B,Barclay's Choice / Animal Agency,"Same five-vote structure; at least one canine behavior/welfare reviewer and one humane training/handling reviewer as applicable. Barclay's voluntary behavior is evidence and may not be manufactured through force, staged competition, monopolized access or inducement during selection observations.",,,,,
SC-P,Participant Choice / Animal Welfare,"Selection Circle does not choose the favorite. It verifies candidate eligibility, animal welfare, participant eligibility, one-person/one-ballot integrity, neutral counting and the tie rule. At least one animal-welfare/husbandry reviewer and one independent ballot verifier are required.",,,,,
,,,,,,,
RECOGNITION FAMILIES — all governed by the Legacy awards architecture; PC-01 applies only to Founder-designated Participant Choice awards,,,,,,,
Family,Awards,Included Recognitions,,,,,
Legacy-Wide Recognition,7,Pebble; IAMW; I Am the Legacy's Future; Reshaper; Impact Maker; Legacy Bridger; Village Builder,,,,,
O'DAY'S LEGACY GARAGE Awards,4,Golden Wrench; High Gear; Engine Whisper; Torque Master,,,,,
"CREATIVE, STEAM, & TRADE RECOGNITION",10,Destinee's Discovery; Maximum Xtreme; Mechanisms X factor; Mindset Xenon; Making Xylography; Chrys's Cutting Edge; I AM A MASTERPIECE MAKER; Mind Bender; Blades of Glory; Golden Media Mic,,,,,
"Animal, Agriculture & Aquatic Recognition",9,Dave's Ultimate Good Doggie; Barclay's Choice — Best Trainer; Barclay's Choice — Best Comfort Buddy; PREPPIEST PONY; Helen's Best Cut; Helen's Top Pick; Just Loving; Sophia's Specialty; Magical Imagination,,,,,
"Healing, Support & Community Change",6,More Than Just Healing; The One Who Let Love Win; Page Master; Didn't Run From Betterment; Change Maker; The Over-Flower,,,,,
