ID,Type,Name / Rule,Purpose / Content,Status / Gate,Source,Last Verified,Current Treatment
LRR-01,System,AMW Legal Resource Register,"Preserve reusable, current legal-resource knowledge so Stewards can route Partners without turning discovery into endorsement.",Located → Practice Fit Reviewed → Standing Verified → Intake/Cost Verified → AMW Verified Resource → Partner Feedback Received → Reverification Due,Current canonical Drive artifact,2026-08-24,Current
LRIF-01,System,Legal Resource Referral Intake,Collect only what AMW reasonably needs to understand and route a request for possible legal resources.,Minimum-information / no privileged-strategy collection,Current canonical Drive artifact,2026-08-24,Current
LRRF-01,System,Legal Resource Referral Record,"Preserve what AMW provided, why it appeared relevant, what was and was not verified, and where responsibility went next.",Referral/Return record,Current canonical Drive artifact,2026-08-24,Current
LRR-MD-001,Provider,Maryland Carey Law — Intellectual Property & Entrepreneurship Clinic (IPEC),Potential IP/trademark/copyright resource for emerging Maryland companies/small businesses.,Practice Fit Reviewed; good standing NOT YET VERIFIED for AMW Verified Resource tier,Current canonical Drive artifact,2026-08-24,Reverify before material referral
LRR-MD-002,Provider,"Civil Justice, Inc. / Maryland State Bar Association — Legal Clinic for Small Businesses",Potential small-business legal triage/consultation resource.,Practice Fit Reviewed; current eligibility/availability/attorney specialty must be verified,Current canonical Drive artifact,2026-08-24,Reverify before material referral
LRR-MD-003,Provider,"CHEN Law, LLC",Potential business + estate/succession crossover resource.,Practice Fit Reviewed; standing/fee/conversion/trust fit NOT YET VERIFIED,Current canonical Drive artifact,2026-08-24,Reverify before material referral
LRR-MD-004,Provider,"Stellar 5 Legal, LLC",Potential business/nonprofit/estate/charitable-planning resource.,Practice Fit Reviewed; standing/fee/conversion/capacity NOT YET VERIFIED,Current canonical Drive artifact,2026-08-24,Reverify before material referral
LRR-MD-005,Provider,Johnson Law LLC,Potential closely held/family-business succession + entity-structuring resource.,Practice Fit Reviewed; standing/fee/conversion/availability NOT YET VERIFIED,Current canonical Drive artifact,2026-08-24,Reverify before material referral
LRR-MD-006,Provider,AMD Law,Potential trust/succession/business-succession resource.,Located; attorney names/standing/fees/intake/entity-conversion fit NOT YET VERIFIED,Current canonical Drive artifact,2026-08-24,Reverify before material referral
RULE,Control,Self-Explaining Stewardship Standard,"AMW designs operational instruments so a reasonably prepared Steward can understand what the instrument is for, what information belongs there, what decision follows, and where the responsibility goes next without depending upon unwritten institutional memory.",System-design standard,Current canonical Drive artifact,2026-08-24,Controlled
RULE,Control,Legal Resource Referral Rule,"Locating a provider establishes a potential resource, not an AMW endorsement; applicable verification gates must be completed and the Partner decides whether to establish an attorney-client relationship.",Referral boundary,Current canonical Drive artifact,2026-08-24,Controlled
RULE,Control,Verified Resource Gate,Maryland attorney good-standing verification is required immediately before a private attorney enters the Verified Resource tier.,Verification gate,Current canonical Drive artifact,2026-08-24,Controlled
RULE,Control,Legal Referral Minimum-Information Rule,"Do not request confidential legal strategy, privileged communications, unnecessary identifying information, or sensitive documents merely to identify a potential legal resource.",Minimum necessary information,Current canonical Drive artifact,2026-08-24,Controlled
RULE,Control,No Attorney-Client Relationship Rule,AMW legal-resource research/intake/routing/referral does not itself create an attorney-client relationship.,Relationship boundary,Current canonical Drive artifact,2026-08-24,Controlled
