ML-ID,Name,Category,Status,Origin,Purpose,Connected Systems,Required Review,Change Authority,Related Principles,Placement,Version
ML-001,AMW Master Lock Register,Institutional Change Control / Highest-Level Architecture Index,LOCKED,"Prior AMW chat — August 11, 2026","Highest-level index of intentionally established AMW architecture; protects deliberate decisions against accidental drift while allowing documented review, amendment, renewal, or retirement.",Principle Registry; Statement Placement Register; Learning & Assurance Register; AMOS; Recovery Crosswalk; Supersession Control,"Review before altering, removing, renaming, repurposing, renewing, or retiring an intentionally established AMW element.",Exact role/person authority was not recovered; change must be deliberate and documented through the proper AMW authority/process.,Master Lock Rule; intentional change control; no silent drift,Highest-level architecture index/control; no separate physical placement recovered.,Original version identifier not recovered
ML-002,Legacy Awards Selection Architecture,Recognition / Selection Governance,CONTROLLED — FOUNDER-DIRECTED,Founder directive — 2026-09-04,"Establish one Legacy-wide award selection process, five-vote Selection Circle, Selection Safeguard, Universal Scoring Rule, award register and reusable scoring/decision record.",Legacy Awards Control; Legacy Awards Register; Award Scoring Template; Barclay Best Buddy; Preppiest Pony; AMOS; Statement/Attribution/Publicity controls; Brand/IP clearance,"Review before changing process sequence, Circle structure, scoring rule, threshold, safeguards, child-only Pebble control, dog+handler Dave control, Barclay's Best Buddy process, Barclay Choice Gate, PC-01 Participant Choice Rule, PREPPIEST PONY participant-choice meaning, or award-specific criteria.",Founder-directed change or later formally delegated Legacy governance authority; documented change only.,Master Lock Rule; dignity; neutral tie-break; non-punitive learning; minimum necessary information; participation ≠ publicity; animal agency/welfare; participant choice integrity,Legacy Awards Control / Awards Register / Barclay Best Buddy / Preppiest Pony / annual selection cycle,v1.2 — 2026-09-05
ML-003,Just Love Pond — Every Institution Entrance Standard,Campus / Institutional Physical Design,CONTROLLED — FOUNDER-DIRECTED,Founder directive — 2026-09-05,Require every current and future AMW Legacy institution to include a Just Love Pond near its principal/public entrance as a recurring Legacy arrival feature.,Campus & Interior Control; Legacy Institutions; Pond Global Controls; future institution design/readiness reviews,"Review before omitting, relocating away from the entrance, renaming, or replacing the Just Love Pond requirement in any current or future institution design.",Founder-directed change or later formally delegated Legacy governance authority; documented change only.,Master Lock Rule; accessibility; public safety; aquatic welfare; continuity of Legacy physical identity,Every current and future Legacy institution entrance / arrival zone,v1.0 — 2026-09-05
ML-004,Founder Prompt Fidelity / Pre-Response Cross-Reference,Founder Authority / Execution Fidelity,LOCKED — RECOVERED / CURRENT,Founder Prompt Fidelity directive 2026-09-05 + permanent manual cross-references recovered 2026-09-12,"Require every Founder prompt to be read and analyzed in full before response or action; cross-reference the latest updated-and-saved Legacy work against all applicable established, non-superseded controls, guidelines, safeguards, full-stops, Statement Placement requirements, locked boundaries, prior Founder directions, source/provenance records and current artifacts. Previously established controls inherit automatically unless expressly superseded; omission from a later artifact or visual is noncompliance, not supersession.",AMOS Trigger Register; Statement Placement Register; Problem Resolution/Source Recovery; Durable Artifact; Save/Update Directive; Visual Execution Gate; all manuals/SOPs; Legacy Institutions; Master Lock; current updated-and-saved Legacy artifacts,"Review before any material Legacy drafting, response, research, rendering, update, save, visual action, institutional change or execution. Verify inherited non-superseded controls before output; do not treat a later omission as a waiver or replacement.",Founder-directed change only unless later formally delegated; documented change required.,Master Lock Rule; Founder Prompt Fidelity; Control Inheritance; Statement Placement; Partner Research Continuity; No False Completeness; Evidence Requirement; Founder Save/Update Authority,Legacy-wide pre-response/pre-execution control; applies to every prompt and artifact,v1.1 — 2026-09-12 Founder correction: full-prompt reading + inherited-control enforcement
ML-005,"Legacy-Wide Humane Participation, Institutional Governance & Compliance Control",Governance / Participant Welfare / Institutional Compliance / Full-Stop,CONTROLLED — FOUNDER-DIRECTED,Founder directive — 2026-09-12; LW-GSC-01 Drive Doc 1abfrjxgXttD0IN4gFiC6bGhJ6Bz8avwE_X90PvLPvak,"Bind every institution, village, site, fleet, manual, SOP, Steward assignment and visual to humane-participation, anti-abuse, budget/receipt, staffing/schedule, licensing/continuous-compliance, sanitation/maintenance, service authorization, SDS/chemical, equipment, accessibility and child-area safeguards.",AMOS; G01; IR02; R03; IACT/CPRS/Interface; Financial Control; Payroll/HR staffing interfaces; Legacy Institutions; Institution Interior Cross-Ref; Campus & Interior Control; Visual Execution Gate; permanent manual packages,"Review before changing humane-participation rules, abuse response, monthly budget/receipt deadlines, Wednesday staffing/leave deadline, licensing/compliance inheritance, required evidence set, child-area boundary or visual/manual inheritance.",Founder-directed change or later formally delegated Legacy governance authority; law/professional duty and stricter participant-protection requirements cannot be waived by local practice.,No pain/stress/fear considered humane; abuse full-stop; Architecture Must Be Lived; person-before-problem; dignity; welfare; accountability; responsible closure,"Every current/future institution, village, site, fleet, manual/SOP and visual rendering",v1.0 — 2026-09-12
ML-006,No Blank Slate / Founder Control Inheritance Safeguard,Founder Authority / Execution Continuity / Control Inheritance,LOCKED — FOUNDER-DIRECTED / CURRENT,Founder directive — 2026-09-13,"No Legacy work begins from a blank slate when applicable controlled work already exists. Every new action must inherit all applicable current, non-superseded Founder controls before execution. Requires retrieval and cross-reference of applicable controlled work before creating, revising, rendering, researching, recommending, updating, saving, or executing Legacy work.","ML-001; ML-004; AMOS Trigger Register; Statement Placement; Recovery Crosswalk; Supersession Control; Workstream Reconciliation; all current controlled artifacts, manuals, SOPs, institutions, fleets and visuals","Before every new Legacy action, determine whether applicable controlled work already exists; retrieve and inherit it before execution. If a source cannot be found or verified, identify and recover the source gap rather than starting over, inventing, or silently omitting inherited controls.",Founder-directed change only unless later formally delegated; explicit documented supersession required.,No Blank Slate; Control Inheritance; Non-Supersession; Founder Prompt Fidelity; Partner Research Continuity; No False Completion; Evidence Requirement; Founder Save/Update Authority,Legacy-wide pre-execution safeguard; applies to every new action and derivative artifact where applicable controlled work exists,v1.0 — 2026-09-13
ML-007,Daily Mirror Review / Self-Governing Correction Control,Founder Authority / Learning Assurance / Execution Integrity,LOCKED — FOUNDER-DIRECTED / CURRENT,Founder directive — 2026-09-14,"At 1:00 AM Eastern every day, conduct an IR02 Mirror Review of the prior day’s AMW Legacy work: Founder prompts, responses, deliverables, controls, safeguards, save/update durability, funding and eligibility handling, demographic assumptions, and every instance where the Founder had to repeat, defend, or reconstruct an established requirement. Identify execution failures, control/safeguard violations, omissions, substitutions, unsupported assumptions and unresolved corrections; repair what can be repaired without further Founder input. Corrections are themselves a self-governing control and do not wait for a repeat prompt when the original request and governing control are already known. Every Mirror Review must be archived, each finding must have a correction/closure status, and unresolved corrective items remain open until verified complete or explicitly identified as requiring Founder direction.",ML-004; ML-006; ML-008; ML-009; ML-010; ML-011; ML-012; IR02 Institutional Review; AMOS Trigger Register; Problem Resolution / Source Recovery; Founder Save / Update Automatic Integration; Funding Pipeline; Recovery Crosswalk; Workstream Reconciliation; Mirror Review Archive; all current controlled artifacts and approved visuals,"Daily at 1:00 AM Eastern for the immediately prior day, additionally whenever a repeated execution/control failure shows that a prior correction did not hold, and immediately when the Founder requests a Mirror Review. Review is incomplete until correctable findings are either verified closed or placed in an explicit unresolved queue.","Founder-directed change only unless later formally delegated; no weakening of legal, professional, humane-participation, accessibility, evidence or funding hard-gate controls.","We are a mirror, not a courtroom; non-punitive accountability; Restore and Strengthen; Founder Prompt Fidelity; No Blank Slate; No False Completion; evidence-backed correction",Legacy-wide assistant/system execution and prior-day corrective review,"v1.1 — 2026-09-14 strengthened with mandatory archive, closure tracking and repeat-failure escalation"
ML-008,Known Correction Auto-Execution & Closure Gate,Execution Integrity / Corrective Action / Founder Time Protection,LOCKED — FOUNDER-DIRECTED / CURRENT,Founder accountability direction — 2026-09-14,"Once a failure, missing element, violated control, or required correction is known and the governing requirement is already established, the correction must be executed automatically without requiring the Founder to repeat the prompt. A correction is not closed by acknowledgment, apology, explanation, or intent; it closes only when the repaired deliverable/control record is verified or the unresolved item is explicitly identified as requiring Founder direction.",ML-004; ML-006; ML-007; IR02; AMOS; Problem Resolution / Source Recovery; Workstream Reconciliation; Mirror Review Archive,At every identified failure and after every Mirror Review; verify closure before proceeding to a dependent deliverable.,"Founder-directed change only unless later formally delegated; cannot weaken evidence, safety, funding, accessibility, or save/durability controls.",Accountability; Restore before repeat; Founder Time Protection; No False Completion; Corrective Closure,Legacy-wide execution / every known correction,v1.0 — 2026-09-14
ML-009,Visual Rendering Completeness & Preflight Full-Stop,Visual Execution / Artifact Quality / Control Inheritance,LOCKED — FOUNDER-DIRECTED / CURRENT,Mirror Review strengthening — 2026-09-14,"No Legacy visual may be presented as complete until a preflight verifies the Founder-requested visual form and every applicable inherited visual control. When the visual control requires exterior, interior, fleet exterior/interior, uniforms, Empty Chair, physical round Legacy Table, circular/curved furniture, Just Love Pond, Stewards’ Common Area, renewable-energy or other controlled elements, those elements must be visibly represented as required; captions or labels do not substitute for depiction.",ML-003; ML-004; ML-005; ML-006; ML-007; ML-008; Visual Execution & Founder Approval Gate; Campus & Interior Control; fleet/interior cross-references,"Before every image-generation request and before presenting any generated Legacy visual. If the preflight fails, do not present the artifact as compliant.",Founder controls govern; safety/code/accessibility requirements remain non-waivable.,Visual completeness; physical depiction ≠ caption; Founder Prompt Fidelity; inherited controls,All Legacy visual renderings and derivative visual artifacts,v1.0 — 2026-09-14
ML-010,Approved Artifact Preservation & Additive-View Control,Artifact Preservation / Non-Supersession / Visual Continuity,LOCKED — FOUNDER-DIRECTED / CURRENT,Mirror Review strengthening — 2026-09-14,"Once the Founder approves and saves a visual/artifact, a later request to see another angle, interior, fleet, uniform, detail, or supplemental view is additive unless the Founder expressly directs a redesign or replacement. Preserve the approved artifact unchanged; create separate supplemental visuals and do not silently recompose, merge, broaden, or supersede the approved work.",ML-004; ML-006; ML-008; ML-009; Founder Save/Update Automatic Durability; Supersession Control; Legacy Approved Visuals,Before modifying or generating from any Founder-approved/saved artifact.,Founder explicit change/supersession authority only.,Non-supersession; as-is save; additive view; scope isolation,Approved visuals/artifacts and all follow-on views,v1.0 — 2026-09-14
ML-011,Exact Scope Isolation / No Cross-Institution Contamination,Execution Fidelity / Institution Boundaries,LOCKED — FOUNDER-DIRECTED / CURRENT,Mirror Review strengthening — 2026-09-14,"Do not import fleet types, spaces, controls, amenities, wording, uniforms, institutions, layouts, or features from another Legacy institution unless the Founder explicitly directs the inheritance or an existing controlled cross-reference requires it. The current institution’s exact requested scope and inherited controls define the deliverable.",ML-004; ML-006; ML-008; ML-009; Institution Governance; Campus & Interior Control; Institution Interior Cross-Ref; Fleet Interior Cross-Ref,Before drafting/rendering any institution-specific deliverable and after any regeneration/correction.,Founder-directed change only; existing explicit inheritance cross-references remain controlling.,Scope fidelity; no contamination; no invention; control inheritance,"Every institution-specific response, visual, fleet, manual and derivative",v1.0 — 2026-09-14
ML-012,Repeated Failure Escalation & Output Hold,Learning Assurance / Repeated Failure Full-Stop,LOCKED — FOUNDER-DIRECTED / CURRENT,Mirror Review strengthening — 2026-09-14,"If the same control or deliverable failure recurs after it has already been identified and corrected, automatically escalate the issue to Level 4 — Strengthen. Hold further presentation of the same class of deliverable until the governing controls are re-read, the failure pattern is documented, a preflight/verification gate is applied, and the next output passes that gate.",ML-007; ML-008; ML-009; IR02; Learning & Assurance; AMOS; Mirror Review Archive,Triggered on the second occurrence of the same control-execution failure or any recurrence after a Mirror Review correction.,Founder-directed change only; no override that weakens safety/evidence/accessibility/hard-gate protections.,Strengthen; repeat-failure prevention; quality gate; Founder Time Protection,Legacy-wide repeated execution/control failures,v1.0 — 2026-09-14
ML-013,Fleet Specification Checksum & Purpose Lock,Fleet Execution / Count-Purpose Integrity / Scope Fidelity,LOCKED — FOUNDER-DIRECTED / CURRENT,Level 5 Mirror Review strengthening — 2026-09-14,"Before any fleet visual, fleet interior visual, fleet manual, fleet table, or vehicle design, lock exact vehicle categories, quantity per category, accessibility classification, assigned purpose, and exact total. No unlisted category, count, accessibility split, or purpose may be inferred.",ML-004; ML-006; ML-007; ML-008; ML-009; ML-011; ML-012; Fleet Interior Cross-Ref; Institution Governance; Visual Execution & Founder Approval Gate,Before every fleet-related deliverable and again before any image-generation tool call.,Founder-directed change only; current Founder-defined fleet and current controlled cross-references govern.,Exact counts; purpose lock; no unauthorized vehicle categories; no cross-institution fleet contamination; Founder Time Protection,"Every Legacy fleet visual, fleet manual, fleet table, fleet interior and vehicle derivative",v1.0 — 2026-09-14
ML-014,Pre-Tool Generation Fail-Stop / Context-Contamination Gate,Visual Execution / Tool-Call Integrity / Source Precedence,LOCKED — FOUNDER-DIRECTED / CURRENT,Level 5 Mirror Review strengthening — 2026-09-14,"Incorrect prior generated drafts, captions, derivative visuals, or assistant summaries are not source material. Before image generation, lock the Founder-approved source, allowed list, forbidden-additions list, requested visual form, preserve-exactly set, and count/purpose checksum where applicable. If unresolved, FAIL-STOP the tool call.",ML-004; ML-006; ML-008; ML-009; ML-010; ML-011; ML-012; ML-013; Visual Execution & Founder Approval Gate; Mirror Review Archive,Immediately before every image-generation/edit tool call and after any rejected or contaminated draft.,Founder prompt/current controlled source only; generated derivatives cannot override it.,Source precedence; pre-tool verification; reject contaminated drafts; no post-hoc Founder quality-control burden,All Legacy image-generation and image-edit actions,v1.0 — 2026-09-14
ML-015,Rendering-Type Lock,Visual Execution / Deliverable-Format Fidelity,LOCKED — FOUNDER-DIRECTED / CURRENT,Level 5 Mirror Review strengthening — 2026-09-14,"When the Founder asks for a Legacy visual rendering, default to the established photorealistic/cinematic architectural or design-rendering language. Do not substitute diagrams, schematics, generic infographics, concept boards, labeled presentation boards, or poster collages unless explicitly requested.",ML-004; ML-007; ML-008; ML-009; ML-014; Visual Execution & Founder Approval Gate; IP & Brand Assets,Before every Legacy visual rendering request and before presenting any visual derivative.,Founder controls deliverable format; explicit Founder request is required to use a different visualization type.,Prompt fidelity; format lock; visual-language continuity; no substitution,All Legacy visual renderings and supplemental visual derivatives,v1.0 — 2026-09-14
ML-016,Founder Intent-to-Execution Verification Gate,Legacy-Wide Execution / Prompt Fidelity / Cross-Domain Quality Control,LOCKED — FOUNDER-DIRECTED / CURRENT,System-wide Level 5 Mirror Review strengthening — 2026-09-14,"Before any substantive Legacy response, recommendation, rendering, research result, save/update claim, funding lead, eligibility judgment, document edit, or external action, verify the Founder’s exact requested outcome, current applicable controls/safeguards, domain-specific facts, prohibited substitutions, and completion evidence. Do not act from a shortened assistant summary when the Founder prompt or controlled record is available.",ML-004; ML-005; ML-006; ML-007; ML-008; ML-009; ML-010; ML-011; ML-012; ML-013; ML-014; ML-015; Funding Pipeline; Statement Placement; Recovery Crosswalk; Workstream Reconciliation; AMOS,Before every substantive Legacy deliverable/action and again before presentation or completion claim.,Founder-directed change only; stricter existing controls remain additive.,Exact prompt; control inheritance; source-of-truth precedence; no substitution; evidence before completion,"All Legacy workstreams, including visuals, funding, resources, research, files, governance, operations, and external actions",v1.0 — 2026-09-14
ML-017,Cross-Domain Eligibility / Demographic / Resource Qualification Full-Stop,Funding / Resource Matching / Eligibility / Demographic Fidelity,LOCKED — FOUNDER-DIRECTED / CURRENT,System-wide Level 5 Mirror Review strengthening — 2026-09-14,"Before recommending or advancing any grant, funding lead, program, training, service, legal/resource referral, partnership, vendor, or opportunity, verify current eligibility, organizational status, geography, demographic fit, fees/match, required memberships/training, reporting burden, restrictions, timing, capacity, and any Founder-established exclusions. If a hard gate is not verified, do not recommend or present it as qualified.",Funding Pipeline; Client Funding; Resource Architecture; Legal Resource Register; ML-004; ML-006; ML-007; ML-008; ML-016; Daily Briefing Funding Control,Before every opportunity/resource recommendation and before any application/submission preparation.,Founder funding/resource controls and current verified source requirements govern.,No ineligible leads; no demographic assumptions; no stale eligibility; no Founder time waste,"Funding, grants, programs, resources, referrals, partnerships, training, procurement and opportunity matching",v1.0 — 2026-09-14
ML-018,Pre-Presentation / Pre-Action Kill Switch,Execution Integrity / Error Containment / Founder Time Protection,LOCKED — FOUNDER-DIRECTED / CURRENT,System-wide Level 5 Mirror Review strengthening — 2026-09-14,"If a draft, generation, recommendation, file action, research conclusion, or completion claim is known or reasonably shown to conflict with the Founder prompt, current controls, verified facts, exact counts, eligibility, approved source, or requested deliverable format, stop/cancel/reject it before presenting or acting. A known-wrong output must not be allowed to reach the Founder merely because generation or drafting has already begun.",ML-007; ML-008; ML-009; ML-012; ML-014; ML-016; IR02; Visual Execution & Founder Approval Gate; Funding hard gates,Continuously during execution; mandatory immediately when contradiction or drift is detected.,"Founder-directed change only; cannot be waived by convenience, speed, or sunk work.",Stop known-wrong work before presentation; prevent recurrence; do not shift QA to Founder,"All Legacy responses, tool calls, generated artifacts, recommendations, edits, saves and external actions",v1.0 — 2026-09-14
ML-019,Failure-Class Quarantine & Verified Re-Entry,Learning Assurance / System-Wide Repeated Failure Control,LOCKED — FOUNDER-DIRECTED / CURRENT,System-wide Level 5 Mirror Review strengthening — 2026-09-14,"When a failure class recurs after strengthening—such as prompt substitution, visual drift, eligibility failure, false completion, scope contamination, or ignored inherited controls—quarantine that class of work from normal execution. Re-entry requires rereading the governing controls, identifying the exact prior failure mechanism, running the applicable preflight/checksum, and completing one verified compliant output before normal execution resumes.",ML-007; ML-008; ML-012; ML-016; ML-017; ML-018; IR02; Learning & Assurance; Mirror Review Archive,Triggered by recurrence after a documented correction/strengthening or by Founder identification of a persistent pattern.,Founder-directed change only; no self-release without verified re-entry criteria.,Systemic accountability; verified correction; no repetitive Founder labor; learning must change execution,Every Legacy failure class across all workstreams,v1.0 — 2026-09-14
ML-020,Automatic Error-Triggered Mirror Review / No Founder Re-Prompt Required,Legacy-Wide Execution / Self-Governing Correction / Founder Time Protection,LOCKED — FOUNDER-DIRECTED / CURRENT,Founder correction — 2026-09-15,"Any detected error, Founder-identified error, contradiction, omitted requirement, incorrect artifact, control breach, failed save/verification, wrong eligibility judgment, wrong source use, or known mismatch automatically triggers an immediate Mirror Review before explanation, retry, presentation, or further action. The Founder never has to request the Mirror Review. Error acknowledgment itself is the trigger.",ML-007; ML-016; ML-018; ML-019; IR02; Global Prompt Cross-Reference Control; Visual Execution & Founder Approval Gate; Drive Durability,"Immediately upon detection or Founder identification of any error, and before the next substantive response/action.",Founder-directed change only. This trigger cannot be deferred to the daily 1:00 AM review and cannot be satisfied by apology/explanation alone.,Automatic Mirror Review; automatic correction attempt; no Founder re-prompt; repeated-failure quarantine; exact blocked-step disclosure if correction cannot complete,"All Legacy workstreams, tools, artifacts, recommendations, saves, visuals, funding/resource work, governance, operations, and responses",v1.0 — 2026-09-15
ML-021,Fleet Rendering Exterior + Interior Visibility / Physical Depiction Gate,Fleet Visual Execution / Interior Inheritance / Founder Time Protection,LOCKED — FOUNDER-DIRECTED / CURRENT,Automatic Mirror Review strengthening — 2026-09-15,"Every Legacy fleet rendering must begin from the exact controlled fleet checksum and physically depict both the exterior and the interior of every vehicle family unless the Founder explicitly requests exterior-only. The interior must visibly inherit the vehicle family’s mission-specific controls and applicable fleet baseline. Accessibility/mixed/non-ADA distinctions must be visibly represented only where Founder-assigned. Captions, labels, legends, exterior wraps, or generic passenger interiors do not substitute for the required physical interior depiction.",ML-009; ML-012; ML-013; ML-014; ML-015; ML-016; ML-018; ML-019; ML-020; Fleet Interior Cross-Ref; Visual Execution & Founder Approval Gate,Before every fleet image-generation/edit tool call and again before presentation.,"Founder-directed change only. Does not authorize new vehicle classes, counts, mobility splits, purposes, interiors, or redesigns. Existing approved artifacts remain preserved unless explicitly changed.",Exact fleet checksum; exterior + interior visibility; physical control depiction; no caption substitution; no inferred accessibility; photorealistic/cinematic rendering fidelity,"Every Legacy fleet rendering, supplemental fleet view, institution rendering containing a fleet, and vehicle-family visual derivative",v1.0 — 2026-09-15
ML-022,22nd-Century School-Bus Conversion / Purpose-Preservation Gate,Fleet Visual Execution / School-Bus Modernization / No Mission Drift,LOCKED — FOUNDER-DIRECTED / CURRENT,Founder school-bus modernization direction — reconciled 2026-09-15,"Where a current Legacy fleet contains school buses, the existing school-bus class is visually transformed from an ordinary/traditional school-bus body into the controlled 22nd-century Legacy school-bus conversion. This modernization is additive only: preserve the exact institution-specific quantity, mission/purpose, interior equipment/function, serving-institution palette/branding, and any already Founder-assigned accessibility classification. Do not infer a new ADA/Mixed/Non-ADA split. Do not default back to a generic traditional yellow school bus where the current conversion control applies.",ML-004; ML-009; ML-013; ML-014; ML-016; ML-018; ML-020; ML-021; Fleet Interior Cross-Ref; AMW Legacy school-bus conversion visual direction,"Before every school-bus visual, institution visual containing school buses, fleet derivative, and vehicle-design action.","Founder-directed change only. Does not change a school bus into a different vehicle class and does not change its mission, count, interior use, or accessibility assignment.",22nd-century body; preserve mission/count/interior/accessibility; institution palette/branding; no traditional-yellow fallback; no inferred mobility,Every current/future Legacy fleet that contains school buses,v1.0 — 2026-09-15
ML-023,Complete-Prompt Reading / Recursive Cross-Reference & Multi-Pass Mirror Review Gate,Legacy-Wide Prompt Fidelity / Recursive Assurance / Founder Time Protection,LOCKED — EXACT FOUNDER-DIRECTED / CURRENT,"Founder directive — 2026-09-19; strengthened by Founder — 2026-09-21 and 2026-09-25","Every Founder prompt must be read completely; skimming for speed is prohibited. Python is the first execution gate: run the complete Founder prompt, prior cross-references and available history-pattern record through Python before substantive Legacy execution. Then run the same control set through the GitHub source-control repository. Cross-reference all applicable controls, prompts, safeguards, full-stops, prior Founder directions, produced work, exact artifacts, provenance, save/update state, chats/project history, Library, Drive, Legacy database and prior Mirror Reviews. Conduct the recursive Mirror Review cycle; make corrections; review all Legacy visual renderings/work at corpus/status level plus actual finished-artifact review for implicated/current deliverables; re-cross-reference; conduct the final Mirror Review; run the final review and produced work through Python and GitHub. If either gate identifies a needed change, correct it and repeat until both pass. Corrections precede explanation. No new visual may be created unless the current Founder prompt explicitly requests creation/rendering/generation.","ML-004; ML-006; ML-007; ML-008; ML-009–ML-022; IR02; AMOS; Statement Placement; Recovery Crosswalk; Workstream Reconciliation; Mirror Review Archive; Library/Project/Drive provenance; GitHub FOUNDER_CURRENT_CONTROL.txt; validation_spec.json","Before every substantive Legacy response/action and immediately on any error or Founder correction. Python first; GitHub second; actual finished artifacts must pass before presentation; repeat after any correction until both gates pass.","Founder-directed change only. No shortening, skimming, convenience waiver, silent substitution, unauthorized visual generation, assistant-created chat-reset requirement, or self-release from quarantine.","Complete prompt; Python first; GitHub cross-reference; recursive Mirror Review; prior-review comparison; correct-before-explain; source retrieval before recreation; requested-format fidelity; no unauthorized rendering; actual-artifact verification; repeat-until-pass; no Founder repeat labor","All Legacy workstreams, prompts, responses, tools, visuals, files, saves, funding/resources, governance, operations and derivatives",v1.0 — 2026-09-19
ML-024,Legacy Stabilization / Single-Source-of-Truth & Development-Freeze Control,Legacy-Wide Continuity / Preservation / Recovery / Founder Time Protection,LOCKED — FOUNDER-DIRECTED / CURRENT,Founder directive — 2026-09-20,"THE AMW LEGACY enters stabilization mode. New institution concepts, redesigns, re-renderings and supersession of approved/current-controlled artifacts are blocked unless the Founder expressly directs otherwise. Permitted work includes recovery, reconciliation, exact-source retrieval, authority tagging, lineage mapping, durability repair, stale-status correction, and urgent operational work explicitly directed by the Founder. All prior work is preserved; no historical master, visual, prompt, rejected version, draft, source evidence or superseded artifact is erased merely because it is not current. The current master is the single operational source of truth; historical masters remain provenance. Save/Update directives persist until valid Founder supersession. Recovery gaps must remain gaps and may never be converted into 'did not exist' without exhausting the recovery path.",ML-004; ML-006; ML-007; ML-008; ML-010; ML-019; ML-020; ML-023; IR02; Recovery Crosswalk; Workstream Reconciliation; Visual Corpus Audit; Approved Visual Authority; Library/Drive/Project history,Effective immediately during stabilization and before any new Legacy design/development action.,Founder-directed release only. Urgent business operations explicitly directed by Founder are not frozen.,Preserve all work; one current master; no blank slate; recovery before recreation; exact authority states; no silent supersession; no Founder repeat labor,"All Legacy work products, institutions, visuals, controls, prompts, saves, archives, databases and future derivatives",v1.0 — 2026-09-20
ML-025,Funding Continuity / Never-Freeze Control,Funding / Registration / Launch Continuity,LOCKED — FOUNDER-DIRECTED / CURRENT,Founder directive — 2026-09-21,"Funding is an immediate urgent need and must never be paused by Legacy stabilization, visual quarantine, institution-design recovery, Mirror Review, or other non-funding work. Funding discovery, eligibility screening, registration-readiness, application preparation, deadline/status monitoring and qualified pipeline maintenance remain continuously active. Existing Funding Search & Application Pull Control, Grant Readiness Gate, eligibility safeguards, no-loan-as-grant rule, reporting/restriction review and registration prerequisites remain controlling.",Funding Pipeline; Client Funding; Executive Action; ML-004/006/007/008/023/024; Funding Search & Application Pull Control; Grant Readiness Gate,Continuous; before every funding recommendation/application action and throughout stabilization.,Founder-directed change only. Stabilization cannot suspend funding.,Urgent; continuous; eligibility first; no fixed opportunity count; no forced fit; registration/readiness tracked; no loan misclassification,"AMW / THE AMW LEGACY funding, grants, sponsorships, eligible resources and registration-readiness",v1.0 — 2026-09-21
