ID,Fleet Control Area,Current Controlled Requirement,Implementation / Safety Gate,Status,Authority / Source
ODF-001,Fleet Composition,Exactly 6 vehicles: 2 flatbed tow trucks + 4 Mega Bus mobile shops.,No additional or substituted vehicle type/count may be inferred.,OPERATIONAL FLEET CONTROL — ACTIVE,Founder — 2026-09-06
ODF-002,Flatbed Tow Trucks,Exactly 2 flatbed tow trucks for Garage vehicle-recovery/transport support.,"Tow rating, flatbed/winch/tie-down engineering, payload/GVWR/axles, operator qualification, roadside safety, licensing and insurance required.",OPERATIONAL FLEET CONTROL — ACTIVE,Founder — 2026-09-06
ODF-003,Mobile-Shop Count,Exactly 4 mobile automotive shops.,All four are Mega Bus conversions.,OPERATIONAL FLEET CONTROL — ACTIVE,Founder — 2026-09-06
ODF-004,Mobile-Shop Platform,"The mobile shops use Mega Buses, not vans or standard coaches.","Vehicle conversion must preserve legal roadworthiness, structure, weight distribution, emergency egress and safe work clearances.",OPERATIONAL FLEET CONTROL — ACTIVE,Founder — 2026-09-06
ODF-005,Customer Waiting / Rest Zone,Each Mega Bus mobile shop includes a dedicated area where customers can wait and rest while their vehicle is being worked on.,"Customer area must remain comfortable, climate-controlled and separated from active shop hazards; furniture/equipment secured for travel.",OPERATIONAL FLEET CONTROL — ACTIVE,Founder — 2026-09-06
ODF-006,Active Work Zone,Each Mega Bus mobile shop contains an active automotive work/service zone separate from customer space.,"Tool/equipment mounting, jacks/lifts if used, electrical power, lighting, ventilation/exhaust, fluids/waste and fire controls require engineering.",OPERATIONAL FLEET CONTROL — ACTIVE,Founder — 2026-09-06
ODF-007,Customer / Shop Separation,Customer and active work zones remain physically and operationally separated.,"Protect from moving equipment, tools, exhaust, fumes, fluids, excessive noise and other repair hazards; preserve emergency egress and circulation.",OPERATIONAL FLEET CONTROL — ACTIVE,Founder — 2026-09-06
ODF-008,Palette / Identity,Midnight / Deep Navy Blue and Slate Gray dominate; Antique Gold is the principal brand accent.,Safety/visibility markings override decorative styling.,OPERATIONAL FLEET CONTROL — ACTIVE,O'DAY'S institution palette
ODF-009,AMW Fleet Inheritance,Inherits AMW LEGACY FLEET INTERIOR STANDARD — CURRENT CONTROLLED in full for all compatible cab/customer/support areas. Mega Bus customer/support zones retain the complete passenger-support baseline; active automotive work zones follow stricter shop safety/contamination controls.,Omission from an older O'DAY list/rendering is not a waiver. Flatbeds retain purpose-built configuration; only compatible cab/support features apply. Mega Bus emergency supplies: 100 people / 7 days.,OPERATIONAL FLEET CONTROL — ACTIVE,AMW Fleet Interior Standard — 2026-09-08 • Doc 1RwzCJJLIuPL0g0IHGvxnzwisX0nzOkc5ewEwEC4wUns
ODF-010,Visual Authority,CURRENT CONTROLLED VISUAL — O'DAY'S LEGACY GARAGE FLEET — 2026-09-06.png.,Drive file ID 128cnIvWtwDEVrX9EAAEK6QjRLiW4VCT3; written standard controls exact counts/safety/readiness where image text differs.,CURRENT CONTROLLED VISUAL,https://drive.google.com/file/d/128cnIvWtwDEVrX9EAAEK6QjRLiW4VCT3/view
ODF-011,Image-Text Boundary,"Image-generated slogans, roadside-service promises, service claims and individual shop-specialization labels do not independently create controlled AMW service assignments.",Only Founder-written or separately Founder-approved service scope becomes controlling.,CURRENT CONTROLLED SAFEGUARD,Founder fidelity rule — 2026-09-06
ODF-012,Readiness Boundary,DESIGNED does not mean operational readiness.,Vehicle/structural/MEP engineering; payload/GVWR/axles; towing systems; tool/equipment securement; exhaust/ventilation; fluids/waste; fire/life safety; accessibility; licensing/registration; insurance; maintenance; staffing/training and regulatory approvals remain required.,OPERATIONAL CONTROL ACTIVE — PHYSICAL DEPLOYMENT REMAINS READINESS-GATED,Founder + AMW readiness rule
