THE AMW LEGACY — OPERATIONALIZATION REGISTER,,,,,,,
"OPERATIONAL = the Legacy operating control/manual/program standard is active now. Where law, licensing, credentialing, commissioning, insurance, site, vehicle or clinical authorization is required, that external activation gate remains a stop-gate and is not waived.",,,,,,,
,,,,,,,
ID,ITEM,FOUNDER-DIRECTED OPERATIONAL STATUS,CONTROLLING SCOPE,ACTIVE SAFEGUARDS / STOP-GATES,VISUAL / SOURCE AUTHORITY,NEXT OPERATING RETURN,EFFECTIVE
OP-001,Pond Global Standard,OPERATIONAL GLOBAL STANDARD — ACTIVE,JLC-001–JLC-021 + JLP-001 apply to all current/future applicable ponds and institution entrance ponds.,Local law/permits; ecology/biosecurity; public safety/accessibility; hydrology; life-support; stocking based on verified usable volume; no visual-based biology.,Pond Global Controls; Founder directions 2026-09-03 and 2026-09-05.,Use automatically in every applicable site/pond decision; site implementation remains evidence-gated.,2026-09-21
OP-002,I AM A MASTERPIECE Cosmetology Gallery,OPERATIONAL LEGACY CONTROL — ACTIVE,"Full current institution design, service-station counts, Common Area, ventilation, kitchen/children/bay-window/water features, uniforms/linens and inherited global controls are active operating requirements.",Cosmetology licensing/credentials; sanitation; plumbing/electrical/fire; ventilation/source capture; SDS/chemicals; accessibility; safeguarding; insurance; occupancy/equipment commissioning.,CURRENT CONTROLLED VISUAL — I AM A MASTERPIECE COSMETOLOGY GALLERY — 2026-09-03.png.,Operational control is active; regulated/public service activation only after required external gates hold.,2026-09-21
OP-003,Don't Run From Betterment HIV/AIDS Center,OPERATIONAL LEGACY CONTROL — ACTIVE,"Current non-stigmatizing support-center design, 10 Wellness Pods, education/family support, privacy/dignity, uniform and infrastructure controls are active.",Clinical vs nonclinical scope; qualified/licensed providers; privacy/security; safeguarding; infection control; testing/treatment/telehealth authorizations; insurance; occupancy/equipment commissioning.,CURRENT CONTROLLED VISUAL — DON'T RUN FROM BETTERMENT HIV-AIDS CENTER — 2026-09-03.png.,Nonclinical support/navigation controls may be implemented within lawful scope; regulated clinical services remain gated.,2026-09-21
OP-004,Imagine Aquarium Magic,OPERATIONAL LEGACY CONTROL — ACTIVE,"Interactive aquarium institution, freshwater/saltwater separation, hands-on welfare controls, ADA viewing, life-support design, staff Common Area, uniforms and 9-vehicle fleet are active operating requirements.",Aquatic/veterinary welfare; species/legal gate; engineered life support; quarantine/biosecurity; structural/loading; accessibility; staffing; permits; vehicle engineering/registration/insurance.,CURRENT CONTROLLED VISUAL — IMAGINE AQUARIUM MAGIC — 2026-09-05.png controls building/fleet exterior direction; current uniform visual 2026-09-05 controls uniforms. No completed/approved Aquarium Bus Interior rendering has been recovered.,Aquarium operational control remains ACTIVE. Interior visual remains OPEN. The 2026-09-21 labeled presentation board is REJECTED/NON-CONTROLLING and cannot satisfy the Founder-requested bus-interior rendering.,2026-09-21
OP-005,O'DAY'S LEGACY GARAGE Fleet,OPERATIONAL FLEET CONTROL — ACTIVE,Exactly 2 flatbed tow trucks + 4 Mega Bus mobile automotive shops; each mobile shop preserves separate customer waiting/rest and active work zones plus AMW fleet inheritance.,Tow/conversion engineering; payload/GVWR/axles; securement; ventilation/exhaust; fluids/waste; fire/life safety; accessibility; registration/licensing; insurance; staffing/training.,CURRENT CONTROLLED VISUAL — O'DAY'S LEGACY GARAGE FLEET — 2026-09-06.png; Drive ID 128cnIvWtwDEVrX9EAAEK6QjRLiW4VCT3.,Fleet operating controls active; physical deployment remains stop-gated until vehicle-specific evidence holds.,2026-09-21
OP-006,Permanent Draft Operation Manual Packages,PERMANENT DRAFT / OPERATIONAL CONTROL SET — ACTIVE,Existing-13 reconciliation addendum + 22 institution/site manuals + 13 fleet/mobile manual packages are active working operating controls where applicable.,Current institution/fleet controls supersede conflicting draft language; unrecovered fields stay gaps; licensing/credentials/engineering/site readiness remain stop-gates.,Drive IDs 1EJB8XJvLYaBp4LF-Y7DLI-zF2Qaa65YH; 1ZfxdeKyUKyVcgSWddR6kOXW752I3S-UO; 1BdQC9LVmtPEOpJa4RrLW0OduFtPEhTRl.,Use as active operating/manual baseline; continue exact-source reconciliation without suspending applicable controls.,2026-09-21
OP-007,Pouring It Back In,OPERATIONAL LEGACY CONTROL — ACTIVE,"Year-round Cafe & Market, bistro/education/children areas, Steward Common Area, round furniture/Empty Chair/Legacy Table, uniforms and 7-vehicle fleet are active operating requirements.",Food/retail licensing; sanitation; procurement; pricing/access; child safeguarding; accessibility; delivery/cold-chain; transport; fire/life safety; insurance; site/weather conversion; capital.,CURRENT CONTROLLED VISUAL — POURING IT BACK IN CAFE & MARKET — 2026-09-11.png; Drive ID 1n3R_br1mxvu8rdKIE0lVBEJFrZMTRpoe.,Operating controls active; public food/retail activation remains gated by required approvals.,2026-09-21
OP-008,Barclay's 24 Hour Oopsie Hospital,OPERATIONAL LEGACY CONTROL — ACTIVE,"Recovered 24-hour veterinary hospital design, clinical/kennel/rehab/support program, Legacy interior controls, sustainability and Animal Ambulance + Mobile Surgery Unit fleet are active operating requirements.",Veterinary licensing/credentials; 24-hour staffing; triage; infection control/isolation; welfare; pharmacy; diagnostics; surgery/anesthesia; inpatient/recovery; records; emergency power/oxygen; insurance; vehicle deployment.,Barclay’s Veterinary Hospital Design Board.png; exact recovered source; dedicated standard Drive Doc 1O-1jlJcYwiEOayfRGEZWU3c1jJQPIn33lvHCRP9j-dI.,Operational controls active; veterinary/public clinical activation remains gated by legal/clinical commissioning.,2026-09-21
OP-009,Make The Changes Recovery Village,OPERATIONAL LEGACY CONTROL — ACTIVE,"Correct current institution name. Current detox/clinical, housing/RA, palette/Common Area and controlled fleet requirements are active.",Clinical/detox/imaging/lab/medication/dual-diagnosis licensing; housing/habitability; privacy/consent; monitoring; emergency/security; accessibility; ambulance/transport; staffing; insurance; site/capital.,CURRENT APPROVED VISUAL retains historical filename 'MAKING THE CHANGES RECOVERY VILLAGE — 2026-09-11.png' as provenance; Drive ID 1N8dqSiumsX0ne6vVvMEGg6H-2OC1ifVD.,Use Make The Changes Recovery Village in current records and future controlled work; historical filenames remain provenance.,2026-09-21
OP-010,Funding Continuity,URGENT / CONTINUOUS / NEVER FROZEN,"Funding search, qualification, registration-readiness, application preparation and deadline/status monitoring continue during stabilization.",Full Funding Search & Application Pull Control; eligibility before pursuit; no forced opportunity count; no loans represented as grants; reporting/restriction/registration gates preserved.,Funding Pipeline + Client Funding + Executive Action + current Founder funding controls.,Funding remains an immediate active workstream regardless of visual/design stabilization.,2026-09-21
