Workstream / Instrument,Recovered Work,Status,Source / Evidence,Current Master Comparison,Action Taken,Superseded?,Remaining Source Gap,Verified,
G01 Governance Record Package,G01-F01 through G01-F08 locked as one integrated package; Council Decision Record is the spine; Governance Chain preserved.,LOCKED — RECOVERED,"Prior chat, Aug. 12, 2026",G01 identifiers/package were absent from current master.,Restored to AMOS control and this recovery register.,NO,Original field-level names/text for each G01-F01–F08 are not invented where not source-recovered.,2026-09-03,
G01 → Institutional Architecture,"G01-IA01 through G01-IA10 locked; Governance exists within the architecture, not above it; Governance Return Principle formally connected to Architecture.",LOCKED — RECOVERED,"Prior chat, Aug. 12, 2026",G01-IA identifiers were absent; later governance-return statements survived.,Restored architecture identity and governing statement.,NO,Exact field-level content of all ten G01-IA instruments remains source-dependent.,2026-09-03,
G01 Resource / Governance Statement,A resource can be found. Its story can be followed. Its authority can be understood. Its consequences can be examined. Its learning can be captured. And its value can be passed forward.,LOCKED — EXACT TEXT,"Prior chat, Aug. 12, 2026",Absent from Statement Placement.,Added to Statement Placement.,NO,None for this statement.,2026-09-03,
AMW Client Care / Response Standard,Proposed standard: Priority 8 business hours; Standard 48 business hours; Extended 72 business hours; internal draft/review/refinement/finalization/submission milestones.,APPROVED DEVELOPMENT — NOT CURRENT CLIENT GUARANTEE,Aug. 6 service-development conversation,Not carried in current master; no later evidence proves formal supersession or current contractual adoption.,Preserved here as developing service-care architecture; not promoted to contract promise.,NO,Exact final adoption status should control before client-facing use.,2026-09-03,
Master Pricing Matrix / Profitability / Client Health,Master Pricing Matrix updates; client outcomes/timelines; profitability tracking; client health metrics; refined templates; packaged client pathways.,APPROVED DEVELOPMENT,Aug. 6 service-development conversation,"Current pricing/package workbook supersedes price figures, but these operating-control concepts were not fully carried forward.",Restored as developing internal operating work; current launch prices remain controlling.,PARTIAL — PRICE VALUES ONLY,Original field-level matrix/metrics design not fully recovered.,2026-09-03,
Service Lifecycle — early operating version,Discovery/research → Draft → Review → Refinement → Finalization → Submission → Template/reusable asset.,DEVELOPING / HISTORICAL COMPANION,Aug. 6 conversation,Later controlled project lifecycle exists and is more complete.,Preserved as historical/development companion; later 10-stage lifecycle governs current client workflow.,YES — AS CURRENT LIFECYCLE,No action beyond provenance preservation.,2026-09-03,
Legacy Ecosystem,"The Legacy Institution containing Legacy Table, Legacy House, Legacy Networks and Global Mission.",DEVELOPING LONG-TERM ARCHITECTURE — RECOVERED,Aug. 6 chat + Full Record Reconciliation,Current Business Plan mentions pieces but not the full ecosystem map.,Restored as developing long-term architecture.,NO,No activation without readiness/capacity gates.,2026-09-03,
Legacy Networks,Family Support Network; Health & Wellness Network; Housing & Transition Network; Youth STEAM Network; Arts & Culture Network; Community Leadership Network.,DEVELOPING LONG-TERM ARCHITECTURE — RECOVERED,Aug. 6 chat + Full Record Reconciliation,Underrepresented in current master.,Restored as named long-term network architecture.,NO,Program design/activation remains future and gated.,2026-09-03,
AMW Institutional Blueprint,Legacy Charter; Legacy Manual; Institutional Constitution; Organizational Blueprint; Service Library; Steward's Guide; Legacy Academy Curriculum; Five-Year Operational Plan; Thirty-Year Legacy Plan; Century Vision.,DEVELOPING / PROVENANCE — RECOVERED,Aug. 6 chat + Full Record Reconciliation,Not preserved as a complete development artifact in current master.,Restored as a development architecture; explicitly barred from creating a parallel AMOS system.,NO,Must reconcile each component with later AMOS/current controlled architecture before materialization.,2026-09-03,
Research & Innovation — early scope,Youth STEAM Labs; Community Data; Research Reports; AI & Technology; Innovation Grants; Digital Equity.,DEVELOPING CAPABILITY — RECOVERED,Aug. 6 service-architecture conversation,Research & Innovation exists currently but several early scope labels were absent.,"Restored as development scope, not guaranteed active service.",NO,Current service/SOW must govern what is actually offered.,2026-09-03,
Policy — Friday Half-Day,"Every Friday is a half day, tied to self-care/work-home balance and burnout prevention.",CURRENT CONTROLLED POLICY — FOUNDER-DIRECTED,Aug. 7 AMOS philosophy conversation + Founder correction 2026-09-11,Earlier master classification as a developing culture practice is superseded as to status; the original history remains provenance.,Converted to current policy; added to AMOS Trigger Register and bound to institution/site/village/fleet SOP operationalization without creating a parallel policy.,YES — developing-only classification superseded; provenance preserved.,Each institution/site/village/fleet draft must document lawful/safe coverage for continuous responsibilities while preserving the Friday half-day policy.,2026-09-11,
Policy — Village Building & Appreciation Day,"At the beginning of each month, vote for an end-of-month Village Building and Appreciation Day to give back to Stewards and Community Partners.",CURRENT CONTROLLED POLICY — FOUNDER-DIRECTED,Aug. 7 AMOS philosophy conversation + Founder correction 2026-09-11,Earlier master classification as a developing culture practice is superseded as to status; the original history remains provenance.,Converted to current policy; added to AMOS Trigger Register and bound to institution/site/village/fleet SOP operationalization without creating a parallel policy.,YES — developing-only classification superseded; provenance preserved.,"Each institution/site/village/fleet draft must document monthly vote, coverage/readiness and Return controls while preserving the policy.",2026-09-11,
Values grouping,"Presence, Compassion, Stewardship, Humility, Hope, Integrity, Community, Courage and Legacy belong hand in hand.",CONTROLLED PHILOSOPHY / SOURCE RECOVERY,Aug. 7 conversation,Some values appear elsewhere but grouping was under-preserved.,Restored as source philosophy for future Charter/AMOS reconciliation.,NO,Exact final placement within current Charter/values architecture may require source crosswalk.,2026-09-03,
Workforce / Steward / Board packages,Steward application and screening; onboarding/separation; role packets; CEO/COO/CFO/CMO/CTO and Board packets from Entry level to Director; contracts; payroll procedures.,DEVELOPING / ARTIFACT RECOVERY REQUIRED,Aug. 27–30 work + Master Index,Current master tracks responsibility but full source packages are not all materialized.,Preserved as active development/recovery obligation; no substitute fields invented.,NO,Full original package contents must be recovered/materialized where source exists.,2026-09-03,
BPR01 Seal Specification Package,BPR01-001–BPR01-006 provenance/reference evidence; Public + IAMW Legacy Controlled Seal Specifications; FIXED / ADAPTABLE / NOT-PART-OF-SEAL inventory.,CONTROLLED + DEVELOPING / ARTIFACT RECOVERY,Aug. 21+ chat + Full Record Reconciliation,Current IP register carries requirements but standalone specification package remains incomplete.,Preserved as explicit artifact-recovery obligation.,NO,Exact standalone BPR01 package still requires materialization/verification.,2026-09-03,
Individual Biography Instruments,Founding Team Bio; Alicia Applicant/Co-Founder Bio; Indya Massey Co-Founder Bio.,PARTIAL ORIGINAL RECOVERY,Master Index + Full Record Reconciliation,Founding Team structure survives; exact individual bio originals are not fully recovered.,Preserved as distinct instruments; no invented replacement bios.,NO,Exact Alicia and Indya individual source text remains to be recovered.,2026-09-03,
Website / Brand Development History,July 29 CONNECT/SUPPORT/EMPOWER hero/tier work; Aug. 4 letterhead + Google Sites continuation.,HISTORICAL DEVELOPMENT / PROVENANCE,Chat export + Full Record Reconciliation,Current master says website developing but compresses chronology.,Preserved as development history only; obsolete LLC/EIN/name status remains excluded from current public use.,PARTIAL — LEGAL/STATUS ELEMENTS,"Historical visual/source assets remain provenance, not current public identity.",2026-09-03,
Funding Clock / reminder architecture,Funding Clock reminders tied to the institutional Funding Pipeline and readiness gate.,DEVELOPING FUNDING OPERATIONS,Aug. 15 funding-architecture conversation,Pipeline survives; Funding Clock itself is not surfaced in current master.,Restored as developing funding-operations concept; not represented as an active automation unless separately scheduled.,NO,Exact cadence/instrument fields require original-source recovery.,2026-09-03,
Compliance Restoration Funding Trigger,Locked trigger to identify funding/resource support for nonprofit compliance restoration separately from AMW's own legal/business infrastructure funding.,LOCKED — RECOVERED ARCHITECTURE,"Prior chat, Aug. 20, 2026",Absent from current master.,Restored as locked compliance/funding architecture without inventing unavailable field text.,NO,Exact full trigger/safeguard wording and fields require source recovery.,2026-09-03,
501C-CR01,Locked compliance-restoration checklist; cure-cost responsibilities are separated from recurrence-prevention capacity.,LOCKED — IDENTIFIER RECOVERED,"Prior chat, Aug. 20, 2026",Identifier/checklist absent from current master.,Restored as established AMOS/compliance instrument.,NO,Exact checklist fields and four clock labels require original-source recovery.,2026-09-03,
Compliance Restoration Snapshot,Locked one-page Compliance Restoration Snapshot.,LOCKED — IDENTIFIER RECOVERED,"Prior chat, Aug. 20, 2026",Absent from current master.,Restored as established compliance instrument.,NO,Exact one-page field layout/text requires original-source recovery.,2026-09-03,
Compliance Restoration — four clocks,Four compliance clocks were established as part of compliance restoration architecture.,LOCKED — ARCHITECTURE RECOVERED,"Prior chat, Aug. 20, 2026",Absent from current master.,Restored as architecture-only recovery; clock names are not invented.,NO,Exact clock names/definitions require original-source recovery.,2026-09-03,
Compliance cure vs capacity rule,Cure costs and recurrence-prevention capacity are separate responsibilities and should not be collapsed into one funding need.,LOCKED — GOVERNING RULE RECOVERED,"Prior chat, Aug. 20, 2026",Absent from current master.,Restored as governing compliance/funding distinction.,NO,Exact original sentence beyond the recovered rule concept is unavailable.,2026-09-03,
Future Legacy Creator Lab,Named Legacy institutional environment.,DEVELOPING INSTITUTIONAL ENVIRONMENT — RECOVERED,"Prior architecture, Aug. 9, 2026",Absent from current master.,Restored as developing named-space architecture.,NO,Purpose/program details should be recovered before build/materialization.,2026-09-03,
"The Legacy Resource Library — A Living Library of Knowledge, Resources and Stewardship","Official name approved Aug. 9. Architecture includes Knowledge collection, Seed & Botanical collection, Material Bank, Tool collection/library, Living Knowledge, and Legacy Archive; Resource Steward role; Living Resource Ledger / Resource DNA; Investment Acceptance Process; Legacy Assurance Checklist; Custodian of Possibility; repurposing/retirement pathway; SOP-R01 and SOP-R02 connections.",APPROVED / ESTABLISHED RESOURCE ARCHITECTURE — RECOVERED,"Prior AMW chat Aug. 9–10, 2026",Current master preserved the Ledger statement and generic Resource Stewardship but not the official Library name or complete operating architecture.,Restored official name and core architecture; detailed controls are also placed in the Resource Architecture sheet.,NO,Exact field-by-field originals of all early resource forms are preserved as source-recovery items where not otherwise available.,2026-09-03,
Knowledge Tree,Named Legacy institutional environment / learning feature.,DEVELOPING INSTITUTIONAL ENVIRONMENT — RECOVERED,"Prior architecture, Aug. 9, 2026",Absent from current master.,Restored as developing named-space architecture.,NO,Exact operating/display design requires source recovery.,2026-09-03,
Resource Commons,Named Legacy institutional environment.,DEVELOPING INSTITUTIONAL ENVIRONMENT — RECOVERED,"Prior architecture, Aug. 9, 2026",Absent from current master.,Restored as developing named-space architecture.,NO,Exact resource-system relationship requires source recovery.,2026-09-03,
Imagine Aquarium Magic — Confirmed Interactive Aquarium Institution,"Founder-confirmed entire-building interactive aquarium. First floor is the hands-on floor using only animals/species approved as human-handling friendly under welfare protocols. One side of the building is freshwater-only; the opposite side is saltwater-only. Fish tanks may be integrated into walls and stair environments, while equivalent aquarium viewing remains available from ADA-accessible routes. Each floor hallway includes a dedicated system for appropriately selected euryhaline/brackish-capable fish that can live across freshwater/saltwater salinity ranges only when professionally verified. Palette: Deep Navy Blue / Midnight, Emerald Green and Slate Gray. Staff Common Area follows the O'DAY'S LEGACY GARAGE Common Area model. Fleet: 3 converted school buses, 3 Mega Buses and 3 coach buses; one Mega Bus and one coach bus are dedicated educational mobiles. Confirmed uniform system uses Deep Navy/Midnight and Emerald Green as principal colors, Slate Gray/Antique Gold/Warm Ivory as secondary accents, with practical polos/performance tees/work shirts, work/scrub-style pants, outerwear and headwear; role-specific protective/clinical/culinary attire remains duty-gated.",CURRENT CONTROLLED DESIGN + UNIFORM SYSTEM — FOUNDER-CONFIRMED / NOT OPERATIONAL,"Founder direction + September 5, 2026 confirmed building/fleet visual + September 5, 2026 confirmed uniform visual + prior Imagine Aquariums / Aquatic Learning Adventure Space provenance","Prior Legacy records preserved the aquatic-learning institution name but did not contain this complete building program, freshwater/saltwater zoning, hands-on first floor, euryhaline hallway-tank concept, staff Common Area, dedicated nine-vehicle fleet or uniform system.",Promoted Imagine Aquarium Magic as the current institution name/design and integrated its confirmed uniform family while preserving prior aquatic-learning labels as provenance and keeping operational/animal-welfare/legal/occupational gates separate.,YES — Imagine Aquariums superseded as current name only; earlier source labels retained,"Full implementation requires aquatic-veterinary/aquarist species approval, exhibit/life-support engineering, structural/wet-area/fire/electrical/accessibility design, quarantine/biosecurity, water chemistry, permits, staffing, emergency power, uniform occupational/PPE validation, fleet conversion/road compliance, insurance and capital readiness.",2026-09-05,
Wall That Never Finishes,Named Legacy institutional environment / evolving learning-display concept.,DEVELOPING INSTITUTIONAL ENVIRONMENT — RECOVERED,"Prior architecture, Aug. 9, 2026",Absent from current master.,Restored as developing named-space architecture.,NO,Exact display rules/content require source recovery.,2026-09-03,
Sophia's Soul Legacy Sustainability Agriculture Haven,"Innovation, STEAM & Future Development architecture with a Founder-approved operating framework: Prepare → Observe → Adjust → Intend → Continue; Land-to-Table-to-Legacy Cycle; Empty Chair Standard; safety; children participate rather than being treated only as observers; “Failure is information.” Source-linked concepts include Legacy is Life Initiative, Aquatic Learning Adventure Space, Legacy 4H Sanctuary and Woodworking Legacy Creators.",DEVELOPING LONG-TERM ARCHITECTURE — SOURCE FRAMEWORK RECOVERED,"Prior AMW chat Aug. 8, 2026 + current Food/Agriculture campus work","The Agriculture Haven name survived, but its original operating framework and linked initiatives were missing.",Restored framework/cycle and source-linked initiative names; current September campus/food system remains the present physical-development layer.,NO,"Land, program, safety, animal/food, child-participation and regulated-service implementation remain future/readiness-gated.",2026-09-03,
Legacy Table,"Community-facing and long-term Legacy institution concept. Controlled statements establish dignity, belonging, home, knowledge and connections; near-term Holiday Community Meal is one implementation, not the full institution.",CONTROLLED COMMUNITY CONCEPT + DEVELOPING LONG-TERM INSTITUTION,Legacy Manual / Statement Placement + Aug. 6 Legacy Ecosystem source + current controlled HCPP,"Current master carries multiple exact Legacy Table statements and the near-term pilot, but did not separately surface the long-term institutional relationship.","Cross-referenced the controlled statements, Holiday implementation, and long-term Legacy Institution placement without collapsing them into one program.",NO,"Future permanent-facility/program design remains readiness-, capacity-, and Partner-gated.",2026-09-03,
Legacy Village Housing,"Founder-current physical housing-village concept located beyond the public/service campus. It is the physical residential expression related to Legacy House and the Housing & Transition Network, not a replacement name for either.",FOUNDER-CURRENT CAMPUS DESIGN — DEVELOPING / NOT OPERATIONAL,"Founder campus corrections, Sept. 2026 + Legacy House / Housing & Transition source architecture","Legacy House and Housing & Transition Network were already recovered, but the physical Housing Village layer was not separately registered.",Preserved as a distinct physical-campus layer; housing remains separated from the central public/service circulation.,NO,"Exact house mix, licensing, eligibility, operating model, site and capital plan remain future and gated.",2026-09-03,
Global Mission,One of the four named branches of the recovered Legacy Institution; connects long-term humanitarian partnerships and locally rooted-to-international Legacy capability.,DEVELOPING LONG-TERM ARCHITECTURE — RECOVERED,Aug. 6 Legacy Ecosystem source + current controlled vision / Humanitarian Partnerships development,Present only inside the combined Legacy Ecosystem row; not separately surfaced.,Restored as its own cross-referenced concept while retaining Humanitarian Partnerships as related implementation architecture.,NO,"No international program is represented as active until legal, financial, safeguarding and operating readiness exists.",2026-09-03,
50-Year Mirror Review,"Locked continuity review. Exact governing question: “Will someone 50 years from now still recognize the soul of AMW, understand why it exists, know what must be protected, and possess enough institutional capability to responsibly let it become what their generation needs?” Guidance: “Understand what we protected. Understand why we protected it. Then responsibly become what your generation needs.”",LOCKED — EXACT TEXT RECOVERED / CURRENT,Statement Placement + SOP-R03 / Legacy Charter recovery,Exact statements already exist in Statement Placement but the concept was not granularly represented in Recovered Work Register.,"Cross-referenced the Mirror Review to continuity, Legacy Charter and future-generation guidance without duplicating its exact statement rows.",NO,None for the recovered governing question; future implementation cadence/evidence continues under continuity architecture.,2026-09-03,
100-Year Mirror Review,"Founder-named century-scale Mirror Review concept. Historical source supports protecting AMW culture after 50 or 100 years and a Century Vision, but no exact prior 100-Year Mirror governing question/cadence has been recovered.",FOUNDER-NAMED CURRENT RECOVERY — EXACT HISTORICAL TEXT NOT RECOVERED,Aug. 6 Constitution/Century Vision source + Founder Sept. 3 current cross-reference instruction,Century Vision and 50/100-year continuity intent survive; no exact 100-Year Mirror statement exists in the current Statement Placement evidence.,Preserved the concept and linked it to Century Vision/continuity; did not invent a governing question or duplicate the 50-Year Mirror.,NO,"Recover exact prior wording/cadence if it existed, or obtain an explicit future Founder definition before treating it as a locked review instrument.",2026-09-03,
Family Support,"Recovered Legacy Network branch and current campus-center concept recognizing that addiction, mental-health conditions and domestic violence affect whole families and that families need their own support pathways.",DEVELOPING LONG-TERM NETWORK + CAMPUS CENTER CONCEPT,Aug. 6 Legacy Networks source + Founder family-impact correction + current campus design work,Named in Legacy Networks but not separately surfaced as a physical/program cross-reference.,Preserved network role and cross-referenced a future Family Support Center without representing it as operational.,NO,"Program model, qualified providers, privacy/safeguarding, site and funding remain future/gated.",2026-09-03,
Wellness and Health Centers,"Physical-center expression related to the recovered Health & Wellness Network; supports whole-person health, mental-health, wellness education and future appropriately licensed care pathways.",DEVELOPING LONG-TERM NETWORK + CAMPUS CENTER CONCEPT,Legacy Networks source + long-term health/wellness vision + current campus design work,Health & Wellness Network existed; physical center architecture was underrepresented.,Cross-referenced network and future physical-center layers; retained clinical/licensure readiness boundaries.,NO,"Clinical scope, licensing, provider model, insurance, privacy, safety and facility requirements remain future/gated.",2026-09-03,
Legacy House,One of the four recovered Legacy Institution branches. It is an umbrella Legacy housing/support institution and must not be silently collapsed into the physical Legacy Village Housing or the Housing & Transition Network.,DEVELOPING LONG-TERM ARCHITECTURE — RECOVERED,Aug. 6 Legacy Ecosystem source,Present only inside combined Legacy Ecosystem row.,"Restored as its own concept and established the cross-reference distinction among Legacy House, Housing Village and Housing & Transition Network.",NO,Exact original program/house architecture beyond recovered source remains source-dependent and future/gated.,2026-09-03,
Housing & Transition,"Recovered Legacy Network branch for housing stability, transition and supportive pathways; distinct from Legacy House (institutional umbrella) and Legacy Village Housing (physical residential expression).",DEVELOPING LONG-TERM NETWORK — RECOVERED,Aug. 6 Legacy Networks source + long-term shelter/transition vision,Named within Legacy Networks but not granularly surfaced.,Restored as a distinct network layer and linked to housing/transition physical concepts without merging them.,NO,"Eligibility, service model, property, licensing and operating details remain future/gated.",2026-09-03,
Youth STEAM,"Recovered Legacy Network branch and permanent Research & Innovation direction. STEAM is part of AMW’s long-term DNA, with Youth STEAM Labs, technology, AI, digital equity and maker/research pathways.",DEVELOPING LONG-TERM NETWORK + RECOVERED CAPABILITY SCOPE,Aug. 6 Legacy Networks / Research & Innovation source + current Future Legacy Creator architecture,Youth STEAM appears in network and early R&I scope but not as a granular institutional cross-reference.,"Cross-referenced Youth STEAM Network, Research & Innovation, Future Legacy Creator Lab and learning environments.",NO,"Final curriculum, age bands, safety, staffing, equipment and facility program remain future/gated.",2026-09-03,
Arts & Culture Centers,"Physical-center expression related to the recovered Arts & Culture Network; includes creative, performance and cultural-making environments rather than only display space.",DEVELOPING LONG-TERM NETWORK + CAMPUS CENTER CONCEPT,Aug. 6 Legacy Networks source + current campus design work,Arts & Culture Network existed; center/facility layer was underrepresented.,Cross-referenced network with developing arts/culture center architecture.,NO,"Final programs, studios, performance capacity, staffing and capital plan remain future/gated.",2026-09-03,
Community Leadership Center,"Physical and program expression related to the recovered Community Leadership Network and Leadership Academy; designed for civic engagement, leadership development, advocacy education and Partner convening.",DEVELOPING LONG-TERM NETWORK + CAMPUS CENTER CONCEPT,Aug. 6 Legacy Networks / Leadership Academy source + current campus design,Network and Leadership Academy survived separately; campus-center relationship was underrepresented.,"Cross-referenced the leadership network, Academy and future community-leadership center without creating a parallel governance system.",NO,"Final program boundaries, governance interface, staffing and facility design remain future/gated.",2026-09-03,
Resource Centers — Reception / Storage / Distribution,Founder-current three-part physical resource system: Reception welcomes/navigates with dignity and minimum necessary information; Storage protects possessed resources/inventory; Distribution prepares/routes resources to people and Partners. The three responsibilities remain distinct but connected.,FOUNDER-CURRENT CAMPUS DESIGN — DEVELOPING / NOT OPERATIONAL,"Founder campus instructions + locked Resource Promise/Possession, Minimum Necessary Information, anti-bounce and resource-stewardship architecture","Current workbook tracks resource reception/donations operationally, but future physical Reception/Storage/Distribution institutions were not registered as a complete campus system.",Added the three-center campus cross-reference and bound it to existing resource controls rather than creating a parallel resource policy.,NO,"Facility scale, warehouse/cold-storage requirements, inventory system, staffing, transportation and capital design remain future/gated.",2026-09-03,
Meeting / Library / Training Spaces,"Connected community-learning environments including meeting/conference functions, Legacy Resource Library/Learning Commons, training rooms and related recovered learning features.",DEVELOPING INSTITUTIONAL ENVIRONMENTS — RECOVERED / CURRENT DESIGN,Prior Aug. 9 named environments + current campus design + Founder Compass placement in training rooms,"Legacy Resource Library and related named learning environments were recovered, but meeting/library/training functions were not cross-referenced as one campus learning cluster.",Cross-referenced the recovered named spaces and current meeting/library/training design while preserving their separate functions.,NO,"Exact room standards, collections, scheduling, technology and operating specifications remain future/source-dependent.",2026-09-03,
Arts / Media,"Developing creative-media environments associated with Arts & Culture and Research & Innovation, including music/art/recording/podcast/digital storytelling concepts from campus development.",DEVELOPING CAMPUS / PROGRAM ARCHITECTURE,Arts & Culture Network + Research & Innovation source + current campus design,Network/scope existed but media-space relationship was not granularly registered.,"Preserved Arts/Media as a connected creative-production layer, not a replacement for Arts & Culture Network.",NO,"Exact studio program, equipment, copyright/media controls and staffing remain future/gated.",2026-09-03,
Healing Centers,"Grouped future healing/transformation architecture. Source establishes dedicated family space around addiction, mental-health and domestic-violence impacts; long-term vision also includes recovery, mental-health, HIV/AIDS, cancer, domestic-violence, LGBTQ+ and related support pathways.",DEVELOPING LONG-TERM HEALING ARCHITECTURE — NOT OPERATIONAL,Founder Aug. 6 family-impact correction + long-term program vision + current campus design,"Health/Wellness and Family Support networks existed, but the healing-center family was not granularly cross-referenced.",Preserved as a future grouped architecture; specific regulated/clinical services remain capability- and licensure-gated.,NO,"Exact center boundaries, licensed services, provider model, confidentiality, safeguarding, insurance and capital requirements remain future/gated.",2026-09-03,
Sloane's Stones — Confirmed Pebble Garden Design,Founder-confirmed controlling Pebble Garden name and design: AMW-Seal geometry; ripple form; annual empty pebble-placement spaces; painted stones accumulated throughout the year and placed through the Pebble Ceremony; miniature Just Love Coy Pond zones; benches; hidden serene audio; discreet rain umbrellas; Emerald Green and Antique Gold identity.,CURRENT CONTROLLED DESIGN — NOT OPERATIONAL,Founder direction + Sloane's Stones current design standard + confirmed visual,"Generic Pebble Garden naming/design did not preserve the Founder-confirmed name, annual ceremony cycle or full landscape details.",Maintained Sloane's Stones as the current name and aligned its aquatic reference to Just Love Coy Pond.,PARTIAL — older generic visuals remain provenance only,"Landscape engineering, fish/pond care, accessibility, materials and construction readiness remain future.",2026-09-03,
Just Love Coy Pond — Confirmed Global Aquatic Design,Founder-current long living-water environment: a connected pond system stretches through the non-housing campus along Bridging the Legacies; hydraulically connected fish zones; benches and sporadic umbrellas; bright fish; lilies/aquatic planting; waterfalls; discreet serene music; Emerald Green + Antique Gold; full Seal underwater.,CURRENT CONTROLLED DESIGN — GLOBAL / NOT OPERATIONAL,Current Founder naming direction + existing global aquatic-control package + confirmed visual,Just Love Coy Lake was the prior current physical label; generic Coy/Koi Pond labels were earlier development variants.,"Established Just Love Coy Pond as the current name while carrying forward the global biological, engineering, legal, ecology and life-support controls under stable JLC identifiers.",YES — Just Love Coy Lake and generic Coy/Koi Pond are superseded as current labels; provenance preserved,"Site hydrology, structural/public-safety, life-support, fish-health, ecological, legal and capital readiness remain future.",2026-09-03,
Bridging the Legacies — Current Physical Campus Bridge,Founder-current physical name for the phoenix-branch connector following/crossing Just Love Coy Pond and linking the non-housing public/service campus. The locked Legacy Bridge statement remains the governing plaque/meaning statement.,CURRENT FOUNDER-DIRECTED PHYSICAL NAME + LOCKED STATEMENT,Current Founder naming direction + existing Legacy Bridge Statement Placement,BRIDGING LEGACIES BRIDGE and Bridge of Connection are superseded physical labels.,Updated the physical name without erasing the separate locked Legacy Bridge statement.,YES — earlier physical labels superseded; statement preserved,"Structural, accessibility, water-safety, hydraulic and construction design remain future.",2026-09-03,
Consulting Area,"Founder-current campus concept representing AMW’s core consulting/capacity-building work: Partner welcome/discovery, assessment, strategy, development, review, refinement, delivery, implementation support, follow-up and Legacy Check-In.",FOUNDER-CURRENT CAMPUS CONCEPT — TIED TO CONTROLLED SERVICE ARCHITECTURE,Current Founder cross-reference instruction + controlled Service Architecture / client lifecycle,Consulting exists as the top-level operating business but was not separately represented as a campus area.,Added a campus cross-reference without creating a new service division or changing current package/SOW controls.,NO,"Exact room/program design remains future and must follow client confidentiality, access and information controls.",2026-09-03,
Learning Institutions,"Umbrella cross-reference for Legacy Academy, Leadership Academy, Research & Innovation/STEAM, Future Legacy Creator Lab, Legacy Resource Library, Knowledge Tree, Resource Commons, Imagine Aquarium Magic and other recovered learning environments.",DEVELOPING INSTITUTIONAL ARCHITECTURE — RECOVERED / CROSS-REFERENCED,Aug. 6–9 recovered learning architecture + current campus design,Learning components existed across multiple rows and sources without one umbrella cross-reference.,Created the umbrella relationship while retaining each named institution/environment as its own concept.,NO,Exact operating/curriculum/design specifications remain source-dependent and future/gated.,2026-09-03,
Food / Agriculture System,"Integrated community food system linking Sophia's Soul Legacy Sustainability Agriculture Haven, Helen's 4-H/Husbandry/ Butchery, Botanical/community-production gardens, Community Garden, food processing/preservation, storage/distribution and Legacy Table.",FOUNDER-CURRENT INTEGRATED DESIGN + RECOVERED LONG-TERM ARCHITECTURE,Sophia's Soul Legacy Sustainability Agriculture Haven recovery + Founder current farm/garden/resource instructions,"Agriculture Haven existed, but the end-to-end food/agriculture system was not registered.",Cross-referenced production → processing/preservation → storage/distribution → Legacy Table as a developing institutional system.,NO,"Land, agriculture/food licenses, animal welfare, food safety, staffing, transport, production targets and capital plan remain future/gated.",2026-09-03,
Helen's 4-H/Husbandry/ Butchery,"Large working community-resource institution for responsible husbandry, teaching butchery, agriculture and food production. The current name replaces 4-H / Teaching Butchery Farm; Legacy 4H Sanctuary remains earlier provenance.",FOUNDER-CURRENT CAMPUS NAME — DEVELOPING / NOT OPERATIONAL; EARLIER SOURCE NAMES PRESERVED,Current Founder naming direction + earlier campus/farm and Legacy Sustainability Agriculture Haven architecture,"The program purpose was established, but the current Founder-directed institution name was missing.",Registered the current name and preserved earlier labels only as provenance.,YES — earlier labels are not current institution names,"Affiliation/name permissions where applicable, animal welfare, slaughter/butchery law, food safety, staffing, land, equipment, insurance and capital requirements must be verified before implementation.",2026-09-03,
Community Garden,"Community food-production and teaching component tied to the Botanical/community-production system, Legacy Table and resource distribution; intended to produce useful food rather than function only as ornamental landscaping.",FOUNDER-CURRENT CAMPUS DESIGN — DEVELOPING,Founder current Botanical/community-produce direction + Agriculture Haven architecture,Garden/produce ideas existed in design work but were not granularly registered in current master.,Added Community Garden as a food/resource/learning component and linked it to the larger Food/Agriculture System.,NO,"Land, soil/water, production, food-safety, volunteer/staff and distribution design remain future.",2026-09-03,
O'DAY'S LEGACY GARAGE,"AMW's Founder-defined Automotive Institution, named for Alicia's father, O'day, a mechanic who taught his children how to work on cars; that knowledge was passed forward in the family. Facility program: 8 service bays, one rolling tool box at each bay, 4 stationary tool boxes, 3 alignment stations, 4 tire-service areas, dedicated EV area, dedicated Hybrid area, high-quality professional garage floors, hazard/sanitation stations, dedicated locker room with at least 2 shower stalls, uniform drop-off/soiled-uniform collection for professional cleaning, and a dedicated Common Area. Uniforms emphasize Midnight / Deep Navy Blue and Slate Gray. Garage floor is Slate Gray; ceiling is Midnight / Deep Navy Blue; Antique Gold is used for appropriate accents. Common Area program: 7 flat-screen TVs (2 gaming, 5 general ODAY's Steward use), pool table, kitchen, comfortable break seating, and a separate quiet decompression area.",FOUNDER-DEFINED AUTOMOTIVE INSTITUTION — DEVELOPING / NOT OPERATIONAL,Current Founder naming direction + existing ODAY's Legacy Garage design standard,The confirmed automotive design existed under the prior ODAY's Legacy Garage label; the current Founder-directed name had not been registered.,"Applied O'DAY'S LEGACY GARAGE as the current institution name and carried forward the existing family provenance, facility, workforce-support, color, uniform and Common Area requirements.",YES — SOURCE GAP RESOLVED / DESIGN CONTROL CURRENT,"Implementation still requires site plan, dimensions, lifts/equipment, lighting, safety/code, EV/high-voltage controls, ventilation/fire/electrical, accessibility, environmental/fluid/waste handling, locker/shower plumbing, uniform-service logistics, kitchen/shop-contaminant separation, Common Area occupancy/design, insurance, workforce/training and licensing/certification verification.",2026-09-03,
AMOS Continuity Register / R03 Operating Package,Established family: R03-01–R03-06; R03-OM02–R03-OM10; R03-F01–R03-F08; Continuity Assurance Review; Continuity Dashboard/Register. R03-F01–F08 is one operating package: Readiness → Container → Context → Transfer → Demonstration → Gap Correction → Verification → Closure & Return → IR03 → Renewal.,ESTABLISHED AMW INSTRUMENTS — PACKAGE INTEGRITY VERIFIED,"Prior chat, Aug. 12, 2026 + AMOS Forms & Instruments — Steward Ready + SOP-R03",Identifiers existed in Drive sources but the exact family/one-package chain was not surfaced in the current master.,"Restored family identity, exact operating-package chain and non-parallel-system boundary.",NO,Exact field-level content of R03-OM02–R03-OM10 and any unreproduced originals remains source-dependent; no fields invented.,2026-09-03,
Steward Welcome Home Pack,"Current Steward-ready pack provides entry context, responsibility/authority/access/SOP/return checklist, Daily Practice rhythm, Mirror Review trigger/request, participant rights and confidentiality acknowledgement.",STEWARD READY — CURRENT DRIVE ARTIFACT,AMW STEWARD WELCOME HOME PACK — STEWARD READY,The artifact existed in Drive but Welcome Package was not named in the current master.,Restored the exact artifact identity and current contents as the governing onboarding cross-reference; no duplicate package created.,NO,Role-specific onboarding extensions remain future/workforce-activation work.,2026-09-03,
Payroll Schedule & Wet-Signature Control,"Payroll dates are the 15th and 30th, using the last calendar day when a month has no 30th. Every payroll release requires two wet signatures: Alicia Walker plus Indya Massey until an Office Steward is in place; then the Office Steward plus either Alicia Walker or Indya Massey.",LOCKED — PAYROLL-READY / NOT YET ACTIVATED,"Founder correction, Aug. 29, 2026 + AMW Business, Financial & Payroll source","Payroll register existed, but the locked schedule/signature chain was not visible in the current master.",Restored to Payroll Control and AMOS Trigger Register.,NO,No payroll activation until workforce/legal/payroll readiness exists.,2026-09-03,
AMW Typography Standard,Headings — Cormorant Garamond: Elegant. Timeless. Authoritative. Body text — Lato: Modern. Clean. Highly readable. Accent — Montserrat: Bold. Clear. Impactful.,CURRENT BRAND BOOK STANDARD — SOURCE VERIFIED,"AMW BRAND BOOK — VERSION 1.0 — INTERNAL MASTER — STEWARD READY, page 6",Brand colors were registered; typography was absent from the current master.,Added exact source-verified typography roles and meanings to IP & Brand Assets.,NO,None for the current Brand Book standard.,2026-09-03,
AMOS Origin / Family-History Connection,AMOS was intentionally connected to the name/story of the Founder’s great-great-grandfather; the Founder approved that heartfelt connection and approved sharing why AMOS matters personally as part of explaining who AMW is and what the village expects.,CONTROLLED INSTITUTIONAL HISTORY / SOURCE RECOVERY,Aug. 7 complete chat source,Current master preserves AMOS as the village’s family book but did not preserve this origin/provenance layer.,Restored institutional-history connection without inventing unrecovered biography details.,NO,Exact original assistant-authored 'why AMOS' narrative should be recovered from source before replacing any current narrative.,2026-09-03,
AMOS First Lesson,Established and Founder-approved concept. Founder response: “I love the AMOS' First lesson. Creating the culture from the start is important to us.”,ESTABLISHED CONCEPT — EXACT ORIGINAL LESSON TEXT SOURCE-LIMITED,Aug. 7 complete chat source,Current master did not name AMOS First Lesson.,Restored the established instrument/concept and its Founder-approved purpose; did not invent the missing original lesson text.,NO,Exact original AMOS First Lesson body requires source recovery.,2026-09-03,
AMOS Standard — Person Before Problem,"Founder-described meaning: AMOS is about understanding and helping others understand; treat the person and then the problem, because a problem can become overwhelming when a person feels alone or out of options.",CONTROLLED PHILOSOPHY / SOURCE RECOVERY,Aug. 7 complete chat source,Current master preserves people-centered systems but not this AMOS Standard source meaning.,Restored as AMOS source philosophy; no competing operating rule created.,NO,Exact assistant-authored standard surrounding this Founder interpretation remains source-dependent.,2026-09-03,
Steward Wellbeing / Burnout Philosophy,"Founder-approved principle that an overworked Steward can become overstimulated, burned out and begin to lose passion; Presence means more than showing up—it means being available and actively engaged. This rationale supports the current Friday Half-Day Policy.",CONTROLLED PHILOSOPHY + CURRENT POLICY RATIONALE,Aug. 6–7 complete chat source + Founder correction 2026-09-11,Current master previously preserved the wellbeing rationale while treating Friday half-day as developing.,Updated the rationale to reflect Friday Half-Day as current policy; policy implementation remains subject to safe/lawful coverage in each operating environment.,YES — prior developing-only policy characterization superseded; philosophy retained.,Institution-specific implementation/coverage is carried in SOP/backend-control drafts and does not alter the policy itself.,2026-09-11,
"Governance Source Philosophy — Voice, Mutual Responsibility & Earned Authority",Source-approved concepts: authority is entrusted and supported by the team; leaders lead with compassion and hold themselves accountable; AMW operates as one and is responsible to/for one another; the Legacy speaks for the heard and unheard; “We fight for each other”; more than one option/opinion/voice matters; collectively AMW can make more difference than individually; Earned Authority should include compassion.,CONTROLLED GOVERNANCE SOURCE PHILOSOPHY — RECOVERED,Aug. 7 complete chat source + Full Record Reconciliation,"Current master preserves Shared Voice, Circle Principle, Roundtable and leadership-without-status, but these source concepts remained compressed.",Restored as one source-philosophy record rather than duplicating already-controlled individual governance statements.,NO,Do not convert each source sentence into a new formal rule unless original placement/control evidence is recovered.,2026-09-03,
SOP-IR01 — Institutional Review & Assurance,"Formally named review/assurance architecture with the AMW Mirror at its heart; five levels: Observe → Understand → Reflect → Correct & Learn → AMW Legacy Test; each escalation requires a Check-In. Source also identifies supporting Institutional Reflection, Mirror, Decision Tree, Escalation Check-In, Review Record, Assurance Checklist and Legacy Test instruments.",ESTABLISHED COMPANION / PRE-IR02 ARCHITECTURE — NO EXPLICIT SUPERSESSION FOUND,Aug. 10 prior chat; later IR02 source comparison,"Current controlled AMOS operates IR02, but source review found IR02 was introduced as additional operating machinery, not an explicit rename/replacement of IR01.",Restored as established companion/provenance architecture; IR02 remains the current operating review package and no parallel process is activated.,NO EXPLICIT SUPERSESSION; CURRENT OPERATIONS REMAIN IR02,Exact original field-level SOP-IR01 forms and current mapping to IR02 require source-level reconciliation.,2026-09-03,
AMW Institutional Learning Loop — early architecture,AMOS → Experience → Listen → Reflect → Learn → Test → Capture → Share → Integrate → Review → Return → AMOS.,ESTABLISHED EARLY ARCHITECTURE / RECONCILE WITH CURRENT ILR,Aug. 10 prior chat,Current ILR/ROM/AMOS return architecture preserves the function but not this exact early loop.,Preserved as early architecture/provenance without displacing current ILR controls.,PARTIAL — CURRENT ILR GOVERNS OPERATING IDENTIFIERS,Do not use as a parallel active workflow unless current architecture explicitly maps it.,2026-09-03,
Legacy is Life Initiative,"Named initiative within the Sophia's Soul Legacy Sustainability Agriculture Haven / Innovation, STEAM & Future Development architecture.",DEVELOPING LEGACY INITIATIVE — RECOVERED,Aug. 8 prior chat,Absent from current master.,Restored as a developing named initiative; no operational claims added.,NO,"Exact program scope, eligibility, staffing, curriculum and facility design require source recovery/readiness.",2026-09-03,
Woodworking Legacy Creators,Named youth/STEAM/skills-development concept within the Aug. 8 Haven/future-development architecture.,DEVELOPING PROGRAM CONCEPT — RECOVERED,Aug. 8 prior chat,Absent from current master; woodworking existed in long-term youth vision but not under this source name.,Restored named concept without creating an active program.,NO,"Exact curriculum, age/safety, equipment, staffing and facility controls remain future.",2026-09-03,
Varsity Jacket / Legacy Swag Concept,Developing Brand/IP merchandise concept: AMW Seal on varsity-style jackets with “Legacy” running down both arms; originally raised while considering whether AMW should sell branded swag.,DEVELOPING BRAND / MERCHANDISE CONCEPT — NOT APPROVED FOR SALE,Aug. 21 complete chat source,Current master preserved merchandise-related source expressions but not this specific design concept.,Restored as developing visual/merchandise provenance; BPR01 Seal-use and IP clearance controls govern any future production/public sale.,NO,No current decision establishes a merchandise sales program or authorizes this concept as a current Seal specimen.,2026-09-03,
AMW Free Access Guide,"Accessibility/usability package: Adobe Acrobat and DocuSign are not required merely to open, review, edit or print working copies; source PDFs remain preserved unchanged and accessible companion copies do not replace or silently alter the source record.",ESTABLISHED ACCESS / SOURCE-PRESERVATION GUIDE — RECOVERED,AMW_FREE_ACCESS_GUIDE.docx source record,Guide existed in File Library/source evidence but was absent from current Drive master/reference body.,Restored guide identity/rule to master and recreated one canonical native Google Doc from the surviving source text.,NO,Canonical Drive copy restored as AMW FREE ACCESS GUIDE — STEWARD READY; do not create a second copy unless replacing this one.,2026-09-03,
Current Financial Plan Control,"Current source budget remains the transaction-level record; entered total is $2,583.17 as of the Aug. 29 source and is not the final annual total. Four buckets: Startup/One-Time; Recurring Operating; Variable Operating; Future/Not-Yet-Activated. Company cell phone and separate Legacy-used personal-number service remain separate lines; McDonald’s/Kravings Boba remain documented business-meeting expenses.",CURRENT CONTROLLED FINANCIAL SOURCE — RESTORED TO MASTER,MONTHLY BUDGET AND COST + AMW Business/Financial/Payroll + controlled Business Plan,Current financial source existed in Drive but key controls were absent from the master workbook.,Restored to Financial Control sheet; no new total or forecast invented.,NO,Update the entered total only from a later verified budget source.,2026-09-03,
LRR-01 / LRIF-01 / LRRF-01 Legal Resource System,Current Steward-ready legal-resource system: intake → legal-resource register → referral record; provider discovery is not endorsement; good-standing/fit/intake-cost verification are distinct; minimum necessary legal information and no-attorney-client-relationship boundaries apply.,STEWARD READY — CURRENT DRIVE ARTIFACT RESTORED TO MASTER,AMW LEGAL RESOURCE SYSTEM — STEWARD READY,Canonical Drive artifact existed but the master workbook had no LRR-01 register/system sheet.,Restored Legal Resource Register sheet with six source providers and governing gates.,NO,Provider facts must be reverified when a material referral is made; current register dates remain Aug. 24 source dates.,2026-09-03,
Legacy Campus Interior Design Standard,"Always include an empty chair; where reasonably possible, furniture is made by Legacy Creators and stipends are provided for those services; use circular desks/tables in front-facing rooms and board rooms.",FOUNDER-DIRECTED CURRENT DESIGN CONTROL,Founder Sept. 2026 instruction,Current master contained Empty Chair symbolism but not the physical interior/furniture/stipend/circular-table control.,Restored to Campus & Interior Control sheet.,NO,"Furniture sourcing, stipend amounts and procurement rules remain implementation details.",2026-09-03,
Legacy Campus Character Standard,"Campus should not resemble an elite private school, luxury apartment complex or gated institution; architecture should feel practical, warm, community-built and understandable.",FOUNDER-DIRECTED DEVELOPING CAMPUS STANDARD — RECOVERED,Campus Design and Source Notes + current campus reconciliation,"Current campus architecture existed, but this governing character standard was missing.",Restored to Campus & Interior Control sheet without replacing current named campus features.,NO,Site/architecture implementation remains readiness- and code-gated.,2026-09-03,
Holiday QR Map / Cross-Routing / Intentional-Submission Boundary,"Four mobile-first Holiday doors are separately routed; cross-routing is allowed where useful, but a person should not be treated as having intentionally submitted into a different pathway merely because another route is available. Source also locked a Holiday Pilot Readiness Board.",LOCKED / APPROVED HOLIDAY DIGITAL ARCHITECTURE — RECOVERED,Aug. 19 prior chat,"Current Holiday Readiness says four mobile doors specified but did not preserve QR-map, cross-routing or intentional-submission boundary.",Restored to Holiday Readiness and recovery registers.,NO,Deployment/testing remains a Website & Launch action.,2026-09-03,
ML-001 — AMW Master Lock Register,"Highest-level index of intentionally established AMW architecture. Exact Master Lock Rule: “Nothing intentionally established as part of the AMW Legacy may be silently altered, removed, renamed, or repurposed.” Recovered fields: ML-ID, Name, Category, Status, Origin, Purpose, Connected Systems, Required Review, Change Authority, Related Principles, Placement, Version. Supporting statement: “Locked does not mean stagnant. It means intentional.”",LOCKED — RECOVERED / MATERIALIZED,"Prior AMW chat — Aug. 11, 2026",Absent from the current master despite continuing change-control/supersession practices.,Created dedicated Master Lock Register sheet and AMOS trigger; preserved unknown role/version details as source gaps rather than inventing them.,NO,Exact original version identifier and role-specific Change Authority assignment were not recovered.,2026-09-03,
Learning & Assurance Register,"Established register bridging Reflection and institutional memory. Central question: “What did AMW learn, and what are we going to do with what we learned?” It carries the registered principle: “A principle is not complete because it was written. It is complete when it can be seen in how AMW behaves.”",ESTABLISHED / RECOVERED — ORIGINAL FIELD SCHEMA NOT RECOVERED,"Prior AMW chat — Aug. 11, 2026","The principles survived, but the register identity/relationship had been compressed into later ILR/AOMR/AOR architecture.",Created Learning & Assurance cross-reference sheet; current ILR/AOR machinery remains governing for operation.,NO EXPLICIT SUPERSESSION,Exact original register columns/form fields remain source-recovery items.,2026-09-03,
IR03 Learning Architecture,IR03 Foundational Operating Philosophy; Institutional Learning Tree; Connection Test; central learning question; early Institutional Learning Loop.,ESTABLISHED / RECOVERED — CURRENT ILR/R03 OPERATING MAPPING,"Prior AMW chat — Aug. 10–12, 2026","Core sentence/loop survived elsewhere, but IR03 identity, Tree and Connection Test were absent.",Created IR03 Learning Architecture sheet and repaired existing Statement Placement metadata; did not create a parallel operational process.,NO EXPLICIT SUPERSESSION OF SOURCE ARCHITECTURE,Exact early field/form mapping remains source-dependent; current ILR/R03/ISIL controls govern operation.,2026-09-03,
G01-OC01–G01-OC18 Governance Operating Controls,Founder explicitly locked G01 actual operating controls G01-OC01 through G01-OC18 as a family.,LOCKED FAMILY IDENTITY — INDIVIDUAL CONTROL TEXT SOURCE-LIMITED,"Prior AMW chat — Aug. 12, 2026","G01-F01–F08 and G01-IA01–IA10 were restored, but the OC family was absent.",Created G01 Operating Controls sheet listing all 18 verified identifiers with source gaps and added AMOS family-integrity trigger.,NO,Exact original names/text for G01-OC01 through G01-OC18 remain unrecovered; no content was invented.,2026-09-03,
HCPP-INT-01 — Steward Request Status,Internal Holiday request-status record. Request types: Holiday Resource (F03A) / Community Meal (F03B). Current Status: Received; Reviewing; Additional Information Requested; Fulfilled; Partially Fulfilled; Connected to Other Resource; Waitlisted; Declined (No Available Resources); No Response / Closed; Other.,CONTROLLED — SOURCE VERIFIED / RESTORED,AMW Master Controlled Compendium + Holiday Community Partnership Resource Suite,Holiday Readiness tracked pilot readiness but did not preserve the participant/request status workflow.,"Created Holiday Request Status sheet with exact status values, Steward record fields, form flow, Add Future Legacy Creator behavior and acknowledgment.",NO,Operational records remain empty until real requests exist.,2026-09-03,
Holiday Source/Public Expressions & Routing Labels,"Recovered exact public/source expressions include REQUEST WITH DIGNITY; historical campaign expression WE DON’T JUST MEET NEEDS. WE BUILD LEGACIES.; source routing labels CONTRIBUTE TO THE TOY DRIVE and CONTRIBUTE FOOD, TIME, RESOURCES, OR SUPPORT.",CONTROLLED PUBLIC ASSET + SOURCE/HISTORICAL PROVENANCE,Holiday Community Partnership Resource Suite + recovered Holiday campaign source,Current CTA buttons survived but several source/public expressions were absent.,Added appropriate public/source statements and preserved alternate routing labels in Holiday Request Status without replacing the current controlled CTAs.,NO,Do not promote historical/source campaign wording into current core brand or CTA status without separate approval.,2026-09-03,
Resident Agent Information / LLC Formation Gate,"Maryland Articles of Organization requires the selected resident agent's full legal name, or the exact SDAT-filed business name; a complete Maryland physical address with no P.O. box; and signed resident-agent consent. At least one authorized person must sign the filing. Current AMW evidence does not identify an approved agent, address or consent.",REQUIRED FUTURE LLC FILING FIELD — UNRESOLVED / DO NOT INFER,AMW Legal Formation Controls — Developing — Steward Reference: https://docs.google.com/document/d/1NKU-6byh3fZoIkFPCT6KR1N0M994JptW/edit | Maryland Articles of Organization — Reference Source Preservation: https://docs.google.com/document/d/16-xC_bOjDOuKPuTnt8fOAb4iVxhd3WWr/edit,"Current status and filing safeguards existed, but the resident-agent requirement and evidence gap were not separately exposed in the master.","Restored current-form requirements, added an Executive Action gate, and preserved the lack of a verified selection without inventing a name, address, company or consent.",NO — earlier LLC wording/application evidence is not selection or acceptance evidence,"Select and verify the agent, exact name, eligible Maryland physical address, consent and authorized filer only after the proper formation/conversion path and current form are confirmed.",2026-09-03,
Developing Operations and Programs — Status Boundary,"Present consulting/service operations remain current. Developing work includes Holiday Community Partnership implementation, community-program support, resource pathways, Leadership Academy, research/innovation/STEAM, Brand/IP readiness, funding/resource readiness and capacity-building. Developing AMW work is preserved but is not represented as active service delivery or operational readiness without evidence.",CONTROLLED STATUS BOUNDARY — CURRENT + DEVELOPING,AMW Community & Legacy Programs — Developing — Steward Reference: https://docs.google.com/document/d/1xMNU0xN3fEICKG7CXD7CJq2nwH4zgMQx/edit | AMW Business Plan — Controlled: https://drive.google.com/file/d/14aqsKdiK9KS5Yhsj-8J9OEEDHPW28LDL/view,"Relevant work existed across multiple current registers, but the explicit Developing Operations and Programs workstream was absent.","Added a controlled cross-reference while preserving existing package/SOW boundaries and all current legal, funding, IP and readiness gates.",NO — historical conflicts remain governed by Supersession Control,"Program-specific scope, staffing, budget, authority, partner and implementation evidence remain required before activation.",2026-09-03,
Future Programs and Operations — Long-Term Architecture,"Long-term architecture includes the 33 Founder-directed institution names in Legacy Institutions, together with Legacy Table, Legacy House, Legacy Networks, Global Mission/Humanitarian Partnerships and the existing partner-first/nonduplication rule.",DEVELOPING LONG-TERM / FUTURE CAPABILITY — NOT OPERATIONAL,Current Founder naming direction + Legacy Institutions + Community & Legacy Programs source + Campus Cross-Reference Control,Individual future concepts and prior labels were dispersed across the master; the complete current institution-name architecture was not registered.,"Added a dedicated 33-name register and cross-referenced the current campus, housing, health, trades, arts/media, agriculture, aquatic, STEAM and sports architecture.",PARTIAL — identified prior labels are superseded as current names; no future institution is current operations,SUPERSEDED IN PART — LIVE IN THE MOMENT ALWAYS association is resolved as Soccer / Futsal All-Year Stadium & Sports Complex. Program/site/capital/workforce/regulatory/IP/implementation readiness still remains separate.,2026-09-03,
O'DAY'S LEGACY GARAGE — Confirmed Institution Design & Visual,"Founder-confirmed current controlled automotive design and visual: 8 bays, 3 alignment stations, 4 tire areas, EV/Hybrid, bay mobile toolboxes, 4 stationary toolboxes, 4 hazard/sanitation stations, HVAC/mechanical ventilation, locker/showers/uniform logistics, defined Common Area, AMW palette, windows on every exterior wall and 1 bay window.",CURRENT CONTROLLED DESIGN — NOT OPERATIONAL,"Current Founder naming direction + September 3, 2026 confirmed industrial visual",The confirmed design and visual existed under ODAY's Legacy Garage; the new current name had not been propagated.,Applied the current name; retained the confirmed design and implementation-readiness gate. The historical visual filename remains provenance.,YES — prior institution label superseded; earlier generic/unfinished automotive visuals remain provenance only,"Engineering, equipment, code, site, capital, licensing/certification and operating readiness remain future.",2026-09-03,
Chrys's Masterpiece Wood-shop — Confirmed Institution Design & Visual,"Founder-confirmed current controlled woodworking/carpentry design and visual: Slate Gray walls/floors, Antique Gold accents, bright lighting, 10 mobile-toolbox work areas, 5 stationary toolboxes, 5 table saws, 5 wood-burning stations, 4 hazard/sanitation stations, HVAC/ventilation, locker/uniform logistics, dedicated Common Area, windows on every exterior wall and 1 bay window.",CURRENT CONTROLLED DESIGN — NOT OPERATIONAL,"Current Founder naming direction + September 3, 2026 confirmed industrial visual",The confirmed design and visual existed under Chrys' Master Wood Working Legacy Center; the new current name had not been propagated.,Applied the current name; retained the confirmed design and implementation-readiness gate. The historical visual filename remains provenance.,YES — prior institution label superseded; future design changes still require deliberate Founder-approved supersession,"Machine guarding, dust/fume control, fire/electrical, occupancy, site, capital, staffing and operating readiness remain future.",2026-09-03,
"Just Love Coy Pond — Global Climate, Ecology & Life-Support Control","Global Rule, non-negotiable water targets, conservative stocking baseline, four climate classes and seasons/regions, companion-fish gate, planting rule, overlays, near-self-cleaning RAS-inspired filtration, global legal/ecology gate, monitoring/fail-safe rules and source verification.",CURRENT CONTROLLED GLOBAL DESIGN STANDARD — NOT OPERATIONAL,Current Founder naming direction + existing verified global aquatic sources,The global standard existed under Just Love Coy Lake; the new current name had not been propagated.,Applied the current name and renamed the register Pond Global Controls while retaining stable JLC identifiers and the complete global standard.,YES — prior physical label superseded; technical identifiers and provenance retained,"Every future site still requires current local legal, ecological, aquatic-veterinary and engineering verification before stocking/construction.",2026-09-03,
Founder-Directed Legacy Institution Naming Architecture — 33 Names,"Thirty-three exact Founder-directed names were mapped to their associated institution/site functions across campus landscape, trades, health/healing, arts/media, agriculture, aquatic learning, STEAM, housing, community food/enterprise and sports/recreation. Eight earlier current/development labels were reconciled to the latest names.",CURRENT NAMING ARCHITECTURE / FUTURE INSTITUTIONS NOT OPERATIONAL,"Founder direction — current chat, 2026-09-03",Three names/designs were already partially present; most specific institution names were missing. Live In The Moment Always had no recoverable association.,Created Legacy Institutions; propagated current names into governing cross-references; preserved earlier labels as superseded provenance; added IP/readiness controls.,PARTIAL — eight identified earlier labels superseded as current names; no exact duplicate institution row retained,"ASSOCIATION CLOSED — LIVE IN THE MOMENT ALWAYS is now mapped to Soccer / Futsal All-Year Stadium & Sports Complex. Continue individual IP/readiness gates before public launch, construction or operation.",2026-09-03,
I AM A MASTERPIECE Cosmetology Gallery — Confirmed Institution Design & Visual,Founder-confirmed Cosmetology Center design: spa-like Emerald Green / Antique Gold / Ivory / Midnight Blue environment; waterfalls; 6 shampoo stations; 8 booths; 2 dye/color stations; 4 nail-tech; 4 pedicure soaking; 4 heat-treatment; 4 hood/blow-dryer stations; full kitchen; 7-screen Common Area (2 gaming / 5 viewing); children’s area; bay-window lounge; high-capacity ventilation; modern durable uniforms; coordinated linens.,CURRENT CONTROLLED DESIGN — NOT OPERATIONAL,"Founder direction + September 3, 2026 confirmed visual + current design standard",The institution existed in the naming register as a developing Cosmetology Center but had no current controlled physical design or visual authority.,"Promoted the design and latest visual while preserving licensing, sanitation, ventilation, chemical, accessibility, children’s safeguarding, equipment and implementation gates.",PARTIAL — earlier generic/developing cosmetology concepts remain provenance only if found,"Complete site, licensing, sanitation, ventilation/air-quality, plumbing/electrical/fire, equipment, workforce, insurance and capital readiness before implementation.",2026-09-03,
Don't Run From Betterment HIV/AIDS Center — Confirmed Institution Design & Visual,"Founder-confirmed HIV/AIDS Center design: calming, healing, inclusive, informal and educational; explicit anti-stigma welcome; Warm Ivory / Antique Gold / Slate Gray palette; 10 private Wellness Pods for rest or confidential conversations with trained/certified specialists; family and education support; contemporary/state-of-the-art support infrastructure; Warm Ivory + Antique Gold uniforms.",CURRENT CONTROLLED DESIGN — NOT OPERATIONAL,"Founder direction + September 3, 2026 confirmed visual + current institution design standard","The institution existed in the naming architecture as a developing HIV/AIDS Center but did not yet have a current controlled physical design, Wellness Pod standard, uniform standard or visual authority.","Promoted the Founder-confirmed design and latest visual while preserving clinical/nonclinical scope, privacy, credentials, safeguarding, infection-control, accessibility, technology/security, insurance and implementation gates.",NO — no separate current design supersession required; earlier developing concept remains provenance,"Complete site, clinical/nonclinical scope, provider credentials, privacy/security, sanitation, emergency systems, HVAC, accessibility, records, testing/treatment/telehealth, insurance, workforce and capital readiness before implementation.",2026-09-03,
Legacy Awards Selection Architecture,"One selection process governs every Legacy award: Nominate → Eligibility Screen → Conflict Check → Evidence Review → Independent Scoring → Selection Circle → Verification → Honoree Consent → Recognition → Return & Record. Five-vote Selection Circle, 14-part Selection Safeguard, Universal Scoring Rule and reusable Award Scoring Template are materialized.",CURRENT CONTROLLED — FOUNDER-DIRECTED / MASTER-LOCKED,Founder directive — 2026-09-04 + prior approved selection architecture,No award-selection architecture existed in the current master.,"Created Legacy Awards Control, Legacy Awards Register, Award Scoring Template, ML-002 and five AMOS award controls.",NO,Annual nomination/calendar/ceremony implementation remains future-cycle work; selection architecture is current.,2026-09-04,
PEBBLE OF THE YEAR — Child Control,"PEBBLE OF THE YEAR is a child / Future Legacy Creator award. Selection is developmentally appropriate and based on ripple, kindness/Stewardship, growth/courage, follow-through and learning/helping others.",FOUNDER-CONFIRMED LONG-ESTABLISHED CONTROL — RESTORED,Founder directive — 2026-09-04,The current master did not contain the child-only eligibility control even though the Founder identified it as long established.,"Restored child-only eligibility in Awards Register, Awards Control adaptations and AMOS trigger.",NO,No exact age boundary was invented; Future Legacy Creator/youth program policy governs age-specific implementation.,2026-09-04,
THE IAMW AWARD,"Current Founder-directed annual recognition name for quiet, behind-the-scenes Stewardship that strengthens people and the Legacy. Historical THE IAM LEGACY AWARD rationale is preserved as provenance.",CURRENT CONTROLLED INTERNAL AWARD ARCHITECTURE / PUBLIC IP CLEARANCE REQUIRED,Founder directive — 2026-09-04 + prior THE IAM LEGACY AWARD source rationale,Prior master contained THE IAM LEGACY AWARD and developing alternatives but not THE IAMW AWARD.,Added THE IAMW AWARD to Awards Register and IP/Brand control; moved prior selection-name role to historical/developing predecessor without deleting provenance.,PARTIAL — prior selection name superseded for current award architecture only,Direct public-name/mark clearance remains required before exclusive public filing/claims.,2026-09-04,
O'DAY'S LEGACY GARAGE Awards,Four current awards: O'DAY GOLDEN WRENCH AWARD — Automotive Excellence; O'DAY'S HIGH GEAR AWARD — Premier Service Technician; O'DAY'S ENGINE WHISPER — Engine Technician; O'DAY'S TORQUE MASTER AWARD — Technical Precision.,CURRENT CONTROLLED AWARD FAMILY,Founder directive — 2026-09-04 + current O'DAY'S LEGACY GARAGE architecture,Garage existed as an institution; award family did not exist in the master.,Added four technical awards with discipline-specific scoring and safety gates; updated current institution spelling from prior GARARGE to latest Founder-directed GARAGE and preserved prior spelling as superseded provenance.,YES — GARARGE spelling superseded as current spelling only,Public award-name clearance and first-cycle reviewer appointments remain open.,2026-09-04,
"CREATIVE, STEAM, & TRADE RECOGNITION",Ten-award family: Destinee's Discovery of the Year Award; Maximum Xtreme World-Molding Award; Mechanisms X factor Math Workpersonship; Mindset Xenon Wavelengths Momentum; Making Xylography Writing Modeling Woodworking; Chrys's Cutting Edge Award; I AM A MASTERPIECE MAKER; MIND BENDER OF THE YEAR; BLADES OF GLORY; GOLDEN MEDIA MIC.,CURRENT CONTROLLED AWARD FAMILY,Founder directive — 2026-09-04 + prior award-selection prompt,"Associated institutions existed, but the recognition family and scoring controls were missing.",Added all ten awards to the Legacy Awards Register with creative/technical selection adaptations and safety/attribution controls.,NO,Public-name/IP clearance and first-cycle implementation remain separate.,2026-09-04,
Dave's Ultimate Good Doggie — Dog + Handler Team,The dog and handler are both honorees and are scored together as one team. Criteria: dog wellbeing; training/progress; dog-handler bond/communication; safe appropriate behavior/enrichment; team growth/Stewardship.,FOUNDER-CONFIRMED DOG + HANDLER TEAM AWARD — CURRENT,Founder directive — 2026-09-04,Prior working selection design needed the Founder-confirmed understanding that the award belongs to both dog and handler.,"Locked the pair/team eligibility in Awards Register and AMOS; breed, pedigree, appearance and expensive-training advantage are prohibited.",NO,First-cycle animal-welfare reviewer appointment remains future implementation.,2026-09-04,
"Animal, Agriculture, Aquatic + Healing/Community Award Families",Current award architecture includes Helen's Best Cut; Helen's Top Pick; JUST LOVING AWARD; SOPHIA'S SPECIALTY; MAGICAL IMAGINATION; MORE THAN JUST HEALING; THE ONE WHO LET LOVE WIN; Page Master; DIDN'T RUN FROM BETTERMENT; Change Maker; The Over-Flower.,CURRENT CONTROLLED AWARD ARCHITECTURE,Founder directive — 2026-09-04 + prior approved meanings,Institutions existed but award selection controls did not.,"Added award-specific eligibility, 100-point rubrics, animal/food/welfare gates, and sensitive-information/privacy safeguards.",NO,Public-name/IP clearance and first-cycle operation remain separate.,2026-09-04,
Barclay's Best Buddy Selection Process / Barclay's Choice,"Dave's Dog Center animal-agency recognition architecture. BARCLAY'S CHOICE has two distinct awards: BEST TRAINER and BEST COMFORT BUDDY. Both use the Legacy-wide awards backbone plus SC-B, ordinary observation, Barclay Choice Gate, no-influence rule, welfare gate and separate 100-point rubrics.",CURRENT CONTROLLED — FOUNDER-DIRECTED,Founder directive — 2026-09-05,No prior Barclay-specific control was located in current Legacy records.,"Added AW-34/AW-35, dedicated Barclay Best Buddy sheet, SC-B adaptation, AMOS triggers, ML-002 v1.1 and IP/readiness controls.",NO,"First-cycle eligible pool, observation calendar and reviewers are implementation details; no public-name clearance is implied.",2026-09-05,
PREPPIEST PONY — Participants' Favorite Horse,Participant Choice horse recognition linked to Helen's 4-H/Husbandry equine participant experience. The horse with the highest verified valid participant ballot count wins after welfare eligibility. One participant = one private ballot; abstention allowed; no explanation required; no handler/staff campaigning or manufactured preference. The title does not restrict eligibility to pony-sized animals.,CURRENT CONTROLLED — FOUNDER-DIRECTED / PC-01,Founder directive — 2026-09-05,No PREPPIEST PONY control existed in the current master.,"Added AW-36, dedicated Preppiest Pony selection sheet, PC-01, SC-P, AMOS triggers, ML-002 v1.2, Dashboard/IP/readiness cross-references.",NO,First-cycle eligible horse/participant lists and voting window are implementation records; public-name clearance remains separate.,2026-09-05,
,,,,,,,,,
Just Love Pond — Every Institution Entrance Standard,Every current and future AMW Legacy institution must have a Just Love Pond near its principal/public entrance. This entrance-scale pond is a recurring institution arrival feature and is distinct from the larger campus-scale Just Love Coy Pond system.,CURRENT CONTROLLED — FOUNDER-DIRECTED / MASTER-LOCKED,Founder directive — 2026-09-05,The current master had the main Just Love Coy Pond and global aquatic controls but no universal entrance-pond requirement for every institution.,"Added campus-wide control, ML-003, JLP-001, AMOS trigger and a required Entrance Just Love Pond column across the current Legacy Institutions register.",NO,"Site-specific pond size, species/planting, engineering and permitting remain implementation details; accessibility, egress, emergency access and aquatic welfare controls remain mandatory.",2026-09-05,
O'DAY'S LEGACY GARAGE Fleet — 2 Flatbeds + 4 Mega Bus Mobile Shops,Founder-confirmed six-vehicle Garage fleet: exactly 2 flatbed tow trucks and 4 Mega Buses converted into mobile automotive shops. Every Mega Bus mobile shop includes a separated customer waiting/rest area and active automotive work zone. Fleet palette follows the Garage; current visual is durably archived in Legacy Approved Visuals.,CURRENT CONTROLLED FLEET DESIGN — FOUNDER-CONFIRMED / NOT OPERATIONAL,Founder direction — 2026-09-06 + CURRENT CONTROLLED VISUAL — O'DAY'S LEGACY GARAGE FLEET — 2026-09-06.png (Drive ID 128cnIvWtwDEVrX9EAAEK6QjRLiW4VCT3),The Garage had a controlled fixed-site design but no controlled dedicated Garage fleet in the active master.,Added 2 flatbed tow trucks + 4 Mega Bus mobile shops; customer wait/rest separation; palette/inherited fleet controls; dedicated O'DAY Fleet register; visual authority and Drive archive.,NO — this extends the Garage; it does not replace the fixed-site institution or prior building visual.,"Vehicle engineering, tow/recovery compliance, payload/GVWR/axles, equipment securement, ventilation/exhaust, hazardous-fluid/waste, accessibility, fire/life safety, licensing/registration, insurance, workforce/training and operating readiness remain open.",2026-09-06,
Friday Founder Review — Founder Integrated Source,"Friday review source dated 2026-09-04, integrated to the Legacy on 2026-09-06. Preserves review of Awards Architecture, institutional changes, funding controls, fleets, institution names/designs, supersession and duplicate-control history.",CURRENT CONTROL REFERENCE — FOUNDER INTEGRATED,Founder integration — 2026-09-06 + Friday Review source,The prior Sept. 5 hold recorded review material pending final cross-reference; the integrated source needed to be reflected in the active master.,Linked the integrated Friday Review source into the master record without replacing current controlled work or reactivating superseded snapshots.,NO — review source does not replace underlying controlled artifacts.,Keep as Founder review/control evidence; future Friday reviews continue the same verify/consolidate discipline.,2026-09-06,
Institution Operation Manuals — Existing 13 Reconciliation Addendum — Permanent Draft,"Permanent Legacy working draft reconciling the September 7 thirteen-institution manual set to September 10 governance, interior, safety, continuity, readiness and backend-control architecture.",PERMANENT DRAFT / OPERATIONAL CONTROL SET — FOUNDER-DIRECTED / SAVED TO LEGACY — SERVICE-SPECIFIC ACTIVATION GATES APPLY,Founder direction — 2026-09-10 + Drive file ID 1EJB8XJvLYaBp4LF-Y7DLI-zF2Qaa65YH,The September 7 Founder Review manual bodies existed as draft work but were not durably incorporated into the active Legacy.,Preserved the reconciliation addendum as a permanent Legacy draft and linked it to the current manual workstream without activating any institution or regulated service.,NO — permanent-draft preservation does not supersede current controlled design/governance records or the original R03-OM family.,Use now as active operating/manual baseline; continue Founder review and institution-specific SOP/backend reconciliation without suspending applicable controls.,2026-09-10,
Institution/Site Operation Manuals — 22 New Institutions/Sites — Permanent Draft,"Permanent Legacy working-draft packet for the twenty-two current institutions/sites not included in the September 7 thirteen-manual packet, including source-gap treatment where function or details remain unresolved.",PERMANENT DRAFT / OPERATIONAL CONTROL SET — FOUNDER-DIRECTED / SAVED TO LEGACY — SERVICE-SPECIFIC ACTIVATION GATES APPLY,Founder direction — 2026-09-10 + Drive file ID 1ZfxdeKyUKyVcgSWddR6kOXW752I3S-UO,The current 35-institution architecture contained twenty-two institutions/sites without corresponding manual drafts in the September 7 packet.,Preserved the twenty-two-manual packet as a permanent Legacy draft. The historical Live In The Moment Always source limitation is superseded by the later Founder-controlled Soccer / Futsal All-Year Stadium & Sports Complex association and current saved visual authority.,"NO — current institution names, design controls and source gaps remain controlling.","Use now as active operating/manual baseline; continue institution-specific SOP/backend, licensing/credential/site/readiness reconciliation before regulated/public activation.",2026-09-10,
Legacy Fleet Operation Manuals — 13 Fleet/Mobile Program Drafts — Permanent Draft,"Permanent Legacy working-draft packet for the thirteen currently identified fleet/mobile-program manual packages, inheriting the Legacy-wide Fleet Interior and emergency-supply controls while preserving unrecovered vehicle-composition gaps.",PERMANENT DRAFT / OPERATIONAL CONTROL SET — FOUNDER-DIRECTED / SAVED TO LEGACY — SERVICE-SPECIFIC ACTIVATION GATES APPLY,Founder direction — 2026-09-10 + Drive file ID 1BdQC9LVmtPEOpJa4RrLW0OduFtPEhTRl,Current fleet architecture had vehicle/design controls but did not have a consolidated thirteen-package operation-manual draft set.,Preserved the thirteen fleet/manual drafts as permanent Legacy working drafts; Dave's Dog Center General Fleet and Barclay's 24 Hour Oopsie Hospital Fleet remain source-gap shells and no vehicle composition was invented.,"NO — fleet design records, mobility configurations and current Legacy-wide Fleet Interior controls remain governing sources.","Use now as active fleet/manual baseline; continue engineering, maintenance, driver/operator, emergency, accessibility, regulatory, insurance and mission-overlay readiness before physical deployment.",2026-09-10,
107,Turning the Page Reshapers Village — Current Controlled Design,Institution / housing / fleet / visual,CURRENT CONTROLLED — FOUNDER-APPROVED — SAVED TO LEGACY,Dedicated design standard Doc 1AFDNiLoaH4zuhCzRTWwG2qDBB6B21L9T45opqM5GT9k; current visual Drive ID 14pgSNpMOm3YXKKX_1R-CkLpPH5zZ45gP,Recovered developing Transition Housing record and superseded it forward through explicit Founder Update-and-Save direction without deleting provenance.,Current name/design now controls; RA correction and global interior controls explicitly recorded.,2026-09-10,NOT OPERATIONAL,
108,Founder Save / Update Directive — Automatic Durability Control,"Legacy-wide save/update execution and durability control, retroactive to September 2, 2026.",CURRENT CONTROLLED — FOUNDER-DIRECTED,Founder directive 2026-09-12; Drive Doc 1rGZGu80JfDukqC1oKUsNhKCANa5ZCTQiFLGadOMjsyY; audit Doc 195VZ6Wem3cCQdsTFe3rXZxIh_67OkjfoMVsgtkLHeZA,"Prior save/update commands could be incorrectly deferred, held, summarized, or left without exact durable artifact preservation.",Exact named work now carries immediate save-as-is authority; completion requires verified Drive evidence; exact unavailable raw visual sources are preserved by source identity until byte transfer is possible.,Transfer seven exact raw File Library visuals to Legacy Approved Visuals when exact bytes are accessible; do not regenerate or substitute.,2026-09-12,
109,Legacy-Wide Humane Participation / Institutional Governance / Compliance Update,"Founder-directed 2026-09-12 full-stop and institution-wide budget, receipt, staffing, licensing, sanitation, SDS, equipment, accessibility, childcare-boundary, manual and visual inheritance controls. Making the Changes Recovery Village later Founder design also cross-referenced.",CURRENT CONTROLLED — FOUNDER-DIRECTED,Founder prompt 2026-09-12; LW-GSC-01 Drive Doc 1abfrjxgXttD0IN4gFiC6bGhJ6Bz8avwE_X90PvLPvak; current Master Register; Visual Execution Gate; permanent manual packages,"Prior master contained related welfare, readiness and manual controls but did not yet carry the Founder’s new Legacy-wide full-stop, monthly/weekly deadlines or complete required evidence set; Making the Changes still showed the older generic Recovery Center description.","Added ML-004 recovery, ML-005, AMOS triggers, financial controls, governance-inheritance register, campus/interior controls, Recovery Village update, visual-gate cross-reference and permanent-manual inheritance update.",NO,"SUPERSEDED — exact Making the Changes approved visual is verified in Drive as CURRENT APPROVED VISUAL — MAKING THE CHANGES RECOVERY VILLAGE — 2026-09-11.png, Drive ID 1N8dqSiumsX0ne6vVvMEGg6H-2OC1ifVD. No substitute required.",2026-09-12
110,No Blank Slate / Founder Control Inheritance Safeguard,Legacy-wide execution continuity / control inheritance safeguard,CURRENT CONTROLLED — FOUNDER-DIRECTED,Founder directive — 2026-09-13; ML-006; AMOS Trigger Register; Statement Placement,"Risk that a new Legacy action begins from a blank slate despite applicable controlled work already existing, causing omission, rework, lost safeguards, or control drift.","Established the explicit no-blank-slate gate requiring retrieval and inheritance of all applicable current, non-superseded Founder controls before execution.",NO — strengthens ML-004 and the existing Control Inheritance / Non-Supersession rule; does not supersede them.,Apply prospectively to every new Legacy action; identify and recover source gaps instead of recreating established work.,2026-09-13
111,Daily Mirror Review / 2026-09-14 Self-Governing Correction,"Legacy-wide execution review, visual-save durability repair, and funding-screening correction.",CURRENT CONTROLLED — FOUNDER-DIRECTED,Founder directive 2026-09-14; ML-007; IR02; AMOS; Legacy Approved Visuals folder 17urzxo4C8hXccz5kA3kReRJp1rCRwatk; current Funding Pipeline,Repeated same-day visual-rendering failures persisted after acknowledged corrections; recent save/update responses claimed completion before exact Drive-byte verification; funding review also contained an eligibility error for TRANSFORM and a stale hard-gate review for the live Skip September round.,"Established daily 1:00 AM Eastern self-review control; durably archived exact approved visuals for Building Better Futures (Drive 16q9N0y_oLIM0_CAcpdT89-YWSMRy7vwf), Leaving Meaningful Words (Drive 1GWQBgsLJQs7GhYv-NHwzzlDPYbc51dt-), and Nic’s Fashion Idea (Drive 1lH0fCo5UOrRZRmcrD7K_HZLIEFhHqCjx); corrected funding screening/current next actions.",NO — strengthens ML-004/ML-006/IR02 and existing save/update/funding controls; does not supersede them.,The Legacy’s Power remains an unresolved visual artifact and is not represented as approved/saved. Continue outcome tracking on submitted grants and do not re-present submitted opportunities as new.,2026-09-14
112,The Legacy's Power — Founder Approved Visual Save,CURRENT CONTROLLED — FOUNDER-APPROVED — SAVED TO LEGACY,Legacy Institutions / Campus & Interior Control / Institution Interior Cross-Ref / Institution Governance / Fleet Interior Cross-Ref / Legacy Approved Visuals,"Founder prompt and exact uploaded approved visual, 2026-09-14",Prior The Legacy's Power visual remained unresolved until the Founder explicitly supplied and approved the exact rendering to save.,Replaced the prior controlled visual bytes in place under Drive ID 1MTvoND6Nb56tuMY55Hmy7igYKjxy8MbT and integrated LIN-040 design/interior/governance/fleet cross-references.,Earlier non-approved generated attempts remain non-controlling and are not promoted.,No remaining visual-save gap for the Founder-approved institution rendering.,2026-09-14
113,Level 5 Mirror Review — The Legacy's Power fleet rendering failure,CURRENT CONTROLLED — MIRROR REVIEW SAVED / CONTROLS STRENGTHENED,Mirror Review Archive / Master Lock Register / Visual Execution & Founder Approval Gate / Daily Mirror Review automation,"Founder correction and immediate Mirror Review, 2026-09-14",Repeated same-class fleet rendering failure after Level 4 strengthening; exact controlled fleet was replaced by unauthorized categories and changed purposes.,"Archived Level 5 review; added ML-013 / ML-014 / ML-015; strengthened pre-tool fleet checksum, contamination fail-stop, and rendering-type lock; daily Mirror Review automation updated accordingly.",Incorrect prior generated fleet visuals remain non-controlling and are not approved/saved as Legacy fleet references.,Open correction: future requested fleet visual must pass the strengthened pre-tool gate before rendering.,2026-09-14
114,System-Wide Level 5 Mirror Review — execution failures across all Legacy workstreams,CURRENT CONTROLLED — MIRROR REVIEW SAVED / CONTROLS STRENGTHENED,Mirror Review Archive / Master Lock Register / Visual Execution Gate / Funding & Resource Qualification / Daily Mirror Review,"Founder correction and immediate system-wide Mirror Review, 2026-09-14","Prior review was improperly narrowed to fleet rendering although the recurrent pattern spans visuals, funding, eligibility, demographic/resource matching, save/update completion, control inheritance and corrective follow-through.","Added ML-016 through ML-019 and recorded system-wide Level 5 failure. Strengthening now requires pre-action intent/control verification, cross-domain qualification full-stop, stop/cancel of known-wrong work before presentation, and quarantine of repeated failure classes until verified compliant re-entry.","Existing domain-specific controls remain controlling and additive; these controls do not replace funding hard gates, visual gates, or Founder prompt fidelity.",Each failure class remains open until at least one verified compliant execution demonstrates the correction held.,2026-09-14
115,Nic's Fashion Idea Fleet — Founder Approved Visual Save,CURRENT CONTROLLED — FOUNDER-APPROVED — SAVED TO LEGACY,Fleet Interior Cross-Ref / Legacy Institutions / Legacy Approved Visuals,"Founder prompt + exact uploaded approved visual, 2026-09-14",A separate fleet visual had not yet been durably saved as an additive controlled visual.,"Uploaded the exact Founder-approved image bytes to Legacy Approved Visuals as CURRENT CONTROLLED VISUAL — NIC'S FASHION IDEA FLEET — 2026-09-14.png, Drive ID 1ACFaaNw9J-8gkB0_aAB-hOMqODfDQvGk; cross-referenced it without replacing Nic's Fashion Idea institution visual.",The institution visual remains separately controlled under Drive ID 1lH0fCo5UOrRZRmcrD7K_HZLIEFhHqCjx; no supersession occurred.,None for this save action. Any future fleet redesign requires explicit Founder direction.,2026-09-14
117,Automatic Error-Triggered Mirror Review / No Founder Re-Prompt Required,Legacy-wide self-governing correction trigger,CURRENT CONTROLLED — FOUNDER-DIRECTED,Founder correction 2026-09-15; ML-020; IR02; ML-007/016/018/019,"Mirror Review had been established as self-governing, but the assistant still waited for an explicit Founder request after a newly acknowledged error.","Added a mandatory immediate trigger: any detected or Founder-identified error automatically launches Mirror Review before explanation, retry, presentation, or further action; correction attempt follows automatically.",NO — strengthens existing Mirror Review architecture; does not create a parallel system.,Keep failure class open until demonstrated by a future automatic error-triggered review and compliant correction without Founder prompting.,2026-09-15
118,Barclay's Fleet Wrap — Exact Founder-Uploaded Photo / Approved Wrap,"Barclay fleet visual identity across Puppy’s Carpool, Rescue Pawtrol, and Oopsie Hospital",CURRENT CONTROLLED — FOUNDER-DIRECTED — SAVED TO LEGACY,Founder Update-and-Save direction 2026-09-15; Legacy Approved Visuals; Architecture Cross-Reference; approved File Library visual sources,AI-generated Barclay likenesses and altered wraps repeatedly replaced the controlled actual-photo treatment.,The actual uploaded Barclay photo(s) and established approved wrap composition are now explicitly locked as exact-source assets. Puppy’s Carpool remains The Explorer + The Companion; Rescue Pawtrol remains 2 Tour Buses; Oopsie Hospital fleet is Animal Ambulance + Mobile Surgery Unit. No program merger or vehicle/function reassignment.,NO — this preserves and strengthens existing approved visual identity; it does not create a new wrap design.,Use the approved concept boards as the visual base. Any tool that cannot preserve the exact Barclay photo/wrap must fail-stop.,2026-09-15
119,Safely and Humanly Cleaning The Space Legacy Extermination — Campus Visual Save + School-Bus Reconciliation,Campus visual / institution design / fleet visual-control reconciliation,CURRENT CONTROLLED CAMPUS VISUAL — FOUNDER-DIRECTED — SAVED TO LEGACY,Founder Update-and-Save 2026-09-15; Drive ID 1SqWLdTmVvijrohRcjSZNAZTbprlIZ4gW; ML-022; Fleet Interior Cross-Ref,The Founder-selected campus rendering was ready for durable save but showed conventional yellow school buses despite the current recent 22nd-century school-bus modernization control.,Saved the exact Founder-selected campus image as-is; documented conventional yellow school buses as non-controlling for school-bus exterior treatment; reconciled the recent 22nd-century school-bus rule explicitly while preserving each institution's mission/count/interior/accessibility assignments.,NO — the exact saved image is preserved. Written school-bus control governs the conflicting depiction; no silent redesign or mobility assignment was added.,"Future fleet/school-bus visual for this institution must use 3 22nd-century supply school buses, no inferred mobility split, and visible interiors/exteriors under ML-021.",2026-09-15
