Item,Recovered / Controlled Content,Status,Source,Control Note
Official Name,"The Legacy Resource Library — A Living Library of Knowledge, Resources and Stewardship",APPROVED,Aug. 9 prior chat,Official resource-library identity.
Collections,Knowledge; Seed & Botanical; Material Bank; Tool; Living Knowledge; Legacy Archive,APPROVED / RECOVERED,Aug. 9 prior chat,Collections are distinct resource/knowledge containers; exact subfields remain source-dependent.
Resource Steward,Steward role responsible for responsible resource-story handling and continuity.,ESTABLISHED,Prior resource architecture + current master,Current master already uses Resource Steward across resource controls.
Living Resource Ledger / Resource DNA,Preserves the resource's story and continuity rather than functioning as a simple inventory.,LOCKED / ESTABLISHED,Prior chat + current Ledger statement,Current master statement: the Ledger is the Steward of the resource's story.
Investment Acceptance Process,Renamed/approved process governing responsible acceptance of resources/investments.,APPROVED / RECOVERED,Aug. 9 prior chat,Do not treat acceptance as mere possession without stewardship review.
Custodian of Possibility,Named resource-stewardship role/concept in the acceptance/stewardship architecture.,APPROVED / RECOVERED,Aug. 9 prior chat,Exact original role fields require source recovery.
Legacy Assurance Checklist,Named assurance instrument in resource acceptance/stewardship.,APPROVED / RECOVERED,Aug. 9 prior chat,Exact checklist fields require source recovery.
SOP-R01,Investment Acceptance & Resource Stewardship,LOCKED DRAFT / ESTABLISHED IDENTIFIER,Aug. 9 prior chat,"Connected to Investment Acceptance, Resource Stewardship Cycle, Tenfold model and AMOS."
SOP-R02,Borrow → Use → Learn → Return,LOCKED DRAFT / ESTABLISHED IDENTIFIER,Aug. 9–10 prior chat,Resource use/return cycle; exact form fields remain source-dependent.
Resource Stewardship Cycle,"Named operating cycle connecting acceptance, use, learning, return, repurposing/retirement and continuity.",LOCKED DRAFT / RECOVERED,Aug. 9 prior chat,Do not invent omitted stage labels.
Tenfold Stewardship Model,Named stewardship model / Tenfold Principle.,LOCKED DRAFT / RECOVERED,Aug. 9 prior chat,Exact ten elements require original-source recovery.
Knowledge Continuity Principle,Knowledge cannot die with its discoverer.,LOCKED DRAFT / EXACT SOURCE,Aug. 10 prior chat,Governs knowledge transfer and contributor continuity.
Knowledge Continuity Cycle,Discover → Credit → Capture → Teach → Pass Forward,LOCKED DRAFT / EXACT SOURCE,Aug. 10 prior chat,Five-part cycle recovered exactly.
Reshaper Principle,person before credential,ACCEPTED SOURCE PRINCIPLE,Aug. 9 prior chat,Supports the Reshaping Commons / Reshaper pathway; preserve as source principle.
Reshaper Journey,Pause → Conversation → Discovery → Preparation → Learning → Practice → Credential → Contribution → Ripple,APPROVED / EXACT NINE-STAGE JOURNEY,Aug. 9 prior chat,Current Reshaper statement remains controlling; this restores the journey architecture.
Resource Reflection Question,What is still better because I was here?,SOURCE-RECOVERED,Aug. 9 prior chat,Use only in resource/Legacy reflection contexts unless a later placement control specifies more.
