Code,Division,Service,Purpose,Outcome,Deliverables,Timeline,Legacy Impact
AMW-FND-001,Foundation,Nonprofit Startup / Readiness Consultation,Clarify startup responsibility and sequence,Readiness pathway,"Assessment, priority plan, selected startup docs",2-6 weeks,Builds a usable foundation
AMW-FND-002,Foundation,Mission / Vision / Purpose Development,Clarify organizational direction,Coherent public/internal direction,"Mission, vision, purpose, message notes",1-3 weeks,Helps future decisions trace to purpose
AMW-ORG-015,Organizational Excellence,Board Structure Development,Strengthen governance roles,Clear board structure and decision flow,"Role map, governance recommendations, implementation notes",2-4 weeks,Reduces founder dependency
AMW-BRD-021,Brand & Communications,Brand Foundation / Positioning,Build professional identity foundation,Consistent message and visual direction,"Positioning, voice, visual/Canva plan",2-6 weeks,Makes the institution recognizable and transferable
AMW-IP-025,Brand & IP Readiness,Copyright / Trademark Readiness,Organize assets and filing preparation,Protection pathway,"IP inventory, readiness map, administrative preparation",2-6 weeks,Preserves value of what clients create
AMW-COM-031,Community Engagement,Community Needs Assessment,Understand conditions before response,Evidence-based program direction,"Assessment plan, tools, findings brief",4-10 weeks,Builds around evidence
AMW-COM-032,Community Engagement,Community Liaison & Outreach,Strengthen trusted connection,Clear relationship pathways,"Outreach plan, stakeholder map, communication tools",2-8 weeks,Improves access and trust
AMW-COM-033,Community Engagement,Partnership Development,Create responsible partner roles,Clear boundaries and shared value,"Partner map, outreach tools, responsibility matrix",3-8 weeks,Creates a stronger village
AMW-GRT-041,Funding & Resource Readiness,Grant Readiness Assessment,Determine funding readiness,Clear gaps and fit,"Assessment, gap plan, priority path",2-4 weeks,Improves award stewardship
AMW-GRT-042,Funding & Resource Readiness,Grant / Funding Research,Locate fitting opportunities,Qualified pipeline,"Pipeline, eligibility notes, next actions",2-6 weeks,Makes research repeatable
AMW-GRT-043,Funding & Resource Readiness,Proposal & Narrative Support,Develop selected proposal components,Submission-ready scoped materials,Narrative/budget/attachments/review,2-8 weeks,Builds reusable language
AMW-RSC-046,Resource Navigation,Resource Location & Referral,Locate usable non-grant resources,Verified resource map,"Provider verification, routing notes",1-4 weeks,Closes access gap
AMW-LDR-050,Leadership & Capacity,Board / Leadership Training,Build practical leadership capability,Leaders can carry responsibility,"Training, tools, follow-up",1 day-6 weeks,Transfers capability
AMW-EVT-060,Events & Community Programs,Event Readiness & Venue Search,Turn event concept into verified plan,Event readiness,"Criteria, venues, verification log, matrix",2-3 weeks,Prevents last-minute dependency
AMW-EVT-061,Events & Community Programs,Full Event Partnership,Support defined event through implementation,Coordinated event delivery,"Venue/vendor/partner coordination, run-of-show, on-site support when scoped",Scope-specific,Creates repeatable event pathway
AMW-RDI-070,Research & Innovation,Research / Data / Innovation Support,"Support research, STEAM, tech or digital equity",Decision-ready innovation pathway,"Brief, scan, pilot framework/data tool",3-10 weeks,Builds future capability
