THE AMW LEGACY — WORK-PRODUCT CORPUS SUMMARY,,,
Corpus count is not approval count. This sheet records the current Library census used for stabilization.,,,
,,,
FILE TYPE,COUNT,SHARE OF CORPUS,AUTHORITY NOTE
PNG,939,0.8743016759776536,"Includes controlled visuals, drafts, screenshots, source evidence, rejected/superseded work"
DOCX,53,0.049348230912476726,"Includes design standards, manuals, control documents and other work products"
XLSX,35,0.032588454376163874,Includes historical master-register versions and other spreadsheet controls
ZIP,22,0.020484171322160148,Preserved packages/archives; not authority by file type alone
PDF,20,0.0186219739292365,Documents/rendered outputs; authority requires evidence
HTML,2,0.00186219739292365,Preserved work product
TXT,2,0.00186219739292365,Preserved work product
MP4,1,0.000931098696461825,Preserved work product
TOTAL,1074,1,Full THE AMW LEGACY Library corpus as of stabilization census
Model-generated files — all types,792,,
Non-generated files — all types,282,,
Image corpus only,756,,
