THE AMW LEGACY — STABILIZATION CONTROL CENTER,,,
"Development is frozen unless the Founder expressly directs otherwise. Recovery, reconciliation, authority tagging, durability repair, and urgent operational work may continue.",,,
,,,
STABILIZATION STATE,CURRENT VALUE,,
Stabilization Mode,ACTIVE — FOUNDER DIRECTED,,
Development Freeze,ACTIVE — no new Legacy institution/design/rendering development without explicit Founder release,,
Current Master,AMW_MASTER_LAUNCH_REGISTERS_CURRENT_STABILIZATION_ACTIVE.xlsx — SINGLE OPERATIONAL SOURCE OF TRUTH,,
Historical Masters,PRESERVED AS PROVENANCE — not deleted; not controlling merely because newer/older,,
Current Institutions,47,,
Full Library Work-Product Corpus,1074,,
Image Corpus,756,,
Model-Generated Images,524,,
Non-Generated Images,232,,
All Library File Types,939 PNG / 53 DOCX / 35 XLSX / 22 ZIP / 20 PDF / 2 HTML / 2 TXT / 1 MP4,,
Generated Files — All Types,792,,
Non-Generated Files — All Types,282,,
Combined Sports Fleet Visual,QUARANTINED / NON-CONTROLLING,,
Percy's Pitch Visual,LIBRARY-PRESENT / NOT UPDATE-AND-SAVED,,
,,,
,,,
SOURCE-OF-TRUTH HIERARCHY — MUST BE USED IN THIS ORDER,,,
1,Exact Founder prompt / correction / Update-and-Save directive,Highest authority for the specific action,Must be read completely; no skimming
2,"Current non-superseded controls, safeguards, full-stops and Master Locks",Inheritance authority,Omission never equals supersession
3,Exact Founder-approved/current-controlled artifact,Artifact authority,Preserve exact approved elements
4,Current master registers + current controlled Drive/Library source,Database authority,Must match Founder direction
5,Prior Mirror Reviews + Recovery Crosswalk + Workstream Reconciliation,Assurance/provenance,Cannot silently override Founder direction
6,"Historical masters, rejected drafts, superseded visuals, screenshots",Provenance only,Preserve; do not treat as current authority
7,Assistant summary/memory,Navigation aid only,Never substitutes for exact prompt/control/source
,,,
,,,
STABILIZATION FREEZE — WHAT IS BLOCKED VS WHAT MAY CONTINUE,,,
BLOCKED,New institution concepts / redesigns / re-renderings,Until Founder explicitly releases stabilization freeze,
BLOCKED,Superseding approved/current-controlled artifacts,Unless Founder explicitly directs supersession,
BLOCKED,Deleting/renaming/moving historical work merely to 'clean up',Preserve provenance; duplicates require evidence before cleanup,
ALLOWED,Recovery and exact-source retrieval,Required,
ALLOWED,Cross-chat / Library / Drive reconciliation,Required,
ALLOWED,Authority tagging and lineage mapping,Required,
ALLOWED,"Repairing false statuses, missing IDs, stale names and save-state language",Required,
ALLOWED,Urgent business operations explicitly directed by Founder,"Registration, licensing, funding, client work, compliance and launch readiness are not frozen",
,,,
,,,
STABILIZATION EXIT GATES — ALL MUST HOLD BEFORE NORMAL DEVELOPMENT RESUMES,,,
GATE-01,Current master designated and historical masters preserved,HOLDING,
GATE-02,All current institutions synchronized across institution/interior/governance registers,HOLDING — 47,
GATE-03,Visual corpus count separated from visual authority count,HOLDING — 756 corpus images; authority subset separate,
GATE-04,All saved/current visual authority items individually mapped to exact source + save state,IN PROGRESS,
GATE-05,"All 1,074 Library work products assigned authority/provenance state",OPEN,
GATE-06,Prompt → control → artifact → Founder correction → save/update lineage indexed for all high-risk workstreams,OPEN,
GATE-07,All 'missing/unrecoverable' claims rechecked through current chat → Project history → chronological Library → Library search → Drive/recovery,IN PROGRESS,
GATE-08,No unresolved repeated-failure class falsely marked closed,HOLDING — visual execution remains quarantined,
GATE-09,Founder no longer required to reconstruct recoverable work,OPEN UNTIL VERIFIED BY EXECUTION,
,,,
,,,
,,,
FOUNDER-DIRECTED EXCEPTIONS / RELEASES WITHIN STABILIZATION,,,
RELEASED,Funding / registration / client-operability lane,CONTINUOUS — ML-025; never frozen,
RELEASED,Pond Global Standard,Operational standard activated,
RELEASED,I AM A MASTERPIECE Cosmetology Gallery,Operational control activated; external gates remain,
RELEASED,Don't Run From Betterment HIV/AIDS Center,Operational control activated; regulated-service gates remain,
RELEASED,Imagine Aquarium Magic,Operational control activated; aquarium bus interiors specifically authorized for visual review,OPEN — COMPLIANT AQUARIUM BUS-INTERIOR RENDERING NOT YET PRODUCED; 2026-09-21 LABELED PRESENTATION BOARD REJECTED/NON-CONTROLLING
RELEASED,O'DAY'S LEGACY GARAGE Fleet,Operational fleet control activated; deployment gates remain,
RELEASED,Permanent Draft Operation Manuals,Operational control set activated,
RELEASED,Pouring It Back In,Operational control activated; food/site/transport gates remain,
RELEASED,Barclay's 24 Hour Oopsie Hospital,Operational control activated; veterinary commissioning gates remain,
RELEASED,Make The Changes Recovery Village,Correct current name + operational control activated; clinical/housing/transport gates remain,
,,,
ACTIVE CONTROL,Prompt Persistence / No Re-Prompt,ACTIVE — ML-008 + ML-023,The complete Founder prompt remains controlling through closure. Known failures must be corrected without requiring the Founder to paste the controlling prompt again.
ACTIVE CONTROL,Repeated-Failure Fresh-Chat Trigger,ACTIVE — FOUNDER-DIRECTED 2026-09-21,"When the Founder has had to identify multiple failures in the same chat, that chat is in corrective-closeout only. No new normal Legacy development continues there. A fresh Project chat is required for the next Legacy development task, with the current Stabilization Master and controlling records carried forward automatically."
CURRENT EXECUTION TEXT,Recursive Mirror Review / Python Validation Loop,ML-023 — CURRENT FOUNDER WORDING,run your Mirror Review through Python if changes are needed repeat the cycle
