Audit Item,Verified Current State,Correction / Control,
Full THE AMW LEGACY Library image corpus,1008 image files in current live Library census,"Verified 2026-09-23 from the recursive /THE AMW LEGACY Library snapshot. Corpus count is not approval count; generated/current/approved/rejected/superseded authority remains separately classified.",
Drive-approved/current visual authority,Indexed in Approved Visual Authority 9-19,Exact Drive current/approved artifacts control; source-evidence and transfer-gap rows keep their limited authority.,
Generated Library images not separately approved/current,PRESERVED PROVENANCE / REVIEW DRAFT / NON-CONTROLLING,"Generation does not equal approval, update, save or Drive verification.",
Founder criticism/rejection,NO DELETE / NO HIDE / NO ABANDON AUTHORITY,Rejected images remain provenance and cannot silently become current.,
Edit-only visual requests,APPROVED BASE FROZEN OUTSIDE FOUNDER-NAMED CHANGE SET,"If method cannot preserve the base, fail-stop rather than regenerate.",
Actual finished artifact,MUST PASS CROSS-REFERENCE + MIRROR REVIEW BEFORE PRESENTATION,Pre-generation prompt review alone is not completion.,
Recent combined sports-fleet boards,QUARANTINED / NON-CONTROLLING,Individual current saved sports visuals remain current; combined replacement remains open.,
Percy's Pitch visual family,LIBRARY-PRESENT / NOT UPDATE-AND-SAVED,Old false-absence conclusion superseded; no saved-status promotion.,
Mini & Future Stewards' World visual,FOUNDER-APPROVED / EXACT LIBRARY SOURCE / DRIVE-VERIFIED 2026-09-20,Exact source transferred without regeneration; prior open gap closed.,
Raw-source transfer gaps,CLOSED 2026-09-20 — ALL SEVEN IDENTIFIED EXACT RAW SOURCES TRANSFERRED,Drive IDs recorded in Approved Visual Authority; source-evidence screenshots remain provenance and do not replace the exact originals.,
2026-09-21 Imagine Aquarium Magic bus-interior presentation board,REJECTED / NON-CONTROLLING — PROVENANCE ONLY,"Labeled board/collage format violated ML-015 and generic inherited interiors did not satisfy the institution-specific bus-interior rendering request. It cannot be promoted, saved as current, or used as visual authority.",MR-2026-09-21-04
Raw visual binary / pixel decode audit,"1008 images enumerated; raw-byte decode NOT complete","Python decoded the only locally exposed raw visual binary. Library materialization test on first 50 returned 0 raw files / 50 authorization-path warnings. No claim of full pixel review is permitted until all 1008 raw binaries are actually readable.",MR-2026-09-23-ALL-TRANSCRIPTS-PIXELS
