Component,Status,Current Requirement,Owner,Next Action
Home / Institutional identity,READY TO DEPLOY,"Professional, current-status-safe identity and full AMW service model",CMO / CTO,Deploy current static site
Services / Connect Support Empower,READY TO DEPLOY,Show packages + custom Service Library,CMO,Publish verified pricing
About / Founding Team,READY TO DEPLOY,Alicia Walker + Indya Massey as active Co-Founders / 52-48 Owners,CMO,Use controlled bio
Client Intake,READY TO DEPLOY,Minimum-necessary intake form,CTO,Deploy form and test routing
Holiday Door 1 — Request Holiday Resources,READY TO DEPLOY,F03A,CTO / Program,Deploy and test
Holiday Door 2 — Contribute to Toy Drive,READY TO DEPLOY,Contributor Door / toy route,CTO / Program,Deploy and test
Holiday Door 3 — Join the Table / Request Meal Support,READY TO DEPLOY,F03B,CTO / Program,Deploy and test
Holiday Door 4 — Help Set the Table,READY TO DEPLOY,Contributor Door pre-routed,CTO / Program,Deploy and test
Publicity Choice,READY TO DEPLOY,Separate optional consent; no response=no consent,CTO / Program,Deploy separate path
Domain,OPEN,Free no-ad hosting can use Netlify subdomain; owned domain remains separate purchase,CTO / CFO,Deploy interim subdomain; acquire permanent domain when approved
Email migration,DEVELOPING,Move to institution-controlled domain email after domain active,CTO / Office Steward,Create migration plan
Instagram — THE AMW LEGACY,ACTIVE — 0 POSTS,@amwlegacy; active Legacy account. Do not represent as inactive because there are no posts.,CMO / Founder,Shophand follow completed; begin posting only under approved launch/content plan.
Facebook — THE AMW LEGACY,ACTIVE — 0 POSTS,@amwlegacy; active Legacy account. Do not represent as inactive because there are no posts.,CMO / Founder,Shophand follow completed; begin posting only under approved launch/content plan.
X — THE AMW LEGACY,ACTIVE,@amwlegacy0706; Legacy business-only account established.,CMO / Founder,Shophand follow completed; preserve exact handle in applications and controlled records.
LinkedIn — THE AMW LEGACY,ACTIVE / URL TO CAPTURE,Legacy LinkedIn presence established sufficiently to follow Shophand; exact public page URL not yet captured in controlled record.,CMO / Founder,Shophand follow completed; capture exact public LinkedIn page URL/name for controlled social register.
