Workstream,Classification,Governing Master Destination,Authoritative Evidence,Current vs Missing,Action Taken This Review,Superseded / Duplicate Treatment,Remaining Gap,Verified
AMOS Triggers,CURRENT REGISTER — UPDATED,AMOS Trigger Register,Prior chats + current master,Current; 34 prior triggers preserved,Added R03 package-integrity and payroll authorization triggers,No current trigger deleted,Continue event-driven updates only,2026-09-03
AMOS Registers,ESTABLISHED INSTRUMENT FAMILY — VERIFIED,Recovered Work Register / AMOS source artifacts,"AMOS Forms & Instruments — Steward Ready; AMW Internal AMOS Policies, Controls & Forms Register",Present in Drive but under-surfaced in master,Restored the R03 register/form/manual family and one-package rule,No parallel AMOS system created,Some original field-level instrument text remains source-dependent,2026-09-03
Client Funding,CURRENT REGISTER — PRESERVED,Client Funding,Current master + controlled client package,Current,Confirmed current controlled amount/status; did not revive older pricing,Historical $400 price remains superseded,Operational entries update with live client evidence,2026-09-03
Contracts Register,CURRENT REGISTER — PRESERVED,Contracts Register,Current master + internal/client agreements,Current,Confirmed contract controls and separation of relationship types,Older conflicting templates excluded from governing use,Populate only from executed/current agreements,2026-09-03
Event Readiness,CURRENT REGISTER — PRESERVED,Event Readiness,Current master,Current,Preserved Event 1 and Event 2 as separate evidence records,No event records collapsed or duplicated,Update as events advance,2026-09-03
Executive Action,CURRENT REGISTER — UPDATED BY CROSS-REFERENCE,Executive Action,Current master + source recovery obligations,Current,Retained active owners and recovery actions; refreshed related source controls,No completed action reopened without new evidence,Active recovery items remain open until materialized,2026-09-03
Funding Pipeline,CURRENT REGISTER — PRESERVED,Funding Pipeline,Current master + funding-control chats,Current,Preserved non-debt/non-equity gates and applied-opportunity continuity,Loans/equity rows remain excluded,Verify each live round and authoritative terms,2026-09-03
Holiday Readiness,CURRENT REGISTER — PRESERVED,Holiday Readiness,Current master + HCPP instruments,Current,Confirmed Promise/Possession and separate participant/publicity controls,No promised resource represented as possessed,Update only with verified event/resource evidence,2026-09-03
IP & Brand Assets,CURRENT REGISTER — UPDATED,IP & Brand Assets,Current master + Brand Book / BPR01 sources,Current with one omitted source standard,Added the source-verified typography standard,Filing-hold items retained; no silent renaming,BPR01 standalone specification package still requires full materialization,2026-09-03
IP Knockout Search & Filing,CURRENT REGISTER — PRESERVED,IP Knockout & Filing,Current master + 2026-09-01 knockout update,Current preliminary status,Confirmed risk/hold positions and direct-search requirements,No mark promoted from hold without clearance,Direct USPTO/Maryland/design searches remain filing prerequisites,2026-09-03
Leadership Screenings,CURRENT REGISTER — PRESERVED,Leadership Screening,Current master + workforce source artifacts,Instrument present; no candidate activity,Retained empty operating row without fabricating candidates,Superseded workforce copies removed only when hash-identical,Populate when a real screening occurs,2026-09-03
Payroll Controls,LOCKED CONTROL — RESTORED,Payroll Control / AMOS Trigger Register,"Aug. 29 chat + Business, Financial & Payroll source",Register existed; schedule/signature rule was under-surfaced,"Restored 15th/30th schedule, last-day exception, and two-wet-signature chain",PAYROLL-READY / NOT YET ACTIVATED remains controlling,Activate only after workforce/legal/payroll readiness,2026-09-03
Resource Donations,CURRENT REGISTER — PRESERVED,Resource Donations,Current master + resource stewardship controls,Current instrument; no donor activity,Retained without invented donations,Promise does not equal possession,Populate only when resources are lawfully controlled,2026-09-03
Resource Reception,CURRENT REGISTER — PRESERVED,Resource Reception,Current master + resource-center cross-reference,Current instrument,"Confirmed dignity, minimum-necessary-information and routing boundaries",Reception/Storage/Distribution remain distinct responsibilities,Physical build remains future/readiness-gated,2026-09-03
Service Library,CURRENT REGISTER — PRESERVED,Service Library,Current master + Service Architecture source,Current,Confirmed 16 current service-library entries,No historical lifecycle substituted for the controlled lifecycle,Update through controlled service design,2026-09-03
Continuity,LOCKED / ESTABLISHED — UPDATED,Statement Placement / AMOS / Recovered Work Register,SOP-R03 — Institutional Continuity + Aug. 12 chat,Current; family identity under-surfaced,"Restored exact operating chain, status signals and R03 package identity",Continuity remains broader than succession,Field-level originals not reproduced remain explicit source gaps,2026-09-03
No-Retaliation,LOCKED — PRESERVED,Statement Placement,Current controlled statement register,Current expanded safeguard,Confirmed no-retaliation/no-consent/eligibility protections,Older narrower wording does not supersede current expanded control,None in current statement evidence,2026-09-03
Institutional Interface,LOCKED — PRESERVED,Statement Placement / AMOS Trigger Register,CPRS / IACT / IRC current controls,Current,"Confirmed three-room questions, threshold safeguard and Return",No parallel interface system created,Underlying forms remain governed by current source artifacts,2026-09-03
Statement Placement Register,CURRENT CONTROLLED REGISTER,Statement Placement,Current master,328 distinct entries; no known unresolved exact-text fragments,Preserved all distinct statements; added no duplicate wording,Exact normalized duplicates remain excluded,Continue source-level recovery only where standalone instruments are incomplete,2026-09-03
Steward Recruitment,CURRENT REGISTER — PRESERVED,Steward Recruitment,Current master + workforce source,Instrument present; no candidate activity,Retained without invented candidates,Hash-identical workforce source copy removed; canonical retained,Populate when recruitment begins,2026-09-03
Venue Register,CURRENT REGISTER — PRESERVED,Venue Register,Current master,Current,Confirmed advance/condition and aging controls,No venue promoted without re-verification,Update with provider-direct evidence,2026-09-03
Volunteers,CURRENT REGISTER — PRESERVED,Volunteers,Current master + community controls,Instrument present; no volunteer activity,Retained without invented people/hours,No applicant represented as accepted,Populate on verified service activity,2026-09-03
Website & Launch,CURRENT REGISTER — PRESERVED,Website & Launch,Current master + website development source,Current controlled launch state,Confirmed readiness/status-safe publishing requirements,Historical LLC/EIN visuals remain excluded,Domain and email migration remain developing,2026-09-03
SOP,ESTABLISHED ARTIFACT — VERIFIED,Recovered Work Register / AMOS Trigger Register,AMOS SOP-R03 — Institutional Continuity — Steward Ready,Current Drive artifact,Cross-referenced the actual SOP and package-integrity rule,Dated byte-identical copy deleted; Steward Ready copy retained,No false claim that every underlying original field is reproduced,2026-09-03
Operational Manuals,PERMANENT DRAFT PACKAGES SAVED — R03 ORIGINALS REMAIN PARTIAL SOURCE,Recovered Work Register / Institutional & Campus Architecture / Permanent Draft Manual Folder,SOP-R03 + AMOS Forms & Instruments + 3 permanent draft manual packages saved 2026-09-10,Three permanent draft packages now durably preserved: existing 13 reconciliation addendum; 22 new institution/site manuals; 13 fleet/mobile manuals. R03-OM02–R03-OM10 remain established identifiers whose exact originals are not all reproduced.,"Updated the Legacy to preserve the new manual packets permanently as drafts; did not activate institutions, regulated services, fleets, or replace unrecovered original R03 manuals.",No substitute manual is treated as an original R03-OM body; current institution/fleet/design controls and source gaps retain authority.,Founder review and detailed SOP/backend integration remain required before operational approval; source-gap items must be recovered or explicitly established without invention.,2026-09-10
Legacy Initiatives,CONTROLLED STATEMENT / DEVELOPING PROGRAM ARCHITECTURE,Statement Placement / Recovered Work Register,Current master + community/Legacy source,Current,Confirmed exact Legacy Initiative statement and long-term status,No future program represented as operational,Activation remains readiness-gated,2026-09-03
Legacy Table,CONTROLLED CONCEPT + DEVELOPING INSTITUTION,Statement Placement / Recovered Work Register / Holiday Readiness,Current master + Legacy Ecosystem source,Current and distinct from a single holiday event,Preserved institutional/program/near-term implementation layers separately,No collapse into the Holiday Community Meal,Permanent program/facility design remains future,2026-09-03
AMW Leadership Academy,DEVELOPING INSTITUTIONAL CAPABILITY,Statement Placement / Recovered Work Register,Current master + institutional blueprint,Current developing architecture,"Cross-referenced Academy, Community Leadership Center and network",No parallel governance system created,Curriculum/staffing/facility remain future,2026-09-03
Brand Promise,CONTROLLED EXPRESSION / FILING RESTRICTED,Statement Placement / IP & Brand Assets,Brand Book + knockout register,Current historical/supporting language; not a cleared AMW mark,Preserved “Helping Those Who Help Others” with legal-use restriction,No trademark filing claim,Legal review before prominent trademark-style use,2026-09-03
Soul of AMW,LOCKED — EXACT TEXT PRESERVED,Statement Placement / THE SOUL OF AMW controlled document,Prior-chat recovery + current Drive document,All seven distinct pillars restored,Confirmed no collapse with Legacy Charter Pillar VI,No duplicate pillar bodies added,None in current exact-text evidence,2026-09-03
Pillars,MULTIPLE CONTROLLED FAMILIES — PRESERVED,Statement Placement,Current master,Current; families remain distinct,"Kept Soul pillars, service-domain pillars and Legacy Charter pillar identity separate",No numbering-based merge,Future additions require explicit family identity,2026-09-03
Reflection / Mirror Reviews,LOCKED / DEVELOPING BY INSTRUMENT,AMOS Trigger Register / Statement Placement / Recovered Work Register,IR02 + 50-Year Mirror + Century Vision sources,50-Year exact; 100-Year concept source-limited,Preserved exact IR02/50-Year text and marked 100-Year wording gap,Did not invent a 100-Year question,Recover or explicitly define 100-Year wording/cadence,2026-09-03
Founder's Compass,LOCKED — EXACT TEXT PRESERVED,Statement Placement,Prior-chat exact recovery,Current,Confirmed eight questions and approved placements,No alternate Compass substituted,None,2026-09-03
Legacy Charter,LOCKED / CONTROLLED,Statement Placement / Recovered Work Register,Current master + Charter recovery,Current,Preserved Charter doctrine and distinct Pillar VI,No merge with Soul Pillar VI,Standalone source artifacts remain governed by current files,2026-09-03
Governance,LOCKED / ESTABLISHED,AMOS Trigger Register / Statement Placement / Recovered Work Register,G01 package + Governance/Constitution/AMOS source,Current; G01 field-level originals partly source-limited,"Preserved Council spine, return principle and architecture relationship",Byte-identical recovered copy deleted; canonical Steward reference retained,Recover unavailable G01 fields without invention,2026-09-03
Narrative,CONTROLLED — PRESERVED,Statement Placement / Service Library,"Narrative, Mission & Values — Steward Ready",Current,Confirmed foundational/current narratives,Byte-identical recovered copy deleted; canonical retained,Individual biography exact originals remain separate recovery items,2026-09-03
Missions,CONTROLLED + DEVELOPING BRANCHES,Statement Placement / Recovered Work Register,Current master + Narrative/Mission source,Current,"Preserved mission, Global Mission and humanitarian development boundaries",No future international program represented as active,Activation remains legally/operationally gated,2026-09-03
Values,CONTROLLED PHILOSOPHY — PRESERVED,Statement Placement / Recovered Work Register,Narrative/Mission/Values source + Aug. 7 chat,Current,Preserved named values grouping and people-centered controls,No silent replacement by marketing copy,Final placement changes require source crosswalk,2026-09-03
Workforce,DEVELOPING / PAYROLL-READY,Executive Action / workforce source artifacts,"Workforce, Contracts & Board — Steward Reference",Architecture present; hiring not active,Preserved package-recovery obligation and payroll activation boundaries,Hash-identical recovered copy deleted; canonical retained,Original role/board package contents remain incomplete where not materialized,2026-09-03
Controlled Institutional Records,CURRENT BASELINE — PRESERVED,Recovery Crosswalk / Statement Placement,AMW Complete Controlled Institutional Record — 2026-08-29 + later corrections,Current baseline with later corrections controlling,Confirmed source hierarchy and current legal/ownership state,Conflicting older facts remain superseded,Continue version-controlled updates,2026-09-03
Safeguards,LOCKED / CURRENT,Statement Placement / AMOS / controlled safeguards artifacts,Current master + Steward Ready safeguards source,Current,"Confirmed dignity, consent, readiness, information and anti-retaliation controls",Three byte-identical distribution copies deleted; canonical retained,Operational evidence develops with use,2026-09-03
Measurement Operating Role,CONTROLLED — PRESERVED,Statement Placement / Service Architecture,Current master,Current,Confirmed measurement as operating/learning role rather than decorative reporting,No outcome claim without evidence,Implementation metrics remain program/SOW-specific,2026-09-03
Onboarding,CURRENT ARTIFACT + DEVELOPING WORKFORCE PROCESS,Executive Action / Recovered Work Register,Steward Welcome Home Pack — Steward Ready,Current entry pack; broader workforce onboarding still developing,Cross-referenced actual Welcome Home artifact and daily rhythm,No generic substitute created,Role-specific onboarding packages remain future/recovery work,2026-09-03
Welcome Package,STEWARD READY — DRIVE VERIFIED,Recovered Work Register,AMW Steward Welcome Home Pack — Steward Ready,Present; previously absent by name from master,Restored artifact identity and contents to master cross-reference,No duplicate package created,Role-specific extensions remain governed by future workforce activation,2026-09-03
Rhythm,LOCKED — PRESERVED,Statement Placement / Welcome Home source,Current controlled Daily Practice,Current,Confirmed Arrive → Steward → Act → Notice → Return,No alternate cadence substituted,None,2026-09-03
Service Architecture,CONTROLLED — PRESERVED,Statement Placement / Service Library,Service Architecture & Library — Steward Ready,Current,Confirmed current lifecycle and roadmap relationships,Older early lifecycle remains historical companion only,Service-specific scopes remain SOW-controlled,2026-09-03
Legacy Roadmap,CONTROLLED — PRESERVED,Statement Placement / client service guide,Current master + Service Guide & Legacy Roadmap,Current,Confirmed Discover → Build → Strengthen → Grow → Sustain → Leave a Legacy,No older sequence substituted,None,2026-09-03
Founder-Directed Expressions,CONTROLLED BY SOURCE / STATUS,Statement Placement / AMOS Trigger Register,Founder Prompt Fidelity + statement register,Current expressions preserved by exact status,Cross-referenced without creating a new mark family,Developing expressions do not replace locked ones,Each new expression requires placement/status/provenance,2026-09-03
Rules / Controls,CURRENT CONTROL SYSTEM,Dashboard / AMOS Trigger Register / Statement Placement,Current master,Current,Confirmed governing rules and added two source-backed triggers,No duplicate parallel policy layer,Continue event-driven review,2026-09-03
Applications,CURRENT CONTROLLED EVIDENCE,Funding Pipeline / AMOS Trigger Register / source artifacts,Current-Form First + Application Continuity,Current,Confirmed current-form and reuse/research gates,Old form answers are not silently reused,Provider/direct verification remains case-specific,2026-09-03
Application Representation Evidence,LOCKED TRIGGER — PRESERVED,AMOS Trigger Register,Current master + legal correction source,Current,Confirmed representation is not authoritative acceptance,No application treated as proof of legal creation,None,2026-09-03
Inactivity Evidence,LOCKED TRIGGER — PRESERVED,AMOS Trigger Register / Statement Placement,Current master,Current,Confirmed inactivity is relevant but not conclusive,No ownership conclusion based only on inactivity,Corroboration remains required,2026-09-03
Correction Evidence,LOCKED TRIGGER — PRESERVED,AMOS Trigger Register / Statement Placement,Current master,Current,Confirmed filing/error/mechanism evidence gate,No correction used to rewrite a transaction that occurred,Underlying legal record/counsel may still be required,2026-09-03
Partner Research Continuity,LOCKED TRIGGER — PRESERVED,AMOS Trigger Register,Current master + Founder correction,Current,Confirmed retrieve → inspect → verify → return unresolved issue,Founder is not forced to rebuild settled evidence,None,2026-09-03
Attorney-vs-Firm Verification,LOCKED TRIGGER — PRESERVED,AMOS Trigger Register,Current master,Current,Confirmed separate attorney-standing and firm-capability fields,No inference from firm name alone,Provider-specific verification remains required,2026-09-03
Future Financing,FUTURE CAPABILITY — PRESERVED,AMOS Trigger Register / Statement Placement,Current master,Current future-only control,Confirmed legal/underwriting/reserve/conflict gates,Not represented as current service or funding,Capability architecture remains future,2026-09-03
Future Capability,CONTROLLED STATUS BOUNDARY,AMOS Trigger Register / Service Library,Current master,Current,Confirmed future capability is not current readiness,No DESIGNED-to-operational status leap,Readiness evidence required before activation,2026-09-03
Readiness Cost Preservation,LOCKED TRIGGER — PRESERVED,AMOS Trigger Register / Statement Placement,Current master,Current,Confirmed requirement/cost/lawful-resource path separation,Unpaid requirement not represented as satisfied,Funding search remains active where needed,2026-09-03
No False Completion,LOCKED CONTROL — PRESERVED,AMOS Trigger Register / Statement Placement,Current master,Current,Confirmed summaries/indexes cannot substitute for materialized verified work,No Complete AMOS claim made,Standalone source gaps remain explicit,2026-09-03
Provenance Requirement,LOCKED / CURRENT,IP & Brand Assets / Recovery Crosswalk,BPR01 + source recovery rules,Current,Confirmed source-to-current-asset crosswalk requirement,No current Seal/Brand Book silently replaced,Standalone BPR01 package remains incomplete,2026-09-03
IAMW Award,DEVELOPING / HOLD PUBLIC FILING,IP & Brand Assets / IP Knockout & Filing / Statement Placement,Current Brand/IP source,Current developing recognition concept,Preserved purpose and Indya-honoring rationale separately from later name alternatives,No filing or silent rename,Direct clearance/possible rename remains future,2026-09-03
Seal Design & Meaning,CONTROLLED TWO-SEAL SYSTEM,IP & Brand Assets / Statement Placement,Brand Book + BPR01 source,Current; standalone specifications partly incomplete,Confirmed Public vs IAMW responsibilities and FIXED/ADAPTABLE/NOT-PART boundary,Differently hashed watermarked editions preserved,Complete standalone specifications/design search remain open,2026-09-03
Colors Meaning,LOCKED STANDARD — PRESERVED,IP & Brand Assets / Statement Placement,Brand Book + current controlled standard,Current,"Confirmed Midnight Blue/Trust, Emerald Green/Growth, Antique Gold/Legacy, Warm Ivory/Compassion, Slate Gray/Strength",No color redefinition,None,2026-09-03
Typography,CURRENT BRAND BOOK STANDARD — RESTORED,IP & Brand Assets / Recovered Work Register,Brand Book page 6,Present in Drive; absent from master register,"Added Cormorant Garamond headings, Lato body text, Montserrat accents with source meanings",No new font system invented,None for current Brand Book standard,2026-09-03
Recovery Crosswalk,CURRENT REGISTER — UPDATED,Recovery Crosswalk,Current master + this review,Current,Added September 3 requested-workstream/source restoration entries,No source gap concealed,Continue source recovery for explicitly open originals,2026-09-03
Supersession Control (user: Supression Control),CURRENT REGISTER — UPDATED,Supersession Control / Duplicate Deletion Log,Current master + SHA-256 audit,Current,Logged 39 exact duplicate deletions and retained one canonical file per hash group,Non-identical and merely superseded files preserved,Two large same-size HTML candidates held because hashes were not available,2026-09-03
Legacy Ecosystem,DEVELOPING LONG-TERM ARCHITECTURE — PRESERVED,Recovered Work Register,Aug. 6 architecture + current institutional cross-reference,Current developing architecture,"Confirmed Legacy Institution, Table, House, Networks and Global Mission relationships",No future institution represented as operational,Activation/design remain readiness-gated,2026-09-03
Legacy Resource Library / Resource Stewardship,ESTABLISHED / RECOVERED,Resource Architecture / Statement Placement / Recovered Work Register,Aug. 8–10 prior chats + current resource controls,Official Library/system architecture was under-preserved,"Restored official name, collections, SOP-R01/R02, Knowledge Continuity, Reshaper Journey links and resource principles",Current Promise/Possession and resource safeguards remain governing; no parallel allocation system created,Original field-level form details remain recovery-only where absent,2026-09-03
AMOS Origin / First Lesson / Standard,CONTROLLED PHILOSOPHY + SOURCE-LIMITED ORIGINAL INSTRUMENT,Recovered Work Register,Aug. 7 complete chat source,Identity/meaning absent from master,"Restored origin/provenance, First Lesson identity, person-before-problem meaning and wellbeing rationale",No invented First Lesson text,Recover exact original lesson body if source appears,2026-09-03
SOP-IR01 / AMW Mirror,ESTABLISHED COMPANION / CURRENT IR02 OPERATIONS,Recovered Work Register,Aug. 10 source + current IR02,Missing from master; no explicit supersession found,Preserved IR01 five-level architecture and Check-In requirement without activating competing process,IR02 remains current operational review package,Recover exact IR01 form bodies and map to current IR02,2026-09-03
Legal Resource Register,STEWARD READY — RESTORED,Legal Resource Register,AMW LEGAL RESOURCE SYSTEM — STEWARD READY,Canonical Drive artifact existed but master had no dedicated register,"Added LRR-01/LRIF-01/LRRF-01, providers, statuses and governing gates",No provider treated as endorsed/verified beyond source status,Reverify before material referral,2026-09-03
Financial Control,CURRENT CONTROLLED SOURCE — RESTORED,Financial Control,MONTHLY BUDGET AND COST + controlled financial sources,Key financial controls absent from master,"Added source total snapshot, four buckets and transaction-detail classifications","$2,583.17 is not a final annual total; no forecast invented",Replace only from later verified budget source,2026-09-03
Campus / Interior Design,FOUNDER-CURRENT / DEVELOPING,Campus & Interior Control / Recovered Work Register,Founder Sept. 2026 + campus source notes,Campus components existed but governing interior/character standard was incomplete,"Restored empty chair, Legacy Creator furniture/stipends, circular furniture and community-built/non-elite character",No construction/operational readiness claim,Implementation remains site/code/procurement/readiness gated,2026-09-03
Holiday QR / Readiness Board,LOCKED / BUILD,Holiday Readiness,Aug. 19 prior chat + current Holiday architecture,Four doors mentioned but routing/boundary controls were missing,"Restored four CTA paths, readiness-board identity, cross-routing and intentional-submission boundary",Service/publicity and minimum-information boundaries remain separate,Deploy/test before public launch,2026-09-03
Free Access / Usability,ESTABLISHED ACCESS GUIDE — RECOVERED,Recovered Work Register / AMW FREE ACCESS GUIDE — STEWARD READY,AMW_FREE_ACCESS_GUIDE source + restored canonical Drive Doc,Source guide was absent from current Drive/master,Restored master control and recreated one canonical Google Doc in Steward/reference folder,No duplicate standalone file created; source PDFs remain authoritative,None — preserve current canonical copy and replace it in place if updated,2026-09-03
Brand Merchandise Development,DEVELOPING / HOLD,IP & Brand Assets / Recovered Work Register,Aug. 21 complete chat source,Varsity-jacket concept absent from master,Restored concept as developing provenance,No merchandise sale/Seal specimen authorization inferred,BPR01/IP/public-use clearance controls govern,2026-09-03
Master Lock / Institutional Change Control,LOCKED — RESTORED,Master Lock Register / AMOS Trigger Register / Statement Placement,Aug. 11 prior chat,Current supersession/recovery controls existed but ML-001 itself was missing.,"Restored ML-001 schema, exact rule, supporting statement and trigger.",No silent change; deliberate documented amendment/renewal/retirement only.,Named Change Authority/version remains source-limited.,2026-09-03
Learning & Assurance Register,ESTABLISHED / RECOVERED,Learning & Assurance / Statement Placement,Aug. 11 prior chat,"Principles and learning-return machinery survived, but register identity was missing.",Restored register relationship without creating a competing ILR operating process.,Current ILR/AOR machinery remains operational.,Original register fields remain source-dependent.,2026-09-03
IR03 Learning Architecture,ESTABLISHED SOURCE ARCHITECTURE / CURRENT R03-ILR MAPPING,IR03 Learning Architecture / Statement Placement / Recovered Work Register,Aug. 10–12 prior chat,IR03 source identity/Tree/Test were under-preserved.,Restored exact Tree/Test and philosophy identity; retained early loop as provenance.,Current R03/ISIL/ILR governs daily operation; no parallel process activated.,Exact early forms/field mapping remains source-dependent.,2026-09-03
G01 Operating Controls,LOCKED FAMILY / SOURCE-LIMITED INDIVIDUAL CONTENT,G01 Operating Controls / AMOS Trigger Register,Aug. 12 prior chat,"G01-F and G01-IA families existed, but G01-OC01–OC18 were missing.",Restored all 18 IDs and family-integrity control without inventing individual content.,No renumbering/collapse/replacement without source-backed deliberate change.,Recover exact individual control names/text.,2026-09-03
Holiday Request Status / HCPP-INT-01,CONTROLLED — RESTORED,Holiday Request Status / Holiday Readiness,Controlled compendium + Resource Suite,Pilot-readiness status existed; participant/request-status architecture was missing.,Restored exact HCPP-INT-01 values/fields and linked it to Holiday Readiness.,Do not confuse request status with event readiness; current route CTAs remain unchanged.,Populate only from real requests.,2026-09-03
Holiday Source/Public Expressions,CONTROLLED ASSET + HISTORICAL/SOURCE PROVENANCE,Holiday Request Status / Statement Placement,Holiday Resource Suite + campaign source,Several source/public expressions were missing while CTA controls survived.,Restored source expressions without replacing current CTA or core-brand controls.,Historical/source campaign wording is not promoted to current core brand.,None beyond future usage/approval decisions.,2026-09-03
Resident Agent Information,REQUIRED LLC FORMATION FIELD — UNRESOLVED / DO NOT INFER,Executive Action / Recovered Work Register / Legal Formation Controls,Maryland Articles of Organization — Reference Source Preservation; AMW Legal Formation Controls — Developing — Steward Reference,"Current legal/formation status is preserved; required resident-agent fields are known, but no approved agent name, Maryland physical address or signed consent was found.","Restored the exact current-form requirements and added a formation action gate; no person, address, company or consent was invented.",Earlier LLC wording or application entries are not proof that a resident agent was selected or accepted.,"Select and verify the agent's full legal name or exact SDAT business name, Maryland physical address with no P.O. box, signed consent and authorized-person filing evidence before any LLC filing.",2026-09-03
Developing Operations and Programs,CURRENT OPERATIONS + DEVELOPING PROGRAMS — STATUS CROSS-REFERENCE,Service Library / Holiday Readiness / Resource Architecture / Recovered Work Register,Controlled Business Plan and service agreements; AMW Community & Legacy Programs — Developing — Steward Reference; current master registers,"Present consulting/service operations are current. Holiday implementation, community-program support, resource pathways, Leadership Academy, research/innovation/STEAM, Brand/IP readiness, funding/resource readiness and capacity-building remain developing unless separately activated.","Added an explicit present-versus-developing boundary while preserving existing package, SOW, legal-status, funding and readiness controls.","No developing program was promoted to active delivery; conflicting historical legal, price and name statements remain governed by Supersession Control.","Each developing program still requires its own scope, staffing, budget, authority, partner, legal and readiness evidence before activation.",2026-09-03
Future Programs and Operations,DEVELOPING LONG-TERM / FUTURE CAPABILITY — NOT OPERATIONAL,Legacy Institutions / Recovered Work Register / Campus & Interior Control / Resource Architecture / Legacy Ecosystem,Current Founder naming direction; Community & Legacy Programs source; Campus Cross-Reference Control; existing institution design standards,"The long-term architecture was present, but the complete current 33-name institution mapping was absent and several prior labels remained active.","Added the controlled 33-name register, propagated current names and preserved earlier labels only as superseded provenance.","Current Founder-directed names control over the eight identified earlier labels; no future institution is represented as funded, licensed, staffed, built or open.","LIVE IN THE MOMENT ALWAYS association RESOLVED as Soccer / Futsal All-Year Stadium & Sports Complex. Every institution still requires program, site, capital, workforce, regulatory, IP and implementation readiness.",2026-09-03
O'DAY'S LEGACY GARAGE,CURRENT CONTROLLED DESIGN / NOT OPERATIONAL,Legacy Institutions / Campus & Interior Control / ODAY Design Standard / Confirmed Industrial Visual,"Founder-confirmed September 3, 2026 design + visual",The controlled automotive design existed under ODAY's Legacy Garage; the current Founder-directed name had not been propagated.,"Applied O'DAY'S LEGACY GARAGE as the current name; retained the design, safety and implementation-readiness controls.",Prior institution label is superseded as current; the historical visual filename remains provenance.,Complete engineering/equipment/site/code/capital readiness before implementation.,2026-09-03
Chrys's Masterpiece Wood-shop,CURRENT CONTROLLED DESIGN / NOT OPERATIONAL,Legacy Institutions / Campus & Interior Control / Chrys Design Standard / Confirmed Industrial Visual,"Founder-confirmed September 3, 2026 design + visual",The controlled woodworking design existed under Chrys' Master Wood Working Legacy Center; the current Founder-directed name had not been propagated.,"Applied Chrys's Masterpiece Wood-shop as the current name; retained the design, safety and implementation-readiness controls.",Prior institution label is superseded as current; the historical visual filename remains provenance.,Complete machine/dust/fire/electrical/site/code/capital readiness before implementation.,2026-09-03
Just Love Coy Pond — Global System,CURRENT CONTROLLED GLOBAL DESIGN / NOT OPERATIONAL,Pond Global Controls / Campus & Interior Control / Legacy Institutions / confirmed visual,Current Founder naming direction + existing verified global aquatic-control package,The complete global standard existed under Just Love Coy Lake; the new current name had not been propagated.,Applied Just Love Coy Pond as the current name and renamed the register while retaining stable JLC identifiers and all global controls.,Just Love Coy Lake and generic Coy/Koi Pond are superseded as current labels; technical provenance remains.,"Complete country/site-specific verification before procurement, stocking, construction or operation.",2026-09-03
Founder-Directed Legacy Institution Naming Architecture,CURRENT FOUNDER-DIRECTED NAMES / DEVELOPING FUTURE INSTITUTIONS — NOT OPERATIONAL,Legacy Institutions / Campus & Interior Control / Recovered Work Register / IP & Brand Assets / IP Knockout & Filing,"Founder direction — current chat, 2026-09-03","Thirty-three names were directed; three were already partly present, eight earlier labels required supersession mapping, and Live In The Moment Always originally lacked an institution association. That historical gap is now resolved by later Founder-controlled soccer/futsal work.","Created the dedicated register, mapped every supplied association, updated current cross-references and added readiness/IP controls.",Only identified earlier labels were superseded; historical filenames and source names remain provenance; no exact duplicate row retained.,"Association gap CLOSED — LIVE IN THE MOMENT ALWAYS = Soccer / Futsal All-Year Stadium & Sports Complex. Continue institution-specific legal, safeguarding, site, capital, workforce, operational and IP clearance before implementation.",2026-09-03
I AM A MASTERPIECE Cosmetology Gallery,CURRENT CONTROLLED DESIGN / NOT OPERATIONAL,Legacy Institutions / Campus & Interior Control / Cosmetology Gallery Design Standard / Confirmed Visual,"Founder-confirmed September 3, 2026 design + visual","The current institution name existed, but the complete facility program, spa design, uniform/linen standard, ventilation control and visual authority had not been materialized.","Promoted the Founder-confirmed design, added the visual authority and integrated the facility requirements into current campus controls.",Written design standard + confirmed visual govern design; operational/licensing readiness remains separate.,"Complete cosmetology licensing, sanitation, product/chemical, ventilation, plumbing/electrical/fire, accessibility, safeguarding, insurance, equipment, site and capital readiness.",2026-09-03
Don't Run From Betterment HIV/ AIDS Center,CURRENT CONTROLLED DESIGN / NOT OPERATIONAL,Legacy Institutions / Campus & Interior Control / Don't Run From Betterment Design Standard / Confirmed Visual,"Founder-confirmed September 3, 2026 design + visual","The current institution name existed, but the anti-stigma atmosphere, exact 10-Wellness-Pod requirement, palette, uniform colors and visual authority were not yet materialized.","Promoted the Founder-confirmed design and integrated the Wellness Pod, dignity/privacy, family/education, state-of-the-art infrastructure and uniform requirements into current controls.",Written design standard + confirmed visual govern design; no clinical or testing service is represented as operational.,"Complete provider/licensing, clinical scope, privacy/security, infection-control, accessibility, safeguarding, technology, emergency, site/capital and operating readiness.",2026-09-03
Legacy Awards Governance,CURRENT CONTROLLED / MASTER-LOCKED,Legacy Awards Control / ML-002 / AMOS,Founder Sept. 4 directive + prior approved selection design,No unified award-selection architecture existed.,"Materialized one process, Selection Circle, Safeguard, Universal Scoring Rule and scoring template.",No popularity/donor/status advantage; five eligible votes; 80 threshold; no-recipient rule; neutral tie rule.,Annual nomination/calendar implementation remains future.,2026-09-04
Legacy-Wide Awards,CURRENT CONTROLLED,Legacy Awards Register,Founder Sept. 4 directive,Seven Legacy-wide awards were missing.,"Added Pebble, IAMW, I Am the Legacy's Future, Reshaper, Impact Maker, Legacy Bridger, Village Builder.",Pebble is child-only; sensitive/growth awards use dignity and minimum-information safeguards.,Public-name clearance remains separate.,2026-09-04
O'DAY'S LEGACY GARAGE Awards,CURRENT CONTROLLED,Legacy Awards Register / O'DAY'S LEGACY GARAGE,Founder Sept. 4 directive,No Garage award-selection system existed.,"Added Golden Wrench, High Gear, Engine Whisper and Torque Master with technical/safety scoring.",Current GARAGE spelling controls; prior GARARGE spelling preserved as superseded provenance.,Public-name clearance + first-cycle technical panel appointment remain open.,2026-09-04
"CREATIVE, STEAM, & TRADE RECOGNITION",CURRENT CONTROLLED,Legacy Awards Register + associated Legacy Institutions,Founder Sept. 4 directive + prior award prompt,Awards were not in current master.,Added ten creative/STEAM/trade awards and discipline-specific scoring.,Attribution/safety rules govern; popularity metrics cannot substitute for evidence.,Public-name clearance remains separate.,2026-09-04
"Animal, Agriculture & Aquatic Recognition",CURRENT CONTROLLED,Legacy Awards Register,Founder Sept. 4 directive,Award family was missing.,"Added Dave's dog+handler team, Helen's Best Cut, Helen's Top Pick, Just Loving, Sophia's Specialty and Magical Imagination.",Animal welfare/food safety/ecosystem responsibility are gates.,Public-name clearance + first-cycle expert appointments remain open.,2026-09-04
"Healing, Support & Community Change Recognition",CURRENT CONTROLLED,Legacy Awards Register,Founder Sept. 4 directive,Award family was missing.,"Added More Than Just Healing, The One Who Let Love Win, Page Master, Didn't Run From Betterment, Change Maker and The Over-Flower.",No forced health/identity/recovery/trauma disclosure; private recognition remains available.,Public-name clearance + first-cycle implementation remain open.,2026-09-04
Barclay's Best Buddy / Barclay's Choice,CURRENT CONTROLLED,Barclay Best Buddy / Legacy Awards Register / Legacy Awards Control / AMOS,"Founder Sept. 5, 2026 directive",No Barclay-specific selection architecture existed.,Added two awards and an animal-agency selection process that treats Barclay's voluntary behavior as evidence while retaining the Legacy-wide five-vote/100-point system.,No coercion/manufactured preference; welfare gate; no-recipient allowed; same person can win both only on independent evidence.,First-cycle implementation and public-name clearance remain open.,2026-09-05
PREPPIEST PONY — Participant Choice,CURRENT CONTROLLED,Preppiest Pony / Legacy Awards Register / Legacy Awards Control / AMOS,"Founder Sept. 5, 2026 directive",No participant-favorite-horse award existed.,Added AW-36 and PC-01 so participants—not expert reviewers—choose their favorite eligible horse through equal private ballots after welfare screening.,"Horse welfare, participant privacy, one-ballot equality, no campaigning/manufactured preference, confidential tally and neutral tie-break govern.",First-cycle implementation and public-name clearance remain open.,2026-09-05
Imagine Aquarium Magic,CURRENT CONTROLLED DESIGN + UNIFORM SYSTEM / NOT OPERATIONAL,Imagine Aquarium Magic register / Legacy Institutions / Campus & Interior Control / Confirmed Building Visual / Confirmed Uniform Visual,"Founder Sept. 5, 2026 directive + prior Imagine Aquariums / Aquatic Learning provenance + confirmed uniform visual","Earlier architecture preserved the institution but did not contain the full interactive-building, freshwater/saltwater zoning, hands-on first floor, hallway euryhaline display, garage-style staff Common Area, nine-vehicle fleet or controlled uniform family.","Promoted Imagine Aquarium Magic; materialized the building/fleet register and uniform system; retained prior names as provenance; kept species, animal-handling, life-support, accessibility, occupational/PPE and vehicle implementation gates explicit.","Building visual controls experience/character; uniform visual controls garment styling direction; written standards control animal welfare, system separation, accessibility, engineering, exact fleet requirements, uniform colors/garments, PPE and role boundaries.","Develop final exhibit program, species/welfare plan, life-support engineering, uniform/PPE specifications and educational-mobile interiors before implementation.",2026-09-05
Just Love Pond — Institution Entrance Standard,CURRENT CONTROLLED / MASTER-LOCKED,Campus & Interior Control / Legacy Institutions / Pond Global Controls / ML-003 / AMOS,Founder directive — 2026-09-05,"The main Just Love Coy Pond was controlled, but individual Legacy institutions did not yet carry a required entrance pond.",Established Just Love Pond as a near-entrance requirement for every current and future Legacy institution and cross-referenced it into each current institution row.,Does not replace or merge with Just Love Coy Pond; living entrance ponds inherit applicable welfare/legal/ecology/life-support requirements.,"Complete site-specific entrance placement, aquatic design, accessibility, safety, engineering and permits during each institution's implementation-readiness review.",2026-09-05
O'DAY'S LEGACY GARAGE Fleet,CURRENT CONTROLLED FLEET DESIGN / NOT OPERATIONAL,O'DAY Fleet / Legacy Institutions / Campus & Interior Control / O'DAY'S Automotive Institution Standard / Legacy Approved Visuals,"Founder Sept. 6, 2026 directive + confirmed fleet visual","The fixed Garage design was current, but a dedicated Garage fleet had not been materialized in the active master.","Added exactly 2 flatbed tow trucks and 4 Mega Bus mobile shops, with a customer waiting/rest zone in every mobile shop and written customer/work-zone separation controls; saved the exact visual to Drive.","The visual controls composition and fleet character; written controls govern exact vehicle counts/types, customer separation, safety and readiness. Image-generated shop specialties are not automatic service assignments.","Complete vehicle engineering, towing compliance, work-zone equipment plans, customer safety, accessibility, licensing/registration, insurance, staffing/training and implementation readiness.",2026-09-06
Friday Founder Review — 2026-09-04,FOUNDER INTEGRATED CONTROL REFERENCE,Friday Review / Master Launch Register / Cross-Reference Control,Founder integration — 2026-09-06,The Sept. 5 control hold preserved requested integration items but did not itself represent active integration.,"Promoted the Friday Review source into the current Legacy record after cross-reference; retained current awards, institutional changes, funding, fleet and visual controls as governing artifacts.",Superseded August 31 snapshots and deleted SHA-256 duplicates remain provenance/audit only and are not reactivated.,Continue Friday cadence and ordinary-work artifact preservation; no parallel system created.,2026-09-06
104,Institution Interior / Legacy Table Control Reconciliation,CURRENT CONTROLLED — APPLICATION REPAIR OF PRE-EXISTING CONTROLS,Campus & Interior Control / Legacy Institutions / Institution Interior Cross-Ref / Statement Placement / ML-004,"Founder September 8 correction identifying failure to apply already-established, non-superseded placement/interior/Legacy Table/pond/renewable/Common Area controls; September 12 Founder correction clarifies they were not newly created on September 8.","Prior outputs and visuals failed to consistently inherit controls that were already established: Empty Chair, circular/curved furniture, Legacy Creator furnishings/stipends, physical ROUND Legacy Table, Just Love Pond entrance, renewable/solar inheritance, Steward Common Area rules and naming/supersession requirements.",Reapplied those pre-existing controls across the 35 current institution entries; marked conflicting visual omissions non-controlling; added a durable cross-reference; restored the two missing current institution entries without inventing source-limited programs.,"No current institution/program/palette was redesigned. The correction repairs control application, not control origin. Superseded names remain provenance only; compliant approved visual elements remain preserved. These inherited controls must be cross-referenced before every future institution prompt, rendering, update/save, manual, fleet or visual action rather than waiting for a later audit.",2026-09-12
105,Turning the Page Reshapers Village — Institution / Fleet Design,CURRENT CONTROLLED — FOUNDER-APPROVED — SAVED TO LEGACY,Legacy Institutions / Campus & Interior Control / Institution Interior Cross-Ref / Fleet Interior Cross-Ref / Supersession Control,"Founder September 10, 2026 design prompt + Global Prompt Cross-Reference Control + Interior/Legacy Table controls + Fleet Interior Standard",Prior register remained developing under Turning the Page Transition Housing; exploratory RA visual did not clearly show two separate master suites and prior visuals risked missing Empty Chair/round furniture.,"Established current Reshapers Village design; corrected RA apartment to 2 separate locked master suites each with private bath + hall bath; confirmed round/curved furniture, Empty Chair and Legacy Table; filed exact current visual and dedicated written authority.",No unrelated institution controls changed. Earlier name/visuals remain provenance-only where conflicting.,2026-09-10
106,Pouring It Back In Cafe & Market,CURRENT CONTROLLED — FOUNDER APPROVED 2026-09-11,Legacy Institutions / Campus & Interior / Fleet Interior / Institution Interior,"Founder September 11 design prompt + approved visual + existing Food/Agriculture, Interior, Common Area, Fleet and Visual Execution controls","Earlier register held only the institution name/function and did not yet carry the full approved cafe/market, placement, Common Area, uniform or fleet design.",Applied the Founder-approved design across the current controlled register and cross-references; exact approved visual designated for durable Legacy Approved Visuals archive.,No earlier unrelated institution control was replaced; current visual remains subject to written global controls where a panel omits a required element.,2026-09-11
107,Barclay's 24 Hour Oopsie Hospital — Source Recovery Repair,CURRENT CONTROLLED — FOUNDER-RECOVERED 2026-09-12 / NOT OPERATIONAL,Legacy Institutions / Campus & Interior / Institution Interior / Fleet Interior / Architecture Cross-Reference,Recovered exact File Library source Barclay’s Veterinary Hospital Design Board.png (file_0000000008f8822fba6267fc167b15cc) + September 7 institution manual evidence + current Founder recovery direction,September 8–10 audit incorrectly left the hospital at detailed-design source-gap status even though a detailed September 5 design board existed in the File Library.,Restored the recovered building/program design into current controlled records and created dedicated authority Doc 1O-1jlJcYwiEOayfRGEZWU3c1jJQPIn33lvHCRP9j-dI.,The earlier Oopsie fleet source-gap is superseded. Current Founder-confirmed fleet: Animal Ambulance + Mobile Surgery Unit. Both inherit the Barclay exact-photo / approved-wrap control; Rescue Pawtrol remains separate. Exact hospital visual raw bytes remain pending Drive-byte archival and cannot be substituted by regeneration.,2026-09-12
108,Founder Save / Update Automatic Durability — September 2–12 Recovery,CURRENT CONTROLLED — LEGACY-WIDE / RETROACTIVE,Drive Durability / Architecture Cross-Reference / Approved Visual Control / Recovery Crosswalk,"Founder September 12, 2026 directive + dedicated control Doc 1rGZGu80JfDukqC1oKUsNhKCANa5ZCTQiFLGadOMjsyY + recovery audit Doc 195VZ6Wem3cCQdsTFe3rXZxIh_67OkjfoMVsgtkLHeZA","Earlier execution sometimes treated save/update directions as holds, summaries, chat/File-Library state, or incomplete durable integration.",Established automatic as-is durable-save rule; repaired/verified currently recoverable written/control work; preserved exact raw-source identities for unresolved byte-transfer visual gaps.,No visual may be regenerated to fake archival completion. Superseded items remain provenance-only. Readiness status is unchanged.,2026-09-12
109,No Blank Slate / Founder Control Inheritance Safeguard,CURRENT CONTROLLED — FOUNDER-DIRECTED — LEGACY-WIDE,Master Lock / ML-004 / AMOS / Statement Placement / Recovery Crosswalk / Supersession Control,Founder directive — 2026-09-13,"Existing controls already required full-prompt cross-reference and automatic inheritance, but the Founder has now added an explicit no-blank-slate safeguard so new Legacy work cannot be recreated without first inheriting applicable controlled work.","Added ML-006, the AMOS no-blank-slate gate, exact Statement Placement, Dashboard control, Recovery Crosswalk entry and durable current-master integration.",Does not supersede ML-004 or earlier inheritance controls; it strengthens execution continuity. Applicable controlled work is the starting point. Source gaps are identified and recovered rather than recreated or invented.,2026-09-13
110,Daily Mirror Review / Self-Governing Correction — 2026-09-14,CURRENT CONTROLLED — FOUNDER-DIRECTED / LEGACY-WIDE,ML-007 / IR02 / AMOS / ML-004 / ML-006 / Funding Pipeline / Legacy Approved Visuals / Recovery Crosswalk,Founder directive 2026-09-14 plus same-day control failures and current official funding terms.,"Same-day work repeatedly substituted infographic/concept-board outputs for controlled visual renderings, failed to hold inherited visual/interior controls after correction, shifted repeat-verification work back to the Founder, and claimed visual-save completion before exact Drive evidence. Funding continuity review also left a live Skip opportunity stale and TRANSFORM marked PASS despite current official terms excluding consulting practices.",Implemented ML-007 and daily automation; archived exact approved image bytes for three Founder-saved visuals; corrected current funding records and follow-up dates/risks; preserved The Legacy’s Power as unresolved/not approved rather than promoting a noncompliant artifact.,"The Legacy's Power visual open status in this historical 2026-09-14 review was later superseded by Founder approval/save: CURRENT CONTROLLED VISUAL — THE LEGACY'S POWER — 2026-09-14.png, Drive ID 1MTvoND6Nb56tuMY55Hmy7igYKjxy8MbT. Continue outcome tracking on submitted grants.",2026-09-14
111,Mirror Review / Self-Governance Strengthening — 2026-09-14,CURRENT CONTROLLED — FOUNDER-DIRECTED / LEGACY-WIDE,ML-007–ML-012 / IR02 / AMOS / Statement Placement / Mirror Review Archive / Learning & Assurance / Mirror Review Archive Doc 18Ep5-ZBqwu3GmkUpEgqARkhtbEslFlNyKRwzvtYFD2o,Founder accountability correction 2026-09-14 plus current-chat execution failures,"Existing daily Mirror Review control did not yet force durable archive, correction-to-closure, additive preservation of approved visuals, exact-scope isolation, or repeat-failure output hold.",Added and integrated all five strengthening controls; archived known Mirror Reviews; preserved current final statement/commitment; made known corrections auto-executing and closure-verifiable.,No Founder-approved institution content was redesigned or superseded. These controls govern execution behavior and strengthen existing architecture.,2026-09-14
The Legacy's Power — Institution / Visual / Fleet Integration,CURRENT CONTROLLED — FOUNDER APPROVED 2026-09-14,Legacy Institutions / Campus & Interior Control / Institution Interior Cross-Ref / Institution Governance / Fleet Interior Cross-Ref / Legacy Approved Visuals,Founder prompt + exact approved uploaded image + current Legacy controls,Previously unresolved due repeated visual-execution failures; exact Founder-selected rendering now supplied.,"Saved exact approved bytes in place to controlled Drive visual; created LIN-040 and integrated institution design, interior inheritance, governance and exact fleet composition.",All earlier non-approved generated The Legacy's Power images remain provenance-only/non-controlling.,Separate fleet-interior/uniform supplemental visuals remain distinct from this approved institution rendering unless Founder explicitly saves them later.,2026-09-14
System-Wide Mirror Review / Execution Integrity,CURRENT CONTROLLED — LEVEL 5 STRENGTHENING,Master Lock Register / Mirror Review Archive / Daily Mirror Review / Visual Gate / Funding & Resource Gates,Founder correction 2026-09-14 + current controlled Legacy architecture,Prior corrections were too domain-specific and did not reliably stop repeated cross-domain execution failures before presentation/action.,Integrated ML-016–ML-019; broadened correction scope from fleet-only to all Legacy work; established pre-action kill switch and failure-class quarantine.,No existing stricter safeguard is superseded. Visual/funding/resource/domain-specific controls remain additive.,"Verify corrections through actual compliant outputs, not written acknowledgments. Recurrent classes remain quarantined until verified re-entry.",2026-09-14
Nic's Fashion Idea Fleet — Visual Integration,CURRENT CONTROLLED — FOUNDER APPROVED 2026-09-14,Fleet Interior Cross-Ref / Legacy Institutions / Legacy Approved Visuals,Founder prompt + exact approved uploaded image,Fleet supplemental visual needed durable save and separation from the previously approved institution rendering.,Saved exact approved fleet visual bytes to controlled Drive and added cross-references to the current master.,"No institution rendering, fleet specification, quantity, purpose, accessibility assignment, or other approved content was redesigned or superseded.",Fleet visual remains additive to the institution visual and is controlled independently.,2026-09-14
AMW Legacy Futuristic Institutional Fleet Rendering Set — Visual Integration,CURRENT CONTROLLED — FOUNDER APPROVED 2026-09-14,Legacy Approved Visuals / Fleet Interior Cross-Ref / Visual Execution & Founder Approval Gate,Founder-provided screenshots + explicit Update-and-Save direction,Two Founder-selected fleet renderings were present only as chat/image-view references and required durable Legacy preservation.,Saved both exact Founder-provided screenshot sources to the controlled Legacy Approved Visuals folder and cross-referenced them in the current master.,"No institution building, fleet quantity, vehicle purpose, accessibility assignment, interior specification or unrelated approved visual is superseded by this save.",Interior companion renderings are additive and must inherit each institution's current controlled fleet specifications.,2026-09-14
116,Barclay's Fleet Wrap — Exact Photo / Approved Wrap Preservation,CURRENT CONTROLLED — FOUNDER-DIRECTED — SAVED TO LEGACY,Legacy Approved Visuals / Architecture Cross-Reference / Fleet Interior Cross-Ref / Recovery Crosswalk,"Founder correction and explicit Update-and-Save direction, 2026-09-15; approved visual sources file_000000002d2c822fa0c3a8988ce54de6 and file_000000009998822f93fd9e876f549c94",Repeated AI-generated Barclay substitutes and wrap redesigns conflicted with the Founder-approved Barclay fleet visuals and exact uploaded-photo requirement.,"Locked the actual uploaded Barclay photograph(s) and approved wrap composition as exact-source assets across Puppy’s Carpool, Rescue Pawtrol, and Oopsie Hospital. Oopsie fleet is Animal Ambulance + Mobile Surgery Unit. Programs remain separate; no mission/vehicle/interior reassignment.","No AI recreation, lookalike, generic dog, substitute animal, redrawn Barclay face, or wrap redesign is permitted unless expressly Founder-authorized. Existing approved visual = base; only Founder-named changes move.",2026-09-15
117,Recursive Legacy-Wide Mirror Review / Visual Corpus Reconciliation — 2026-09-19,CURRENT CONTROLLED — LEVEL 5 CORRECTION / QUARANTINE,ML-023 / Mirror Review Archive / Recovery Crosswalk / Library / Project chats / all current visual controls,Founder directive 2026-09-19 + full Legacy Library census + prior Mirror Reviews,"Cross-reference found that the same failure classes documented on 2026-09-14 and 2026-09-15 remained active through 2026-09-19: prompt shortening, control drift, artifact review after presentation, cross-chat recovery failures, state conflation, and repeated Founder QA.","Applied recursive review gate, updated daily automation, reclassified all unverified generated visuals as non-controlling, preserved artifacts/provenance, and corrected Percy’s Pitch from 'unrecoverable' to Library-present / not established as Founder Update-and-Save controlled.",No approved artifact is superseded by this audit. Generated drafts remain preserved as provenance only unless separately Founder-approved and saved. Known failure classes stay quarantined until one verified compliant execution demonstrates re-entry.,2026-09-19
118,Current-Master Write-Forward Correction — September 16–19 Saved/Controlled Work,CURRENT CONTROLLED — CORRECTION EXECUTED,Legacy Institutions / Fleet Interior Cross-Ref / Approved Visual Authority 9-19 / Recovery Crosswalk / Drive Approved Visuals,Founder recursive review directive 2026-09-19 + direct Drive visual evidence,"The 9/15 master snapshot had not been advanced for later saved/current work. Stale rows remained for Phoenix Plaza, MAKING XYLEM, Let Love Win naming/fleet, sports institutions, Oopsie fleet and Percy; newer controlled institutions/fleets were absent.","Updated stale rows and added Safely and Humanly Cleaning The Space, Laying the Path, Always Welcomed Always Loved, Pane by Pane, Alex's Swing Golf Legacy, and Mini & Future Stewards' World with evidence-qualified statuses; added current fleet records and exact Drive IDs.",No later unapproved combined sports-fleet draft supersedes an individual Founder-approved/current-controlled visual. Percy remains not Update-and-Saved. Mini Drive visual gap was CLOSED 2026-09-20 by exact-source transfer.,2026-09-19
119,Sports Fleet 110-Edit Reconciliation — Written Current Control,CURRENT CONTROLLED WRITTEN EDIT MATRIX / VISUAL RE-ENTRY QUARANTINED,Sports Fleet overlay / individual current Drive visuals / Founder annotated edits / ML-010/011/013/018/019/021/022,Founder annotated 110 corrections after repeated generated-fleet failures,"Repeated boards changed palettes, decals, counts, seating, kitchens, restrooms, recovery areas, supply-bus use and sport identity. Individual saved sports visuals remained valid but later combined boards did not.",Recorded current sports fleet overlay: 13 vehicles each; Tour = team/family/fans; vans = local/no restroom; Mega = state travel + film/strategy/recovery/full kitchen/real restroom/track seating; Double = regional with same specialized areas; Supply = cargo/luggage/equipment + Equipment Steward work area/no passenger seating/restroom/kitchen; individual palettes/decals preserved.,No new combined visual is approved by this written correction. Re-entry requires one actual final artifact to pass the recursive gate.,2026-09-19
120,Visual Authority / Corpus Reconciliation — 756 Library Images,CURRENT CONTROLLED AUDIT / PRESERVE PROVENANCE,Approved Visual Authority 9-19 / Visual Corpus Audit / Drive Legacy Approved Visuals / Legacy Visuals,Founder recursive Mirror Review directive + full Library folder census,Prior review reported an incorrect 755-image count and treated some individual controlled sports visuals too broadly as quarantined. Full census verified 756 images: 524 model-generated / 232 non-generated.,Current Drive-approved/current-controlled exact artifacts are separately indexed; any other generated image remains review-draft/provenance unless an explicit current record grants authority. No artifact is deleted because it failed or was criticized.,The seven exact raw-source transfer gaps identified in the prior approved-visual recovery record were CLOSED 2026-09-20 by byte-for-byte Library-to-Drive transfer; source-evidence screenshots remain provenance only.,2026-09-19
121,Maryland Sales & Use Tax Internal Control — September 18,CURRENT CONTROLLED — NONVISUAL WORK WRITTEN FORWARD,Financial Control / Maryland transaction classification,Founder-directed work verified 2026-09-18,Current master predated the Maryland tax control and therefore omitted later nonvisual work from the review/database.,"Added AMW-NT 0%, AMW-IT 3% and AMW-6 6% internal classification references with transaction-specific qualification.",Does not replace transaction-specific legal/tax review where facts differ.,2026-09-19
122,Exact Visual Durability Recovery — September 20,CURRENT CONTROLLED — CORRECTION EXECUTED,Founder Save/Update control / ML-006 / ML-020 / ML-023 / Legacy Approved Visuals / Legacy Visuals / Library,"Founder challenged the implication that pre-September-19 saved work had been negated and directed recovery/showing of all saved/updated visuals, including items previously reported as missing.","Prior master still carried seven raw-source transfer gaps, Mini Drive-verification open, and Blazzing exact-file open even though recoverable exact sources existed.",Transferred seven exact raw sources from Library to Drive without regeneration; transferred Mini exact source; directly verified Blazzing exact saved Drive visual; retained all pre-September-19 saved/current artifacts and provenance.,Percy's Pitch remains Library-present/not Update-and-Saved; combined sports-fleet replacement remains non-controlling until separately approved/saved. No criticism or Mirror Review deletes prior work.,2026-09-20
123,Legacy Stabilization Launch — Single Source of Truth / Development Freeze,CURRENT CONTROLLED — STABILIZATION ACTIVE,ML-024 / Stabilization Control Center / Authority State Dictionary / Open Recovery Queue / current master / Library corpus,"Founder directive 2026-09-20 after repeated retrieval, cross-chat, visual-execution and continuity failures","The Legacy record remained vulnerable to duplicate masters, incomplete artifact authority mapping, repeated false-missing claims, visual authority/corpus conflation, and new development being layered on top of unresolved continuity failures.","Activated stabilization mode; designated one current master; preserved historical masters as provenance; separated corpus count from authority; created explicit authority-state dictionary, recovery queue and stabilization exit gates; froze new design/rendering development absent Founder release while leaving urgent business operations available.","Open work is now recovery/reconciliation, not recreation. No prior Founder Save/Update is negated by stabilization. Visual execution quarantine remains in force.",2026-09-20
124,Founder-Directed Operationalization — Funding + Priority Legacy Systems,CURRENT CONTROLLED — OPERATIONALIZATION EXECUTED,ML-023/024/025; Operationalization Register; Legacy Institutions; Pond Global Controls; Campus & Interior Control; fleet/manual registers; current visual authority,Founder prompt — 2026-09-21,"Stabilization had been applied too broadly and multiple Founder-directed systems remained labeled NOT OPERATIONAL or PERMANENT DRAFT despite the Founder now directing operational activation; funding also needed an explicit never-freeze override.","Activated Pond Global Standard; I AM A MASTERPIECE; Don't Run From Betterment; Imagine Aquarium Magic; O'DAY Fleet; permanent draft manuals; Pouring It Back In; Barclay's Oopsie Hospital; corrected current name to Make The Changes Recovery Village and activated it. Added ML-025 and funding continuity. Preserved all external licensing/commissioning stop-gates rather than falsely claiming legal/public opening.","Founder correction 2026-09-25: operationalization did NOT authorize new Aquarium rendering. Show = retrieve/display an existing saved/current-controlled artifact. No Aquarium visual remains open as a generation task; if exact interior source is not recovered, retain RECOVERY GAP. Barclay Oopsie uses the exact recovered source. Sports combined fleet remains quarantined.",2026-09-21
125,September 25 Re-Execution — Operationalization + Visual Show Boundary,CURRENT CONTROLLED — CORRECTIONS EXECUTED,Founder prompt 2026-09-25 / ML-023/024/025 / Founder Task-Scope Authority / current master / GitHub / Library / prior Mirror Reviews,Founder re-issued the operationalization prompt and required corrections only.,Operational releases already existed but stale cross-reference/governance rows still said NOT OPERATIONAL; Barclay's exact-source durability status was stale; Aquarium status required separation between generated/quarantined interiors and current-controlled authority.,Reconciled operational statuses across active tables; corrected Oopsie exact-source Drive verification; corrected Aquarium generated/quarantined status; preserved retrieval-only show boundary and did not generate a replacement; verified funding continuity remains active.,Aquarium current-controlled interior remains open under STAB-009; five generated interiors remain preserved provenance and cannot be substituted. All requested operational controls remain active with external activation gates separate.,2026-09-25
